drug,pearson,cmap
10-DEBC,-0.06860661512362395,-0.24431702278018527
1271738-62-5,-0.058273746565692404,0.1820961122444769
"16,16-dimethylprostaglandin-e2",0.017647644684110963,0.0
17-hydroxyprogesterone-caproate,-0.02931084417863451,0.2406853663177357
"2',5'-dideoxyadenosine",-0.009085190668669986,0.0
2-iminobiotin,0.05680742541581937,0.15876298882900514
2-methoxyestradiol,0.02354120941657903,-0.3156334747348615
"3,3'-diindolylmethane",0.04236796079749969,0.0
3-amino-benzamide,-0.0013503216522238414,0.22276339503903936
3-deazaadenosine,-0.022231935165944613,0.0
"4,5,6,7-tetrabromobenzotriazole",0.03599403140939349,0.3360597195555184
5-aminolevulinic-acid,0.038347678309791876,-0.16544705270032953
A-443654,-0.036136491696022746,0.0
A-66,-0.015904217953557287,-0.20030488457241136
A-769662,0.009155026958731214,0.0
ABT-202,-0.02941604851033687,0.0
ABT-239,0.005170263373875978,0.1903868925022404
ABT-724,-0.034557781343582145,0.2754821957404735
ABT-737,0.004536583300938213,-0.28417430909510977
ACY-1215,0.015158293482628793,0.0
AEE-788,0.011999529768191816,-0.24158411246769027
AGI-5198,0.0028701319288702808,-0.25939921666931
AGI-6780,-0.05912861142101344,-0.24588383703556263
AGK-2,-0.01503367169531995,-0.21316866434763682
AGP-103,-0.0025471215976814003,-0.2759322569952748
AICA-ribonucleotide,0.012471202923014723,0.0
AKT-inhibitor-1-2,-0.027443490716963483,-0.21506680197504
ALW-II-38-3,0.03177038112411814,0.0
ALW-II-49-7,-0.01905539087632769,0.0
ALX-5407,-0.039022999650502176,0.0
AM-24,-0.015082384031336882,-0.27686566382834754
AMD-11070,-0.09555592974542924,0.0
AMG-208,0.0005816612016308086,0.0
AMG-232,0.0028636696058465015,0.0
AMG-487,0.03033961287521086,-0.3132688911678243
AMG-517,0.011705995441469521,0.0
AMG-837,0.0025694476022642084,-0.23729159274385564
AP-26113,0.025714865709390272,0.23519144114139992
APD-668,0.028681823983811635,0.0
API-001,-0.02053371207341327,-0.26520285197311433
AR-A014418,0.005375508715451862,-0.29937439623834217
ARN-509,0.009681440113672902,-0.3639610998780755
ARP-101,-0.048073200371852094,-0.19352387902468454
ARRY-334543,-0.016510282872116575,0.0
AS-601245,-0.028418928438156025,0.0
AS-605240,0.02682365556581728,0.24343910161737717
AS-703026,-0.0027781531757848864,0.0
ASA-404,-0.006378121744012537,0.0
ASC-J9,0.02674400618101592,0.0
AST-1306,-0.0026474406243044866,0.0
AT-13387,0.013918097117622923,0.0
AT-7519,-0.03781091767800653,0.0
AT-9283,-0.011474963889824248,0.0
AT7867,-0.02603385692394764,-0.2129826599699224
ATN-161,0.04042473472538111,0.0
AV-412,-0.02069884481697619,0.1986566777125833
AV-608,0.005402626994761063,-0.2874893835053382
AVL-292,0.017652700002373567,0.0
AVN-944,0.023053651055664533,0.0
AZ-20,0.04230172561472474,0.0
AZ-628,0.010777668109176654,0.0
AZD-1208,-0.03360224264140658,0.21056164214336348
AZD-1480,-0.009355873234024018,-0.2730530005797416
AZD-1981,0.07301449178592066,0.0
AZD-2014,0.042077186012678146,0.19885910230758508
AZD-3514,0.0013701072860806862,0.0
AZD-4547,0.0015432755273214619,0.0
AZD-5363,0.002151969115268922,0.0
AZD-5438,-0.042089753294236004,0.12755300678063125
AZD-6482,0.0002938112696670067,0.18625396044932566
AZD-7545,0.023121263759737453,-0.2239561138745666
AZD-7687,-0.011712843903850096,0.0
AZD-7762,-0.016905405047726803,0.17682407840149605
AZD-8055,0.04569299999202668,0.0
AZD-8330,-0.0002244162808516406,0.0
AZD-8931,-0.01669105291935233,0.0
AZD-9668,-0.06210558266430314,-0.2276648668005372
BAY-87-2243,0.05612687313699985,0.15594602633645482
BAY-K8644,0.002704655350643402,-0.25971202625145295
BCI-540,0.01995928291990361,-0.2595689200348952
BGT-226,0.059038921444309944,0.0
BI-2536,0.0008453497582126156,0.0
BIBX-1382,-0.025063207290809016,0.23409242417944173
BIIB-021,0.00995094312669463,0.2314028098384976
BIX-01294,-0.02362980399967892,0.0
BIX-01338,0.014313453488968966,0.0
BIX-02189,-0.0032226623536039944,0.0
BMS-299897,-0.023309647707802878,0.0
BMS-345541,-0.04016773874507795,-0.318597980909559
BMS-387032,-0.054711416129378077,0.0
BMS-509744,0.010454577486438155,0.23478185375780297
BMS-599626,-0.030598523718527386,0.0
BMS-707035,-0.07331414640999889,0.0
BMS-777607,-0.004400349728271029,0.0
BMS-927711,-0.00875901991366746,0.2879017512659343
BMY-14802,-0.039588316214260275,0.0
BRD-K68548958,-0.03167178748383556,0.0
BRD-K73261812,0.01240610732566573,-0.12946197718806868
BS-181,-0.0009576666786785673,0.19128054271455383
BTS-54505,-0.03207458419390996,0.0
BVD-523,-0.026898618231240883,0.0
BX-795,-0.0436228479230624,0.14122047191088127
BX-912,-0.05069191425338893,0.0
CB-10-277-(free-acid),0.024224890496421844,-0.2092103691050412
CC-401,-0.05237572294257165,-0.19611612247910137
CC-930,-0.03833358395667914,0.30725750787978123
CEP-32496,0.029404522549487055,0.0
CEP-37440,-0.005423091278297931,0.20674134039133693
CG-930,0.03403225496334537,0.0
CGK-733,0.013472158139841086,-0.31447121330799704
CGP-12177,0.0539329572684738,0.0
CGP-60474,-0.027125569470811968,0.0
CGS-20625,-0.04641695567069899,0.0
CHIR-99021,-0.021399582625204274,-0.12933017165453253
CI-966,-0.07672500731897317,-0.26921042946512963
CI-976,-0.029852529503839063,0.0
CL-218872,0.025357919261755374,-0.2579186712786224
CNQX,0.022574810059073986,-0.25255096217114725
CO-102862,-0.01820905351664997,-0.21174413366752529
CP-466722,-0.001145751680716028,-0.25853720055634866
CP-724714,0.051478898445840124,-0.24918998937221248
CP-945598,-0.06915699794953986,0.2516015371727931
CPI-1189,-0.08938632103452547,0.14639206638322957
CPI-613,-0.021449983425284383,0.0
CT-7758,-0.029950288552809172,0.28243953575250985
CTB,0.03883894216022727,-0.20207341105853766
CTS-1027,-0.008388538963375602,-0.1448622482775266
CX-4945,-0.055689106398723216,0.0
CX-516,0.04533417137007067,0.0
CX-5461,0.014356442109124064,-0.236383621690902
CYT-997,0.052979461887043756,0.0
CYT387,-0.017694142346405567,-0.22924210362990924
D-4476,-0.016527047659895135,-0.1854404408231527
D-serine,-0.0331949941725024,0.0
DMP-543,-0.038621558833875545,-0.24117645887965128
DMP-777,-0.004504106371201533,-0.18705884818658025
DPCPX,0.02114994002062077,0.2254343359706083
DPI-201106,0.04049120034581258,-0.2617182675685878
DU-728,-0.05331874917956494,-0.22857982441459493
E-2012,-0.02380616558693481,0.0
EMD-1214063,0.0019301869119784138,0.0
EMD-53998,-0.08465547761460468,0.33360345847884615
ENMD-2076,0.019484701593145925,0.2296857523052839
EPZ-005687,0.03788186148953991,0.0
EVP-6124,-0.02521951231694913,0.26174378823085676
EX-527,-0.004563472250336572,0.0
FK-866,-0.035265588524275804,0.0
FK-888,0.07344119106785668,0.0
FPL-55712,0.024299729731642784,-0.25392359621820676
FPL-62064,-0.028281850263343886,0.2087323872178295
FR-180204,0.008049832692098144,-0.17065288727206707
GDC-0068,0.019894878148394635,-0.19668789225227346
GDC-0152,-0.05554980936393683,0.0
GDC-0834,0.006711110504921474,0.0
GDC-0879,0.024267191472884163,0.0
GDC-0941,-0.0025992933090275678,0.21426340390589627
GDC-0980,0.011911494620090042,0.0
GNF-2,-0.002855814032122245,-0.2621380098271331
GSK-1059615,0.03113337731157899,0.0
GSK-1070916,0.03798536361920232,0.0
GSK-1292263,0.04742105094484539,0.0
GSK-1904529A,-0.02480713895340846,-0.21885488289411173
GSK-2110183,0.021183244941376543,0.0
GSK-2126458,0.029261124646750094,0.0
GSK-2334470,0.026016072446707016,-0.21317366387907283
GSK-256066,0.022859199332338074,0.0
GSK-2636771,-0.01940050931499089,-0.2213332270278541
GSK-3-inhibitor-II,0.01231378217062683,0.0
GSK-429286A,0.02363044225913488,-0.2680958617257362
GSK-461364,0.041996791620486404,0.0
GSK-690693,0.011814477145290533,-0.330038703213709
GSK-923295,-0.010762879798722012,-0.3893992834628379
GSK-J1,0.0009560746317729974,0.0
GSK-J2,0.046664275180414605,0.0
GSK-J4,-0.010582458675142157,-0.21832765549089792
GW-5074,0.02773310747743827,0.0
GW-842166,0.019719644073098713,0.0
GW-843682X,0.038570070399394106,-0.25396325926364627
Gossypetin,0.004330834848830926,0.0
HC-030031,0.00993851741944764,0.0
HG-14-10-04,0.010237223920517303,0.0
HG-5-113-01,-0.009932244981540364,-0.2631408971681782
HG-5-88-01,0.03607310143419437,-0.33905521505786423
HG-6-64-01,-0.03355105284354695,0.0
HG-9-91-01,-0.003966901376460602,0.0
HMN-214,0.04561045344987601,-0.2456104600936551
I-BET-151,0.029849390092537446,0.0
I-BET-762,0.04410061627407056,0.0
IB-MECA,0.026786104028171474,0.2261495457645697
ICI-162846,-0.08592792608493774,0.0
"ICI-185,282",0.06990083759371403,-0.2909125600548378
ICI-192605,0.00818478442867419,-0.2320468742381332
IKK-2-inhibitor-V,0.04090848326925019,-0.19847395866133505
IKK-inhibitor-X,-0.046655544286634,0.20885490746011615
IOWH-032,-0.0017307936843513083,-0.1552341100336811
IOX2,-0.010609740046034296,-0.22185303046850519
IPI-145,0.013240534514729832,0.0
JNJ-26481585,-0.02596835274730133,0.15534862495045118
JNJ-38877605,-0.04602444387511229,-0.20783896387959652
JNK-9L,-0.051169563683082946,0.0
JNK-IN-5A,0.01493061224234817,0.0
JQ1-(+),0.02062165532307517,0.12883675737786654
JQ1-(-),0.019716640893078792,-0.21011470213002903
JTC-801,-0.030320398872142447,0.0
JTE-907,-0.0845947670016917,0.0
JW-7-24-1,0.04180929675412447,0.0
JW55,-0.009558690347474785,0.0
JWE-035,0.048152390679058577,0.0
KBG,0.02191323056182108,0.0
KD-023,0.023193762741353187,-0.2143607773013971
KD-025,0.027605853181038725,-0.23144141932056733
KI-20227,0.023768727926594936,-0.21742683755957992
KIN001-043,-0.00212243536044115,0.0
KIN001-055,0.05375562075456022,-0.23639341019858492
KIN001-127,0.05953265229703886,-0.216785353962697
KIN001-242,-0.021055009042496752,-0.23493804979384803
KIN001-244,0.01872461296239458,-0.21610267307347675
KIN001-260,-0.07716096658669369,0.23631410952792584
KIN001-266,-0.025255752205824347,0.0
KIN001-269,-0.06325721923633697,0.0
KIN001-270,-0.024591303892770852,0.0
KN-62,-0.002445010305021605,0.3095409183091007
KN-93,0.08380848610840508,-0.11823406208184879
KU-55933,-0.003324871734304175,0.0
KU-60019,0.020813753110863496,0.0
KW-2449,0.061548292071316756,-0.2013056600495611
KW-2478,0.018335250529982042,0.0
KX2-391,0.05506192443234665,0.0
L-655240,-0.0369393246275217,0.0
L-690330,-0.08438437643947817,0.0
L-NAME,-0.018657828752522115,0.0
L-citrulline,0.024154354682689772,-0.3259111329784874
L-ergothioneine,0.04985390413927091,0.20427089004435833
LCL-161,0.011775286998449251,0.0
LCQ-908,0.03225065633269458,-0.1753764339673436
LDN-193189,-0.006306856493428169,-0.3025362673706888
LGX-818,0.009474352393415675,0.1963330525751489
LX-1031,-0.029639558712990777,0.0
LXR-623,-0.025984658258166357,0.0
LY-2090314,-0.007112534841955998,0.0
LY-215490,-0.059770692426121264,0.0
LY-2157299,-0.017998131187125375,0.0
LY-2228820,0.019437216036586085,0.3066158959707235
LY-2334737,-0.03957660630423228,-0.18496610618401277
LY-2603618,0.013240595264024461,-0.15320942010389632
LY-2784544,-0.038798144094252515,0.2799823702725751
LY-2801653,0.01619548475521302,0.0
LY-2811376,0.020154803923671846,-0.22374886496895002
LY-2874455,-0.013892090489004102,0.0
LY-2886721,-0.07428296077737294,0.0
LY-294002,-0.039862019376286514,0.19472830942512404
MBX-2982,0.010424861839657577,-0.2421350927931819
MC1568,-0.05720825796313424,0.0
MD-920,-0.036870471610657415,0.0
MDL-73005EF,0.01373730647881076,0.39981329818391
MF-101,-0.024008102247379967,0.0
MG-132,0.01821046386919727,0.0
MGCD-265,-0.015710070378929634,-0.18240840531654945
MK-0752,0.05007204884447095,0.13768660331403773
MK-0773,-0.056378191208334774,0.0
MK-0812,0.00783250721537638,-0.20176815257056183
MK-0893,-0.00968049410465073,0.23879125760180792
MK-1775,0.00011767974435104114,-0.26463162355453845
MK-2206,0.025567541440132298,0.0
MK-2461,-0.010999631148507308,0.0
MK-3207,-0.03434501930203912,-0.1856944260272537
MK-5108,0.02979047474143355,0.0
MK-8033,-0.05585824113104398,-0.174705898818608
MK-8245,-0.058442614260845356,0.0
MLN-0128,0.04865257277644806,0.0
MLN-2480,-0.08428145802958091,0.0
MLN-8054,-0.005670502605068683,-0.1735035479501182
N6022,0.08180646050580732,0.0
NF-449,-0.03590544343845619,0.0
NMS-1286937,0.06568858031111441,-0.256562849355074
NPK76-II-72-1,0.01748390893693579,-0.28077067989333065
NSC-4644,-0.03069978932642202,0.17614469434907104
NSI-189,-0.03809050632351853,0.0
NU-7026,-0.037266689571531994,0.0
NU-7441,0.02077284329805509,0.0
NVP-AEW541,-0.02634391384865405,-0.22927758278050447
NVP-AUY922,-0.011600247272926854,0.0
NVP-BEZ235,0.025649994468139953,0.0
NVP-BGJ398,0.013674039647561996,-0.16597644004534529
NVP-BHG712,0.010297729001961603,0.0
NVP-DPP728,0.03353376472877604,0.0
NVP-TAE226,0.011532916420219695,-0.1880748416451249
NVP-TAE684,0.0022829020820936776,-0.3445387289629069
NXY-059,-0.045327381654112334,0.0
O6-benzylguanine,0.009126194313886478,-0.24312375800025227
OCO-1112,0.015658673124205574,0.0
ORE-1001,-0.08937768557442433,0.0
ORG-9768,-0.055295254303373925,-0.30960632380986364
OSI-027,0.043711802963049426,0.0
OSI-930,-0.04628084408592187,0.0
OTS-167,-0.014074577195568023,0.0
PA-824,-0.08914298337680167,0.0
PCA-4248,-0.010232893937201294,-0.18866817563947158
PCI-24781,0.010901200280464185,0.0
PD-0325901,0.031452132569316185,0.0
PD-123319,-0.02309507950931827,-0.2245566944714069
PD-153035,0.01589665175648522,0.29188411404847014
PD-173074,-0.00155584099653707,-0.26021927341064915
PD-184352,0.010375051389787528,0.0
PF-02545920,-0.04684219107812691,0.1875764256055338
PF-03084014,-0.02511886668053408,0.2911864941761988
PF-03758309,0.006508449552583919,0.0
PF-03814735,-0.023546237329789492,0.18692447150477684
PF-04136309,0.035243305875225665,-0.2606305505710961
PF-04217903,0.003957133148050474,-0.2263132658955168
PF-04447943,-0.015685181484418217,0.20977721408361938
PF-04457845,-0.024408047023232776,0.0
PF-04620110,0.011905376042988277,-0.28511318895160137
PF-04691502,0.006618711921197078,0.18934932204189303
PF-431396,-0.06975762361603494,0.0
PF-477736,-0.023291251660989453,-0.21822512438844172
PF-562271,-0.06667513492388745,-0.40514544987408657
PF-573228,-0.0036223925184747634,0.0
PFI-1,0.041808257503073695,-0.20228443708741545
PH-797804,-0.0086755192523503,0.0
PHA-665752,0.012548079969112152,-0.2863388592246202
PHA-767491,-0.00546187022500026,0.20220171848886193
PHA-793887,-0.030285337425810525,0.27649016225711115
PHA-848125,0.02236724668208966,-0.18218649461327058
PI-103,0.013514625759388013,0.0
PIK-93,0.005488213350618357,-0.20213977299406127
PK-11195,-0.05850533698112603,0.0
PKI-179,0.06418328302131955,0.0
PLX-4720,-0.004551113506686038,-0.2217121725844103
PRX-08066,0.019322635943623243,-0.27662203918948713
PS-178990,-0.02148952172032195,-0.18557340374610204
PSI-6130,-0.07097462824380547,0.2690243056674668
PSI-7976,-0.04165687194616569,0.0
PX-12,0.018063198223264517,0.1478221528243618
QL-X-138,0.03556112078374359,0.0
QL-XI-92,-0.045453955321294766,0.19544000928912136
QL-XII-47,0.03897585078271833,0.0
R-428,0.016109844965781214,-0.2514740652193661
R-547,-0.008726371745786674,0.0
RAF-265,-0.011488280632626446,-0.2519757356196493
REV-5901,-0.06617786454168988,0.25666071450965094
RG-108,-0.013119137713160525,0.0
RG-2833,-0.006238252411326222,-0.21562584853039263
RG-4733,-0.023927164247295594,0.0
RGFP-966,0.01752214411108488,0.21028402674046828
RHO-kinase-inhibitor-III[rockout],-0.01752129253989162,-0.29024548321994426
RS-127445,-0.05627686202919779,-0.16031262144867242
RU-58841,0.023261367942614564,-0.2813191835857076
Ro-4987655,-0.0105108136498597,0.0
S-18986,-0.026146423027965132,-0.25026410305322616
S-ruxolitinib,0.035520407398408574,0.0
SAR-245408,0.019335470703982192,-0.26766278172413777
SAR-245409,-0.03218794823558264,-0.24754272242115333
SB-203580,-0.03872248022839941,0.194752568203463
SB-216763,-0.02689528385874705,0.0
SB-239063,0.011527431931893416,0.0
SB-242235,0.024561574824485427,0.0
SB-271046,-0.032786544487536706,0.0
SB-525334,0.0030998685568071446,-0.18046506021109543
SB-590885,-0.019917795016364162,-0.18648779741218685
SB-683698,-0.06753339151993454,-0.24894219241377474
SB-705498,0.0743709731032413,0.0
SB-743921,0.05038103846262423,0.0
SB-756050,-0.04814401952841934,0.0
SB-939,-0.025356487230501025,0.15292624704988486
SC-12267,-0.09622182473659964,0.22328071468812993
SCH-28080,-0.028005598652722577,0.0
SDZ-NKT-343,-0.03913554846913946,0.15701515554670992
SEP-227900,-0.013520303628350426,0.2106982949286414
SGI-1776,0.0049776388494592065,-0.15479187945602726
SGX523,-0.017294817652710057,0.0
SK&F-10047-(+),-0.0498614820558675,0.3158946405600916
SN-38,0.0008116137910184067,0.0
SNX-2112,0.0061037698053411716,0.23259889142400167
SR-2640,-0.052418928856313066,0.0
SR-27897,-0.05685246449396196,0.0
SR-33805,-0.10464713371153385,0.0
SR-57227A,-0.008220576153518226,-0.16109760736998963
ST-1859,0.01703591476724353,0.0
STA-5326,0.01354459592987904,0.0
SU-014813,-0.048704679932468006,0.0
SU-11274,-0.014602639270132833,-0.23900102531102108
SU-11652,-0.036456609955430985,-0.3048636454446928
SYK-inhibitor,-0.008786722936786936,-0.23928833581574627
T-5224,-0.029665902610599624,0.0
TAK-285,0.05476525144632861,0.2891071241539514
TAK-715,-0.010085451842713138,0.21007528691730581
TAK-733,-0.018470282908358525,-0.22987177443426382
TAK-875,0.006467167848175895,0.0
TAS-103,-2.0636926849887414e-05,0.26328140161845714
TG-100115,-0.05951371679529111,0.0
TG-100801,0.0007090912275311302,0.0
TG-101348,-0.01801006742774635,0.0
TGX-221,-0.04155597282405628,0.0
TH-302,-0.024910367928650572,-0.22398581436654902
THZ-2-98-01,0.0035737667091502237,-0.2237324447520816
TIC10,-0.004325361236776847,-0.20293830419585135
TPCA-1,0.002336482935767891,-0.2413113676936422
TTNPB,-0.024394900561377945,-0.1987173376432634
TWS-119,-0.06493761537940707,0.23394144356293284
UK-383367,-0.0032139896228336362,0.0
UNC-0321,0.01003786559533282,0.0
UNC-0638,-0.022144143305807825,0.0
UNC-1215,-0.03662386656163905,-0.18398432935878167
UNC-669,0.04044085605522602,-0.28043251881765796
VE-821,0.027410552415368886,0.0
VE-822,-0.006869480131513819,0.21995207880231188
VGX-1027,-0.027314703306563683,0.0
VP-20629,0.060439280688784444,-0.275066561416338
VT-464,-0.011758358653121316,0.0
VTP-27999,-0.06504165186047926,0.0
VX-222,0.05544323923581166,0.0
VX-661,0.005711010145746095,0.0
VX-745,-0.048149517658960396,0.258054132000323
VX-765,-0.05765172900696897,0.0
WAY-362450,-0.05870628834940236,-0.31943301338226504
WH-4-025,-0.017646334158609205,0.33054841870485074
WYE-125132,0.048140567496532234,0.0
WZ-3105,-0.03796252994198348,0.0
WZ-4-145,0.017577755173561974,0.0
WZ-4002,-0.04031300688750856,-0.23024145684481923
WZ-7043,0.042785620597426015,-0.22975194298797208
XBD-173,-0.042193918146246005,0.20115611892997265
XL-147,0.0031558884016529257,0.0
XL-888,0.010280781202562058,0.0
XMD-1150,0.002251455514957812,0.16966466356022397
XMD-1499,0.033073300908392896,-0.28882800854791074
XMD-16144,-0.021897922433298828,0.22908120690090417
XMD-885,0.017096202350402545,0.0
XMD-892,0.033550540795429955,0.0
XMD11-85H,0.007401828035278586,0.0
Y-26763,-0.0762438163512222,0.2007521479631374
Y-27152,-0.021294975633860777,-0.19356467270814617
Y-27632,-0.004791105814420334,-0.25738302925494766
Y-39983,0.007942454416009641,0.0
YM-155,0.01768343487158574,-0.205928735602105
YM-201636,0.005737918888562611,0.0
YM-976,0.029644261007971625,-0.31156758337092577
Z160,0.006997054460404297,-0.17103546661238694
ZD-7114,0.00018449378828080826,0.0
ZD-7288,0.021545251802815354,0.2694122820734818
ZK-200775,0.007670861990808114,0.23201056087513006
ZK-811752,0.03205686051041035,-0.24793947747350517
ZK-93423,0.030327729102274534,0.0
ZK-93426,0.011483437302228654,-0.20552899065427327
ZM-447439,0.03619893679472549,-0.25095846562270113
ZSTK-474,0.006366377278229217,-0.16332385699306395
abacavir,0.007984207365742587,0.0
abiraterone-acetate,0.007611812185403331,0.0
acarbose,0.03743121712030005,0.0
acebutolol,-0.02546565027202791,-0.26233243730964606
acecainide,-0.0500165182080375,0.0
acenocoumarol,-0.0033307133211539575,0.0
acetazolamide,-0.11058581324750938,0.0
acetylcysteine,-0.061637743742017775,-0.21849868711491635
acexamic-acid,-0.036134934770467635,-0.23808927929811757
acifran,0.0015672023345003592,-0.30051495069078105
acipimox,-0.041090939929015025,0.0
acivicin,0.007940314325102999,-0.19808156926312828
aclidinium,0.027106092629249647,0.2886730122570883
acrivastine,0.02043685549429271,0.2401095804456005
actarit,-0.0758076190287198,0.0
acyclovir,-0.011747214776187608,0.0
adapalene,-0.057795092068355466,-0.2273260874045989
adarotene,0.0009184763555700508,0.0
adatanserin,-0.033042854422870443,-0.25485348111943684
adenosine,0.05948676632944986,0.0
adoprazine,-0.0016332026747494935,0.0
afatinib,-0.041656354295778096,0.2673325221059665
afloqualone,0.011497901546752462,0.0
agomelatine,-0.039729473141253566,0.0
alagebrium,-0.00016298933068771904,-0.24188126367091545
alaproclate,-0.07167448473881195,0.0
albendazole,0.07693910934208983,0.0
alectinib,-0.009246240514047589,0.0
alisertib,0.020239885223293345,0.0
aliskiren,0.015041305803146348,-0.29005245566855187
alizapride,-0.08234108424320881,-0.2277651305320067
allopurinol,-0.03896802698033315,0.19795365749329047
almitrine,-0.0033061663903615414,0.0
almorexant,-0.044894623243148954,-0.19233293176814875
alpelisib,0.0013441633488646412,0.22455632446025212
alprostadil,9.24643704998294e-05,-0.29110509926262806
altanserin,0.019512443208812846,-0.20365414406222132
altrenogest,-0.029240289946383856,0.0
altretamine,-0.06427879321559159,-0.1898057869868079
alvespimycin,0.0215074091642723,0.0
alvimopan,-0.04165494796649051,0.0
alvocidib,-0.03202736517344391,0.0
amantadine,-0.02485480465445409,0.0
ambrisentan,0.03403042652127084,-0.2176013127729583
ambroxol,-0.03009201044961359,0.2773550754433585
amcinonide,0.003831608577698623,-0.42609762722019184
amfepramone,-0.013809096841949602,-0.2608055416577761
amikacin,0.049221639543708486,0.0
amiloride,0.013973251494551638,-0.23148717494102217
amineptine,-0.032533398764766144,0.0
aminocaproic-acid,-0.010707367087390987,-0.1994480556988818
aminoglutethimide,0.045517250358799034,-0.14785691002289242
aminoguanidine,-0.007740062535465155,0.0
aminosalicylic-acid,0.09001230859110282,0.0
amiodarone,-0.0005034002897705938,0.0
amiprilose,-0.016488499451230623,-0.2759973945901766
amitifadine,-0.046461176615361845,-0.29710256516646605
amitriptyline,0.014814273878288878,-0.3083009959645306
amlexanox,0.0012291577333601274,0.0
amlodipine,0.0210581503914877,-0.2933508661394853
ammonium-glycyrrhizinate,-0.07920438088344056,0.0
amodiaquine,0.007016897040021222,-0.300085508076792
amonafide,-0.009202823049362504,0.0
amoxapine,-0.028219432150776384,-0.24964205440493087
ampalex,-0.0031875935713534115,0.0
amrinone,-0.030053713051209362,0.0
amsacrine,-0.006905613219234933,0.0
amtolmetin-guacil,-0.07995025106255502,0.21136635988127828
amuvatinib,-0.005632283357205606,-0.2725616816794367
anacardic-acid,-0.014553905868949751,0.0
anacetrapib,-0.004715116733815937,0.0
anagrelide,0.0621993629284537,-0.2466106544221136
anamorelin,-0.01943878688248705,-0.27515388127047113
anandamide,-0.062079372050919526,-0.24891014673085596
anastrozole,0.018669397215495324,-0.21422651570338963
andarine,-0.024079301646321265,0.0
andrographolide,-0.0312611488273809,0.0
anecortave-acetate,-0.0070114494336462226,-0.22115349466856066
anidulafungin,-0.03419889835299005,0.0
aniracetam,-0.019226630213982833,0.0
anisodamine,-0.03523694159317965,0.17878990479239817
apabetalone,-0.021926021723247893,-0.2845862231926648
apafant,0.07499490153924505,-0.2492734144225885
aphidicolin,-0.006283920841910598,0.2310220661421048
apixaban,-0.005956940932137392,-0.24728851726392453
apocynin,0.02408169912457375,0.0
apremilast,-0.02575713969097891,0.0
aprepitant,-0.06757481486192864,0.0
arbutin,0.030266410985829224,-0.17603654174072528
argatroban,0.004907011036354645,-0.16169951151592737
arglabin,-0.005069986563133284,-0.2860903388250282
aripiprazole,0.022018563205414253,0.0
armodafinil,-0.06490614041472051,0.0
arofylline,0.021639668164850297,0.0
artesunate,0.0037410223403092093,-0.30337696555814353
asenapine,0.04754020017311595,-0.2780675053418222
aspirin,-0.016220811472415345,0.0
asymmetrical-dimethylarginine,-0.021017880538657684,0.0
ataluren,-0.016389151745781292,0.0
atenolol-(+/-),0.042512063246308046,-0.15842931650403308
atipamezole,-0.015646252694870938,0.0
atomoxetine,-0.0163135938764878,-0.1897205194726238
atorvastatin,0.022126941345892607,-0.23448269524252177
atovaquone,-0.027000314007491224,-0.26150703044870005
atracurium,-0.02528041920392936,0.0
atrasentan,0.0042190728514539776,0.0
aurora-a-inhibitor-i,-0.02901562928712952,0.28625402257060156
avagacestat,-0.013651648064781391,0.24883191386803316
avanafil,-0.03352033532238546,-0.21538793063698558
avasimibe,0.015429990016684342,0.22408091294986368
azacitidine,0.03384595610268855,-0.29929403393079346
azathioprine,-0.027701210181725326,0.0
azelaic-acid,-0.07254952869371832,-0.2575582611101386
azelastine,-0.03303405099209381,0.0
azithromycin,0.03524099825855715,0.0
bafilomycin a1,0.021621943408511812,0.0
baicalin,-0.05367377356148505,0.0
balaglitazone,0.026588969665181168,0.0
balapiravir,-0.014674261736450738,0.0
balicatib,0.03724412765912827,0.2928401992291515
balsalazide,-0.039838135903792586,-0.34571992475049734
bambuterol,0.035352175989716565,-0.1990730985737811
barasertib,0.023679546242300325,-0.269585556052682
barasertib-HQPA,-0.006306023924071321,-0.24966467891637859
bardoxolone-methyl,0.0392287427876767,-0.31612809078549686
baricitinib,-0.021683270041901497,-0.19422123408499248
basimglurant,-0.04290926021131632,0.0
batimastat,0.003950566079025228,0.24481392421355394
bavisant,-0.02369981598968569,0.0
bazedoxifene,0.025004795740259746,-0.22784058939368865
beclomethasone-dipropionate,0.007004400001258186,0.0
belinostat,-0.014264284958335042,0.16405187885486094
bemegride,-0.04908051958052427,0.0
benazepril,0.0015808025137879907,-0.22529987002799323
bendamustine,0.015918058074295794,0.2362535173099255
bendroflumethiazide,-0.01914265736722729,0.0
benfluorex,-0.008456783282445143,-0.24840819447374568
benzamil,-0.03314106702229394,0.0
benzbromarone,0.039435917937464746,0.0
benzotript,-0.05585520977358918,0.20617542898480268
benzthiazide,-0.015070851451684533,-0.16785174889636673
benzydamine,-0.028147434438889098,0.26383753683437083
benzylpenicillin,-0.030797227657113665,0.0
bepotastine,-0.032266349017637454,0.15554801460321632
berberine,0.004118229243318065,0.0
betahistine,0.02748553444429795,0.0
betrixaban,-0.03444077098715491,0.18713896796529383
betulinic-acid,0.024500893430701276,0.0
bevirimat-dimeglumine,0.014776254805547472,0.0
bexarotene,-0.022876157393364124,0.3038279412428566
bezafibrate,-0.03005711359710262,0.0
bicalutamide,0.02905228137701962,-0.24861256401193188
bifemelane,0.08252401074456346,0.2656755140991288
bifonazole,0.012704366325483066,-0.1531152627680704
bimatoprost,-0.041941499385087684,0.1858440104033533
bindarit,-0.06603341245886786,0.0
binimetinib,-0.01668428984096977,0.0
biperiden,0.014362989313606212,-0.19699304127846237
birinapant,0.0048399174156418655,-0.20484300126636637
bisindolylmaleimide,-0.022935275050409702,-0.20568394655536068
bisoprolol,-0.06092363711873657,0.0
bitopertin,-0.0013112569930760387,-0.23598932527047295
blonanserin,0.025237428658218517,-0.18309478975157434
bms-906024,0.026479895174096223,0.22323802873883386
bopindolol,-0.07757688541902796,0.19813719067789884
bortezomib,0.01090360587670477,-0.17406499346402443
bosentan,-0.0530701673436734,0.0
bosutinib,-0.00791346976321971,0.0
brequinar,-0.005522568639776508,-0.24155749554478723
bretazenil,0.017102205178435668,-0.35562022285738704
brexpiprazole,0.010190618928087047,0.0
brivanib,-0.036821112112512135,0.16340279703992416
brivudine,-0.01570076084579044,-0.2350876759487731
bromocriptine,-0.006629552687415716,-0.21972100626050123
bropirimine,0.006929935098224249,0.0
broxuridine,0.0063095219980894785,0.0
bruceantin,0.040355392771265056,0.0
bucladesine,0.022904313211356327,0.2285457290325033
budipine,0.017741250700541798,0.21362198104236987
buflomedil,-0.003341934800430901,-0.2603935447606063
bumetanide,-0.07845739574478233,0.0
buparlisib,0.015373203554796823,0.0
bupivacaine,0.013313203876512013,-0.2660247221739859
bupropion,0.016162604587955237,-0.3390256241404451
buspirone,-0.032749345309130186,0.0
busulfan,-0.04392995562633612,0.0
butaclamol,-0.027948400473977578,0.0
butoconazole,0.02880613815942847,0.0
butorphanol-(+)-tartrate,-0.03517299648543454,0.0
cabazitaxel,0.018786544983583245,0.0
cabergoline,-0.0003063357479311748,0.28261264926097385
cabozantinib,-0.0037488737877660774,0.17835285666420642
caffeine,-0.03822314813925603,-0.2653794211564536
calcitriol,0.07206624520014744,-0.283090202685795
calpain inhibitor ii,-0.010923480167666092,0.0
calpeptin,-0.04426631654556119,0.0
camicinal,-0.07764508656681367,0.0
camostat-mesilate,0.020680102156217354,0.0
camptothecin,-0.012934555128633481,0.0
canagliflozin,-0.010011253736741508,-0.24928786996469376
candesartan,-0.03266754278645875,0.0
canertinib,-0.040794358840717186,0.2257062444492739
capecitabine,0.007900194883964146,-0.2752204252367354
capsaicin,-0.025024053265427497,-0.19930955294192437
carbachol,-0.05657297606869048,0.0
carbamazepine,-0.0065133305733992165,0.0
carbenoxolone,-0.0838645643335892,0.0
carbimazole,-0.05692533334291905,0.0
carfilzomib,0.023114602957013147,0.0
carglumic-acid,-0.024424297003011974,0.19344707462653427
cariporide,0.005203185423167102,-0.3639878627365243
cariprazine,0.022764592585730343,-0.1986512163719314
carisoprodol,-0.003050918357852478,-0.18997310662603134
carprofen,0.01969995080157516,-0.22172607868074265
carvedilol,-0.07256401481477033,0.0
castanospermine,-0.01987161733186123,0.0
cediranib,-0.02923632260724883,0.251302593330382
cefdinir,0.01498451117731826,0.0
cefepime,-0.03126359298255784,0.0
cefoperazone,-0.007942166186347454,-0.35251772470475895
cefotetan,-0.0005218458841107463,0.0
cefozopran,-0.04224973399696643,0.0
celastrol,0.0005577454060834302,-0.18237420391335307
celecoxib,-0.025357234147720613,-0.26787257414516996
cepharanthine,0.003090236573738282,0.0
cevimeline,-0.04307182017798999,0.0
chelerythrine,-0.008032944242374888,-0.2789081788361358
chenodiol,0.03219283960791759,0.0
chlorambucil,-0.031620937554469715,-0.24229827625064634
chloramphenicol,-0.0550677453679269,-0.211759379696587
chlormezanone,-0.026583078332860884,0.0
chloroquine,-0.02689782806284627,-0.24578199598091943
chloroxine,0.00496652540943685,-0.2199886328926718
chlorphenamine,0.02150132287149137,-0.18805562498316566
chlorpromazine,0.036190926348243745,-0.25700128114447607
chlorpropamide,-0.000453702147812749,0.18478784568092227
chlorprothixene,-0.011492308187023546,-0.26984583782388594
chlorthalidone,-0.03990376316410391,0.2922862037554946
cholic-acid,-0.08439634888259041,0.0
choline-alfoscerate,-0.004961391242929434,0.18214713283815437
chrysin,-0.017677392524407802,-0.17300854575236319
cianidanol,0.007456294727534733,-0.18356282837622145
ciclesonide,-0.012009947661033362,-0.2279064576188341
ciglitazone,0.015391298705378859,-0.2025183757536222
cilengitide,0.011050393679526666,0.0
cilomilast,0.005314345043693095,-0.21934589193348014
cilostazol,-0.04585839541188523,0.0
cimetidine,-0.08367626007635011,0.0
cinaciguat,-0.006973339854877689,0.0
cinepazide,-0.027355313493771263,-0.2621173093456971
cinnarizine,-0.00833667856660475,-0.20693901563871003
cinoxacin,-0.014134674020701649,-0.32120092600475264
ciprofloxacin,-0.023376747600081883,-0.38809456723758284
cisapride,0.027783626953414527,-0.26979962804835156
citalopram,0.020123913293129344,-0.18316781630811826
cladribine,0.013639226273731368,0.0
clarithromycin,0.006900335647295388,0.0
clemizole,-0.04501030180999334,-0.2352523963610593
clenbuterol,-0.0008164565246197132,0.0
climbazole,-0.029039804081435958,0.3169303220105921
clinafloxacin,-0.0037426833765636137,-0.2590825519331474
clindamycin,-0.019207076164442352,0.19028179111303734
clinofibrate,0.015826772856155885,-0.3500293345430792
clioquinol,-0.02326046981618512,0.0
clobetasol,0.00782041381919463,-0.2756596670579793
clofarabine,0.034248183299354154,-0.23661445515854282
clofazimine,0.011022725369664433,0.1495080488700402
clofibrate,-0.07272321005139294,0.18456960310103546
clofibric-acid,0.08547316052346844,0.0
clofoctol,0.021024032768587463,-0.324431749147726
clomethiazole,-0.019939980227831604,0.22743353203917238
clomifene,-0.03920625957248961,-0.21299135531514346
clomipramine,-0.022500114358118682,-0.29012607526305356
clonazepam,0.0015513018253102153,-0.3082319323736017
clonidine,-0.01026482898655229,0.0
closantel,-0.009054539632353358,-0.3330282115417864
clotrimazole,0.05853023120690986,0.0
clozapine,0.0010930896013740176,0.2772713856362726
cobicistat,-0.02930288650394704,-0.21797219917988908
cobimetinib,-0.027791060537620267,0.0
colchicine,0.04698911973992168,-0.3214705786623798
colforsin-daproate,0.03316177948414982,0.0
combretastatin-A-4,0.07319750215701352,0.0
compound e,0.00727921210669233,0.2581544369490517
conivaptan,0.015593651848354024,0.0
cordycepin,-0.05441804804952273,-0.20782607499645894
cpi-169,0.07316702116119836,-0.26531338126752035
crizotinib,0.021762985910569892,0.0
cromoglicic-acid,0.0005534727998877164,-0.17887321185438043
curcumin,-0.013554611166288163,0.20192247094275523
cutamesine,-0.0074126431009565105,-0.25917023972048836
cyanocobalamin,-0.014540100626392254,0.0
cyclizine,0.01793772736495548,0.0
cyclobenzaprine,-0.022591280190544627,0.0
cyclosporin-a,0.01144710176905285,0.20383959693574177
cyproheptadine,0.005906913934887987,-0.23381433539545143
cyproterone-acetate,-0.0027094450245867736,0.0
cytarabine,-0.08998562070939141,0.0
cytisine,-0.011105016196470448,0.2134823398331373
cytochalasin-b,-0.03895277461519428,0.33976046233558227
dabigatran-etexilate,0.04301457510191538,-0.18406999464891405
dabrafenib,-0.008642280134884411,0.0
dacarbazine,-0.07491733658467864,0.0
dacinostat,-0.009773731298711764,0.0
dacomitinib,0.0011483684322491047,0.0
dalfampridine,-0.017290281096275367,-0.2752725291962745
daminozide,0.03697965083080126,-0.18396587919354718
danazol,0.008703926819499384,-0.23276577685421396
danegaptide,-0.08656436558127341,0.0
dantrolene,-0.031224238712052026,0.0
danusertib,0.0374228695408302,0.23568162282625923
dapagliflozin,-0.01678183929649422,0.0
dapivirine,0.04165337946977908,-0.3235218129073063
dapsone,0.04484900697709455,0.0
darapladib,0.06680213790097006,-0.2229943586229302
darifenacin,-0.02287566246560176,-0.2320047922480722
darunavir,-0.04458514304415902,-0.21984661334294553
dasabuvir,-0.0663887070200134,0.25108668086154895
dasatinib,-0.01967270078574632,0.0
daunorubicin,0.003947990350364666,0.0
dazmegrel,0.0033977576053020905,-0.2990222639842849
dazoxiben,0.0035597945462519276,0.0
decitabine,-0.022513251166474273,0.17515210254650596
defactinib,-0.061374824368020574,0.22461488194854595
deferasirox,0.04689315042557403,0.0
deferiprone,-0.0169311331480769,-0.2692970302211739
deforolimus,-0.0130270985807391,0.2523405993446761
dehydroepiandrosterone,-0.030518890998055125,0.0
delanzomib,-0.004283672063786862,-0.15822370772775923
delivert,-0.033205338638449815,0.0
deoxycholic-acid,0.007481162322170543,0.0
dequalinium,-0.01654071639898035,-0.16472850597019384
desmopressin-acetate,-0.008304977400423037,0.0
desoxypeganine,0.0156786706415407,-0.3112950619692736
desvenlafaxine,-0.014856049415410005,-0.19412740455981
dexamethasone,0.035821170119496995,-0.26508472459578186
dexamethasone-acetate,-0.017259045350536736,0.0
dexfenfluramine,-0.00012739000781330793,0.0
dexloxiglumide,0.007167373948199279,0.0
dexniguldipine,-0.056258799255075494,0.1272713393829529
dextromethorphan,-0.00013015434547834542,0.0
diacerein,0.055434428018250194,-0.2007625630682625
diazepam,0.012892446765523348,-0.2661176388338471
diazoxide,0.04347661902764974,0.0
diclofenac,0.029705052853136606,-0.23787191052406842
diclofensine,-0.02463494750888288,-0.23413375292220484
dicloxacillin,-0.02963988847923084,-0.2076688042433867
dicoumarol,-0.05126922410714564,0.0
dideoxyadenosine,-0.03409516949807109,-0.25695945396418923
dienogest,0.09058918256105385,0.15734109295142334
diethylcarbamazine,-0.038027967973065645,-0.2765380870230705
diethylstilbestrol,-0.05893215394997978,0.19069084696610156
diflunisal,-0.005941835831581707,0.0
digoxin,0.062233880389396215,-0.2554317119814554
dihydroergocristine,0.02782850764240647,0.0
dihydroergotamine,0.002398004260495922,0.0
dilazep,-0.05603468446023931,0.25536903509955855
diltiazem,-0.05664076649503892,0.0
dimesna,0.02212872605403394,0.16700221749393035
dimethyl-fumarate,0.0048464069243317745,0.17120640426946127
diminazene-aceturate,-0.017819718978966878,0.0
dinaciclib,-0.020917634803920143,0.0
dinoprost,0.02880279502197034,0.3017799527961015
diosmin,0.009202210777844545,-0.27112171319743705
diphenidol,-0.004185919973613837,-0.2515263489991717
diphenylpyraline,-0.036399518927970234,0.0
dipraglurant,-0.044817771502795256,0.0
dipyridamole,0.02564885324738447,0.24388001427095884
disopyramide,-0.03997683255730185,-0.1585457816955257
disulfiram,-0.0015302969434883855,-0.3049533326563441
docetaxel,0.03170173518129806,-0.2514238376408172
dofequidar,-0.012678372580592392,0.0
dolasetron,-0.04000518438758713,-0.29537531994831484
dolastatin-10,0.06737841221507858,0.0
dolutegravir,-0.0035658666568002626,0.0
donepezil,-0.03624491963576731,0.0
donitriptan,-0.062958241859643,0.0
dopamine,-0.0583565606913138,0.0
doramapimod,-0.027000130783466473,0.21307762047171735
dorzolamide,0.0016147849005585376,-0.20113008256863668
dosulepin,-0.004860454133577675,-0.15909404418704037
dovitinib,-0.04593214994570011,0.18459185403016085
doxapram,-0.05729981376668865,0.0
doxazosin,0.00023265440274672632,0.0
doxepin,-0.034116218800708975,-0.1921153487150176
doxifluridine,-0.010825529680305864,-0.22660860039465563
doxofylline,-0.009074887973321483,-0.27154693782987427
doxorubicin,-0.012536262104580973,0.0
doxycycline,-0.00020727999814528506,-0.2524760449320239
dronedarone,0.020484290942516793,0.2006104027179729
droperidol,-0.01321977551180418,-0.30288179033380314
drospirenone,-0.031148202082697456,0.0
duloxetine,-0.027289699558598744,0.0
dutasteride,-0.0005089453975420104,0.0
ebselen,0.02174596419447233,0.0
ecabet,-0.010930319144967,-0.2932428559404745
econazole,-0.0017453883756538117,-0.14361231962035925
edoxaban,-0.005442849510416554,0.1424125008493768
edoxudine,-0.009409419678899175,0.1651679568710307
efaproxiral,0.020388223880774076,0.0
efatutazone,-0.003912018331012329,0.0
efavirenz,0.004149643831763372,0.0
eflornithine,0.020999193044635427,-0.3160050166023757
elacridar,-0.009625231882146371,0.0
elesclomol,-0.026411405406292852,-0.27209498153994205
ellagic-acid,-0.012502686559855382,0.0
elvitegravir,-0.04605247214262622,-0.3225855935471328
emedastine,-0.0569522305375,0.0
empagliflozin,0.0011888651729464604,-0.18541462916229698
emtricitabine,-0.016066918835944154,0.29164121728429393
enalapril,0.01198047071078295,0.0
enoxacin,0.01661823622727926,0.0
enoxolone,-0.035830363540645116,-0.18312109403008814
enprofylline,-0.030753978462979968,0.0
entecavir,0.03805382599099869,0.18208503237310109
entinostat,0.0032371962030118898,0.0
enzalutamide,0.0419695765114346,-0.1927613945163657
enzastaurin,-0.027450153366818386,0.0
eperezolid,-0.012399030789208556,-0.1470439543899805
epigallocatechin-gallate-(-),0.02081009834312257,-0.18207322761302303
epinastine,-0.011234438106709273,-0.2515087838267037
epinephrine,-0.08120660673280893,0.23002007138917668
epirizole,-0.06709068523829657,0.20236408904339953
epirubicin,0.022177402718976804,0.0
epitiostanol,0.02042754053881369,-0.2920885807135977
eplerenone,-0.017894986471037995,-0.2191531239913469
epothilone-b,0.048276854796755,0.0
eptifibatide,0.03629754629255708,-0.27461491079555245
epz-5676,0.04616213350746833,-0.3713353768223012
epz004777,0.029777498640264223,0.0
equol,-0.05039544270373368,0.0
ercalcitriol,0.033734078166476125,-0.21312484555402586
erlotinib,-0.05198934369625987,0.0
erteberel,0.06390187882965076,0.0
erythromycin,-0.04449643997021387,-0.24137305580413962
erythromycin-ethylsuccinate,-0.044764481880555006,0.0
escitalopram,0.04528790576355539,-0.19925727246748365
esculin,0.002991197691815655,-0.29064358599281487
esmolol,-0.02476672211006112,0.0
estradiol,0.012663635782154863,0.0
estramustine,0.020145619926869873,-0.22542544082744848
estramustine-phosphate,-0.025325783247064273,0.0
estriol,-0.03882148268170797,0.27295706383275087
estrone,0.01657020649533616,-0.30901707567913483
etacrynic-acid,-0.004566777422615062,-0.2501829944563445
etanidazole,0.010411011496271614,-0.25558983540460545
etazolate,-0.05716289764127154,0.2871827845167826
ethinyl-estradiol,0.03242292325622632,0.0
ethylenediaminetetraacetic-acid,0.05391043677500847,0.0
etizolam,-0.026483589692050783,0.0
etodolac,0.0034287681409506626,0.0
etofenamate,0.03883697212751773,0.20889529806659377
etofylline-clofibrate,-0.012746825371558825,-0.18796732062330085
etomidate,-0.023599118268903818,0.0
etomoxir,0.02045642218319344,-0.2948868253849274
etoposide,-0.040389503033955804,0.0
etoricoxib,-0.041189908188321016,0.14455953551708312
etravirine,0.000520076681738916,0.0
eugenol,-0.0530877724312992,-0.37827916980839305
everolimus,0.018061596252890288,-0.266938426953625
exalamide,0.02462197769365658,-0.2412767054636725
exemestane,0.015927453916662476,0.0
exherin,-0.05629084282312243,-0.17781377992795544
exifone,-0.0021657247856991155,0.0
fadrozole,-0.09350784917358518,0.17586406222874315
famciclovir,0.03850179018393465,0.0
famotidine,0.058702315200936925,-0.2969034416976417
faropenem,-0.05561045010591575,0.1502698300867511
fasudil,-0.04941885777810002,-0.20311791928169115
favipiravir,-0.047414280610732655,-0.22501831901339703
fdcyd,0.030160464903340234,0.19237593141906867
febuxostat,0.01053221324489594,-0.26729296041353556
felbamate,-0.0028409288274288485,-0.26582435098361606
felbinac,-0.026737927913445612,0.0
felodipine,0.017492072773423628,0.0
fenobam,-0.037052576489259414,0.23218780879119905
fenoldopam,-0.06928153243790663,-0.2510771019179566
fenoterol,0.0035956513838950876,-0.19476275002471152
fentiazac,0.03191002147190278,0.0
fenticonazole,-0.06972956580797955,0.15937015764815998
fexofenadine,-0.026128717975088055,0.0
fiacitabine,-0.06353942342452316,0.24021328054131932
fidarestat,-0.046747536704824795,0.0
fidaxomicin,-0.0645295846571419,-0.19161123471302505
filgotinib,0.03617431983088719,-0.28648439688187266
finasteride,0.055673656283695055,0.25088724178361876
fingolimod,-0.02872187808328849,-0.1982877282774363
fipronil,-0.036316333676337166,0.0
firategrast,-0.027845581631696942,0.0
flavoxate,-0.0006499180105367146,-0.1837891073992472
flecainide,0.03864464222983375,0.0
floxuridine,0.03586560025782068,-0.19251200234598578
fluconazole,-0.06926625455952244,0.0
fludarabine-phosphate,0.008977386748428769,0.0
fludroxycortide,0.022871271486937347,-0.23445722814959855
flumatinib,-0.07458090474453204,0.2856879776600759
flumazenil,-0.026128343163089887,-0.2651081239476244
fluocinolone-acetonide,-0.032060404517497317,0.0
fluorometholone,0.052741520130654695,-0.341722741271543
fluorouracil,0.00792103538729301,0.0
fluoxetine,0.007819264556483976,0.19664448356017739
fluphenazine,-0.0007842477984398335,0.0
fluspirilene,-0.04265445766137404,-0.2985977242573101
flutamide,0.028357245266210664,-0.30371964264763435
fluticasone-propionate,0.03717795561868861,0.0
flutrimazole,0.011535345280466024,-0.23058762051059895
fluvoxamine,-0.0007778328700518977,-0.21678781345567025
folic-acid,0.0027222639955945898,0.1793198460703488
fomepizole,-0.025467428895803442,0.21368589695624213
fomocaine,0.03325790004846653,0.0
foretinib,-0.01724637069909624,0.0
formestane,-0.03693387423205031,0.2821709642777201
formoterol,-0.017819476200803788,0.0
forskolin,-0.012080371036759985,0.0
fosfomycin,-0.0024304632995049043,-0.1739216841326649
fosinopril,-0.0018001049859422567,-0.22020340699479618
fostamatinib,0.002864474218603908,0.0
ftorafur,-0.021348427138479134,-0.15485579337556943
fulvestrant,-0.022064405044751177,0.17001653917992582
furosemide,-0.041764245942043705,-0.1684837552574292
fusidic-acid,-0.016553946705689312,0.0
gabapentin,-0.05651282207442537,0.22522477800857277
gaboxadol,-0.04073634330381771,-0.18912848182527403
galeterone,0.057982424005557504,-0.190145494752533
gallopamil,-0.0025886460055625977,-0.14318249326890128
ganaxolone,-0.01791558152475369,-0.26629237100652536
ganciclovir,0.02690855631719399,-0.2617758915606372
ganetespib,0.02209507515523397,0.18333823948747185
garcinol,-0.05258658154369331,-0.12963640737397072
gatifloxacin,-0.01950109476991219,0.2376450032699945
gefitinib,-0.05638386380706451,0.0
geldanamycin,-0.007416440223688994,0.2867397381656468
gemcitabine,-0.0007174331198061605,0.0
gemfibrozil,-0.1166425497490206,0.24872225752688204
gemifloxacin,-0.026779879347304587,-0.2871076102181003
genistein,0.021691243554288395,0.0
genz-644282,-0.013764227771694696,0.0
gestrinone,-0.020398661621669634,0.18548859511981913
gimeracil,-0.0998196358759276,0.22396319992022823
ginkgetin,0.026823727197463208,-0.2643798479815488
ginkgolide-b,-0.03949408445056239,-0.25894562078183314
glafenine,0.0021456130438420287,0.0
glasdegib,-0.009440856442270681,0.2337108299798995
glibenclamide,0.006688785613082242,-0.2099395840622012
gliclazide,0.004562660032771113,0.0
glimepiride,-0.0027396210475171385,-0.15116339970669765
glipizide,-0.011256632999204515,-0.19445405209051658
gliquidone,0.07483938730804243,0.0
glycitein,-0.018807689004218673,-0.20222190217206837
glycopyrrolate,-0.006629926427274267,0.1897242712443184
golvatinib,-0.05348041790752396,0.0
goserelin-acetate,0.012780978481199802,-0.2756844596191822
granisetron,-0.09076121058346637,0.20707519470576474
grazoprevir,-0.04417050895108052,0.3083689744118564
griseofulvin,0.07234553059441064,0.0
gsk126,0.01435009230108352,0.0
guanaben-acetate,-0.016922291774716533,0.22204015794775042
guanadrel,0.019219302055092768,-0.19381990039858157
guanethidine,-0.020231342558362276,0.31847572037773764
halcinonide,-0.007216968765059358,0.0
halofantrine,-0.03191692352162668,0.0
haloperidol,-0.05871318468680022,0.0
hesperidin,0.006336654034596635,-0.24118565495922506
hexachlorophene,-0.029954031384564712,-0.32653981679463817
histamine,0.0035384538337682233,-0.27091929495998335
homochlorcyclizine,-0.05631819861731079,0.0
homoharringtonine,0.05303072839948047,-0.14553118995065115
honokiol,0.04576809016940258,0.0
hydrocortisone,0.010299039055010051,-0.20253403423552027
hydroflumethiazide,-0.006797369192484841,-0.28565590268395735
hydroxyurea,-0.015768066236905395,0.26310699579646735
hymecromone,0.0021215424054039393,-0.15731980485078062
hypericin,-0.02834079040447942,0.0
ibrutinib,-0.005994335107434675,0.0
ibudilast,-0.0060165750874561,0.0
ibuprofen,-0.011549594056120997,-0.320132968611904
ibutamoren,-0.012518054809299297,0.0
ibutilide,0.028128874778075238,0.17404519124148765
idalopirdine,-0.015974695339087398,0.0
idasanutlin,0.01939094320617996,0.19411704472870073
idebenone,-0.05827073771741612,-0.21525477518228311
idelalisib,0.04921741004477265,0.14923719930895693
idoxuridin,0.012749173135478527,0.0
ifenprodil,-0.008982935923335057,0.0
ifosfamide,0.013266912258407633,0.0
iguratimod,-0.07763304442952097,-0.14345622390854618
ilomastat,-0.044659099697708954,0.25560605187166835
imatinib,-0.0009949794205110912,-0.24183134710596982
imexon,-0.0044010657502284,-0.1743827283776315
imiloxan,-0.07818830143070367,0.0
imipramine,0.013663907051522232,0.0
imiquimod,0.037201306176680986,-0.16402552848039867
indacaterol,0.01565105788790445,-0.26983943916673314
indapamide,-0.016505358000384378,-0.24340953781750393
indibulin,0.06935358819325083,0.0
indinavir,0.01164036355298659,-0.18397112033765448
indiplon,0.045802031616633425,-0.17582569799143738
indirubin,-0.017403719005480343,0.0
indobufen,0.022367476549726196,0.0
indole-3-carbinol,0.032439432364714575,-0.2826226257707548
indometacin,-0.018393160450087306,-0.22115259046401553
indoprofen,-0.08177849079519613,0.0
indoramin,0.03880961868305794,-0.21187071974676425
indoximod,0.0069368819378813765,-0.21616909806904483
ingenol-mebutate,0.0005172786124735112,-0.2900770700879688
iniparib,0.06538782824906725,-0.18537192242398653
inosine,-0.02515438194013064,0.0
inositol,0.08029703608453992,0.0
ipratropium,0.02255858757902906,-0.23768417263920194
ipriflavone,0.0005899992062462523,-0.22315408123463482
irbesartan,0.042945278693769705,0.0
irinotecan,0.021995890052903984,0.22213751310252608
irsogladine,-0.05300344576639465,0.0
isbufylline,-0.05982879222863611,0.15689547329551226
ischemin,-0.04604009643897879,0.0
isoconazole,-0.04533526943822256,0.2522607097419531
isofloxythepin,-0.04281918946156787,0.0
isoniazid,-0.04481092866926399,0.0
isosorbide-mononitrate,-0.026604465991992704,0.2556347914701697
isradipine,-0.06490659622868115,0.2140865729288985
istaroxime,0.008092370260883663,-0.3070955044160039
itopride,-0.01579924869942674,-0.21616107523660796
itraconazole,-0.05856159096156343,0.0
ivabradine,0.070176294045474,0.0
ivacaftor,0.05227256703482162,-0.2215571304380871
ivermectin,0.00729805266542099,-0.25896965992696375
ixabepilone,0.01638224194983781,0.0
ixazomib,-0.0028590492737434604,-0.22165314098534855
ixazomib-citrate,0.004497866577569054,-0.1556554606938178
josamycin,-0.014288086092778884,0.19259661840031272
kakonein,-0.09780890383350596,0.23418083951345453
ketanserin,-0.01765682552652405,0.0
ketoconazole,0.0015634945239160006,-0.22431940119777918
ketoprofen,0.024985197761927525,0.0
ketorolac,-0.010907259805054208,0.0
ketotifen,0.003482569773564572,-0.2669546592880458
labetalol,-0.047015325324945983,0.0
lacidipine,0.03402884007205808,-0.19606813700298775
lacitol,-0.009718584059823582,0.0
lacosamide,-0.04642984298660439,0.0
lafutidine,0.010384844227933501,-0.1690947265459455
lamivudine,-0.037842313268051965,0.21423432368161116
lamotrigine,-0.013645316251277738,-0.225648118814746
lapatinib,-0.05261279200638291,0.0
laropiprant,-0.020368299903662648,0.24546198928936308
lasalocid,0.05934309668858345,0.0
latanoprost,-0.07053236818716892,0.0
ledipasvir,0.00253494813204467,-0.23313070480299147
leflunomide,0.008538417285104698,0.0
lenalidomide,-0.04115277406876802,0.26975061464378275
lenvatinib,0.06137480876180364,0.0
lerisetron,-0.04711596442957209,-0.17175658046394957
lersivirine,-0.03450998219742852,0.0
lesinurad,-0.0029481626195128376,0.0
lestaurtinib,0.025854728053343726,0.0
letermovir,0.0009842459804868182,-0.27157560061331787
letrozole,-0.04423076209986598,-0.17534859630480926
levalbuterol,-0.021302216919428796,-0.193873231652398
levamisole,0.010842649085693528,0.0
levcromakalim,-0.02481760627261108,-0.20895262638926765
levetiracetam,0.021135246927963848,0.14264498169690315
levobunolol,0.05864057395382936,0.0
levocabastine,-0.015373800511569361,-0.2400885598625676
levocetirizine,-0.03062464067011187,0.0
levofloxacin,-0.01200853733606134,0.0
levomequitazine,-0.006924452113672762,0.3324321646229599
levonorgestrel,-0.014413031263505786,0.19960640330515333
levosimendan,-0.05768534489352009,-0.18560575904848006
levothyroxine,0.026543095853486184,-0.22626839884229633
licarbazepine,0.0028759861724403624,-0.287519178002281
licochalcone-a,0.015844412638718677,-0.18576333773239884
lidamidine,0.010729192918932179,-0.16792287999472238
lidocaine,-0.007571690348945231,0.0
lidoflazine,0.12261028465603221,-0.1711418683114744
linagliptin,-0.018074400411735803,0.0
linezolid,-0.0351347480145459,-0.15194304348711518
linifanib,-0.02678567237085594,-0.29100900432504057
linopirdine,-0.03460285057160307,-0.18992728645138784
linsidomine,0.03338804080372302,0.2754041632193053
linsitinib,-0.01058951328670414,0.0
liranaftate,-0.02797561758480665,0.0
lirimilast,-0.019453851354675446,-0.16759992248472966
lisinopril,-0.009261005977582427,0.22225064123052823
lisofylline,-0.006514232220949685,-0.23916751297474495
lobenzarit,-0.005383552001976443,0.0
lodoxamide,-0.026194608453874647,-0.1932417894819084
lofexidine,-0.0877935263553151,0.0
lomeguatrib,0.017573919276105406,-0.18782465531522782
lomerizine,-0.02988607186918536,-0.28840029342412893
lomitapide,-0.018519614714797326,-0.2886735977545405
lonafarnib,-0.01862795194462036,0.24424266703717623
lonidamine,-0.01466612658440949,-0.1926373022800881
loperamide,-0.013842166573160735,0.0
lopinavir,0.02541013464181074,0.0
loratadine,-0.020008059029589038,0.0
lorazepam,0.006527858625042663,-0.2701548887042334
lorcaserin,-0.025931997834627296,0.0
lorglumide,-0.03763526195387803,-0.24840208599701558
losartan,0.03646293803472044,0.0
losmapimod,-0.06305090993433639,0.30620989712749247
loxoprofen,-0.066750158438745,0.0
lucitanib,0.030673550702492686,0.20714087037732706
luliconazole,-0.01986375429980205,0.0
lumacaftor,-0.024586417589688034,0.22261291689332766
lupanine,-0.0361617034329812,0.0
lurasidone,-0.004876560567306331,0.0
luteolin,0.026472286957323385,-0.23610071105341893
mCPP,-0.07880654871096723,0.0
macitentan,0.011567764104716096,0.0
malotilate,-0.007871517829178986,0.0
mannitol-D,-0.0875670493650667,0.0
manumycin-a,-0.04434388979735995,-0.27432251775361016
maprotiline,-0.0641979928325645,0.16771286511256472
maraviroc,0.032312082748662034,-0.26175387022568897
maribavir,-0.04934620800832739,-0.25731763608914815
marimastat,-0.011499958474383704,0.0
masitinib,-0.003229341238803673,0.0
masoprocol,-0.05006353980927759,0.2345240858182894
maxacalcitol,0.033297253836469115,-0.1843817772274286
mazindol,-0.01958611813545464,0.0
mebendazole,0.06733539427074742,0.0
mecamylamine,-0.008246646011713595,0.13754188188427924
meclizine,0.021719045169233564,0.0
meclofenamic-acid,0.013407560065470527,0.0
medetomidine,-0.014227282017894112,0.0
medroxyprogesterone-acetate,0.03839907119296755,-0.28257331376746414
medrysone,0.031027106505818258,0.17296450987335107
mefloquine,-0.04464913645186528,0.0
meglitinide,0.0024007869043596495,0.0
meisoindigo,-0.003978982959830283,0.2362964883560496
melatonin,0.011249816122306848,-0.2190178043742243
meloxicam,-0.04519014163888334,0.0
melperone,0.011132978967757085,0.0
menadione,-0.027151406971932485,-0.23657775750706744
mepacrine,-0.05348362078114272,0.24123868715458735
mepazine,0.06422654398694241,0.0
mephentermine,-0.016831950215504835,0.25681711670025853
mepivacaine,0.013003893923687618,0.0
meptazinol,-0.017718216696554743,0.0
mepyramine,0.027640835454874932,-0.2612317321244954
merbarone,-0.013445768171600285,0.0
mercaptopurine,-0.01099180569107965,-0.3181944230255521
mericitabine,0.008344808510299232,-0.2063686182356097
merimepodib,-0.004980502443094216,0.0
mestinon,0.0034556323506965674,-0.25853819728923155
mestranol,-0.024986958398651823,0.14093821184545113
mesulergine,-0.08569215566795402,0.3844761339123775
metamizole,-0.049036450479351436,-0.2709293792137659
metatinib,-0.0023204672454817813,0.24896804796912775
metenkephalin,-0.05575740814333414,0.0
metergoline,0.04195476683751312,-0.13601219397575046
metformin,-0.024565318821234118,0.24476281007751996
methazolamide,0.018020254660566726,-0.18450443245003761
methimazole,0.009883784419710686,0.0
methiopril,-0.03815306551413803,0.0
methocarbamol,-0.01402621193276901,0.18688048070437857
methoxsalen,-0.013487090197716375,-0.21558184188041565
methyldopa,-0.06031689806990972,0.33809440583509176
methylnaltrexone,-0.00892873933287877,0.0
methylprednisolone,0.019893587282798452,0.0
methylstat,-0.003772310783682456,0.15328767073347532
metixene,0.03473518508814662,-0.19647673023435203
metoclopramide,0.03784363718283104,0.0
metolazone,-0.05062976839879058,0.0
metoprolol,-0.007468280419171235,0.0
metronidazole,0.034988694601922235,0.0
mianserin,0.011480453502851786,0.0
mibampator,-0.043004794013365655,0.0
mibefradil,-0.05250928993756585,-0.26780236832059234
miconazole,-0.026532503805085764,0.23648421537603162
midodrine,-0.01460288498454861,0.0
midostaurin,-0.005730637580669806,0.2376716457812516
mifobate,-0.027521342546622283,-0.2081327210112801
miglitol,-0.038082984082920525,-0.18797946833418
miglustat,-0.06421259310721668,0.0
milacemide,-0.027973893970591003,-0.20958688079311083
milnacipran,-0.05001458075368142,0.0
milrinone,-0.08772944822757309,0.30892204270684953
miltefosine,0.02707912943620864,-0.22213864559359037
minaprine,0.011424764555764367,-0.2094732293575379
minoxidil,-0.02328276450228987,-0.2506205590951499
mirodenafil,0.0023450954499404787,0.0
mirtazapine,-0.03167665451252954,0.20323500424596813
mitiglinide,-0.008482624391942964,0.0
mitomycin-c,-0.004611526823611279,0.0
mitoxantrone,-0.013040683010126165,-0.17537402150701548
mizolastine,0.02071424342606538,-0.24224091727327657
mocetinostat,-0.002336144126827291,0.0
moclobemide,-0.039875993036142685,0.0
molindone,-0.004607208555707753,0.20253975454107476
molsidomine,0.03674275236340807,0.23999873496526727
moracizine,0.050095284860703956,-0.22119863204709975
motesanib,0.016201974231092434,0.0
moxidectin,-0.039720086131985015,-0.21019141090779592
moxifloxacin,-0.0227175355625075,-0.2254470317380866
moxisylyte,-0.010154328109516164,0.0
moxonidine,-0.026831285810387632,0.0
mozavaptan,-0.026153559524165926,0.0
mubritinib,0.03740020777399355,0.0
mycophenolate-mofetil,0.011366437182531653,0.0
mycophenolic-acid,0.023792213524593757,-0.2887002960889372
nafamostat,-0.015623499067804704,-0.16277031944198517
naftidrofuryl,-0.0003815202318595875,0.0
naftifine,-0.031376048942048214,0.30580522687199063
naftopidil,0.01874020928155347,-0.3161311470696504
nalbuphine,-0.054275733688656326,0.0
nandrolone,0.004234867844832223,0.0
naphazoline,-0.030118052835405685,0.2388895924714982
naproxen,0.06496536212468301,-0.23735084910855875
naringenin,-0.034429601616623895,0.2809172766153468
narlaprevir,-0.030815832837296848,0.0
nateglinide,0.005642880500449558,0.0
navitoclax,0.030095255238221295,0.0
nebivolol,-0.03139302668321963,0.0
nefazodone,0.0012762226519644794,0.0
nefiracetam,-0.051099299520998114,0.16223549576614912
nefopam,-0.026302382413950037,-0.22552008015793093
nelarabine,-0.05063407559516052,0.2695685737031098
nemonapride,0.08176747485099836,0.2841696288110003
neostigmine,-0.006484636267902132,0.0
nepafenac,0.010825480356010952,-0.20197980090413725
neratinib,0.011199857385882283,0.18837446137955338
nesbuvir,0.010633424827920821,0.2548600654103091
netupitant,0.016698284964375303,0.0
nevirapine,0.03983362386974016,-0.23482537982475665
niacin,-0.03143092520835651,-0.26478577884256227
nicaraven,-0.023291538887198017,0.3091760997420693
nicardipine,0.02485582285704495,0.0
nicergoline,-0.03866189056048382,-0.27366678542497946
niclosamide,0.03389235463165418,0.0
nicotinamide,-0.0071375041342661896,0.0
nicotine,-0.03801845888220365,0.0
niguldipine,0.00148966437648526,0.0
nikethamide,0.002843745237628904,0.0
nilotinib,-0.005331156349235312,-0.26520329344613647
nimesulide,0.030341312604771572,0.0
nimodipine,-0.005609964089697161,-0.2576760652263016
nintedanib,-0.06560344808224221,0.34816374795530125
nisoxetine,0.0285750971638143,-0.21682622702314563
nitrendipine,-0.013035422555462145,0.0
nizofenone,-0.06360266846515249,0.3091279415359699
norethindrone,-0.009969563656253837,-0.28105870332438654
norethisterone,-0.020611522906656368,0.0
norfloxacin,0.04313116627187483,0.0
norgestrel,-0.06151365928905245,0.0
nortriptyline,0.015275207734459445,-0.18738857741304366
noscapine,-0.004897220043182493,-0.19490391100970808
novobiocin,-0.01574226311529019,0.0
nutlin-3,0.009422798095475167,-0.2926870335391164
odanacatib,0.00984045139887733,-0.1604791751088102
ofloxacin,-0.029490694486805247,0.26594896055172645
oglemilast,0.005296141014693466,-0.2000225515247937
okadaic acid,0.03656807657185473,0.0
olanzapine,0.037708318785023336,0.0
olaparib,0.030439216578778794,-0.23694386246512517
olmesartan-medoxomil,0.0052778952200734424,-0.23069569317330818
olprinone,0.007057900525927216,0.0
omecamtiv-mecarbil,-6.991876551570136e-05,0.0
omeprazole,-0.013480584838902871,0.0
ondansetron,-0.004147107933368937,-0.2072716031872007
oprozomib,0.007672672422134006,-0.2525205387189138
orantinib,-0.02629148030614578,0.32184068079372496
orlistat,-0.02699686922575239,0.1218414711995701
ornidazole,0.015461500469115864,0.0
orphenadrine,0.019906690798721562,-0.18489700938023873
orteronel,0.012053775935657004,0.0
oseltamivir-carboxylate,-0.012915507641447188,-0.27121227618803545
osimertinib,-0.030579866111669626,0.31037833908274415
ostarine,-0.03993656549962001,0.3124717634118117
otamixaban,-0.0888203421791038,0.0
otilonium,-0.0008725180850100992,-0.2366893224002822
oxandrolone,0.011116338601503075,0.0
oxaprozin,0.007268968418093292,0.19182719621001315
oxatomide,0.01600137395501698,0.0
oxfendazole,0.034483475248344116,0.32763878916947
oxiconazole,-0.054075028022493234,0.0
oxiperomide,0.03818063255118018,0.0
oxybenzone,0.02521325859902576,-0.23734609167604004
oxybuprocaine,-0.039306868928851206,0.0
oxybutynin,-0.015013656628134715,0.0
oxymetazoline,-0.013386975469158692,0.0
oxypurinol,0.015493802779012592,0.0
ozagrel,-0.0057058142298241545,0.17947732367190458
paclitaxel,0.033920354239689525,0.0
palbociclib,0.017523559857020726,-0.18183508170737625
palmitoylethanolamide,0.014503143732057328,0.0
palomid-529,0.0423690437192501,0.0
palonosetron,-0.036472421795096625,-0.23373775963356797
palovarotene,-0.0558700201565589,0.0
pantoprazole,-0.010287284157896441,-0.36261020204837596
papaverine,0.05416160850434821,0.0
paracetamol,-0.05751353861546023,0.0
paricalcitol,0.05805718998410655,-0.2657589256488226
paroxetine,-0.020803703906612556,0.0
pasireotide,-0.02818663962129566,0.0
pazopanib,-0.011348758352598102,0.1842176902279068
pazufloxacin,-0.05768012323578293,0.0
pelitinib,-0.019257168444117886,0.357020640974364
pemirolast,0.053313669422070394,0.0
penciclovir,0.018448809042162492,0.0
penfluridol,-0.07566053135675994,0.17737178927005975
penicillin-v-potassium,-0.03463743676103552,0.0
penitrem-a,0.010620523224405314,0.0
pentamidine,-0.007011795872304895,-0.3186606938933993
pentobarbital,0.031438133633210325,-0.2108289936213712
pentoxifylline,-0.00428391238115896,-0.2389112053753893
perampanel,0.03449968038389817,0.0
perhexiline,0.007251718202854322,-0.26238522002273007
perindopril,-0.0946436259721884,0.2573065532937172
pevonedistat,0.008548489266552788,-0.24444642107543033
phenazone,-0.03553116190064826,0.15661680536090747
phenformin,0.023970009252532707,0.0
phenprocoumon,-0.012323098277752985,0.0
phensuximide,-0.05429397599674567,0.17061923532815362
phentermine,0.00562847535579406,-0.2083343338720654
phentolamine,-0.026224358875417523,-0.22747006681681475
phenylacetylglutamine,0.02654568795475546,0.0
phenylbutazone,-0.06948801552010066,0.0
phenylbutyrate,0.016100167820529022,0.2019661740851489
phenylephrine,-0.011306792951508906,0.0
phenytoin,-0.03358049375922992,0.0
phorbol-myristate-acetate,0.006223329396833596,-0.2447702452676297
physostigmine,0.008903805225463458,0.0
pibenzimol,0.025118790718260505,-0.20345073937026883
piclamilast,-0.012922192256871084,-0.2173654306695881
picolinic-acid,-0.06477062622093005,-0.23435876683415008
picotamide,-0.04008483987105807,-0.1459681468668205
pidotimod,0.0341237184759332,-0.2853359002813689
piketoprofen,-0.059908240415889644,0.0
pilaralisib,-0.037760399529396485,0.0
pilocarpine,-0.027725862066190876,0.0
pimavanserin,0.06275500936312278,0.0
pimecrolimus,-0.00209154434094823,0.19842859355744977
pimobendan,-0.06200732962005559,0.27290915600916354
pimozide,0.00940126945925464,-0.27737337259653505
pinacidil,0.029031826622979977,0.0
pinaverium,-0.05900157805604946,0.19802924783564319
pindolol,-0.04012017491949968,0.29196328468905297
pinitol,0.0024759477423158868,0.0
pioglitazone,-0.015711371659209154,0.0
piperidolate,-0.025476097394873644,-0.32373495048138334
piracetam,0.019026232443709868,-0.2917208304328023
pirenoxine,-0.040147098821236175,0.20553891412978187
pirenzepine,-0.01679673887556837,0.0
piretanide,-0.0218934557144807,0.0
pirfenidone,0.0303366163951742,-0.25233924586068457
piribedil,-0.005856067418906746,0.0
piroxicam,-0.0032086298662440172,-0.18536961704778104
pitavastatin,0.02041206983418586,0.0
podophyllotoxin,0.04758271590203199,0.0
pomalidomide,0.006368054848462649,-0.2717004822646698
ponatinib,0.026887846318847088,0.0
potassium-canrenoate,-0.004086872096239671,-0.18535602790207545
pralatrexate,0.01771813732854735,0.0
pramipexole,0.02023890805312277,-0.21720251962776865
pranlukast,0.021929677288705096,-0.272869147962687
pravastatin,-0.04537014627996701,-0.1935544918161644
praziquantel,0.0021770131973922694,-0.19103856802914637
prazosin,0.04862317585029377,0.0
prednisone,-0.048017424906688325,0.0
pregnenolone,0.006325826383104149,-0.18632500523109974
preladenant,-0.05625277605644833,0.15606135974423962
primaquine,0.028796192603342357,0.1596582747974169
primidone,-0.03357215890233438,0.21618359662867007
pritelivir,-0.034835800007672564,0.0
probenecid,0.014421274972407814,-0.1709272041086446
probucol,-0.026096810405854473,0.0
procainamide,-0.0822988395008226,0.0
procaine,-0.01871341850684076,0.0
prochlorperazine,0.004819140900092407,0.18945181567052277
progesterone,-0.05525086458823835,-0.17245838158427745
proglumide,0.018524875409477157,0.0
proguanil,-0.017524958485544632,0.0
propafenone,0.006650096592384084,-0.22506937523399273
propentofylline,-0.04324848277539483,0.0
propranolol,-0.03117390015264463,0.0
propylthiouracil,-0.05385543835868691,0.0
protirelin,0.03209691439737697,0.0
protriptyline,0.06130729398695023,-0.21943280668912152
pterostilbene,0.043151466568302134,0.0
pyrazinamide,-0.00847881937586047,-0.2129644526062583
pyrazinoylguanidine,-0.02819267180914484,0.306217141876454
pyrazolanthrone,-0.06081842511603271,0.0
pyrimethamine,0.021809279555813767,-0.1748914996877654
quercetin,0.009105605786557454,0.0
quetiapine,-0.053268648323755864,0.22605251650002212
quiflapon,-0.020310397712148112,-0.26992860698588944
quinapril,-0.03697467242785101,-0.21776454065622683
quinidine,-0.008558238875077121,0.0
quinine,-0.0032550739862418185,0.23067537902281549
quizartinib,-0.035118430248545426,0.0
r(-)-apomorphine,-0.022961033454110907,-0.2163038321209778
rabeprazole,-0.023038100033597714,0.0
racecadotril,0.07324701107584067,0.0
raclopride,-0.06808676087476291,-0.19604139440567897
radezolid,-0.011335207006383106,0.0
radicicol,-0.009354687615008555,0.0
raloxifene,-0.05666137371625698,0.23955715867069122
raltegravir,-0.03374213850513158,-0.26158275275098797
ramatroban,-0.040291363510698064,0.2197364636324063
ramelteon,0.006881468037917561,0.2070696305275125
ramipril,-0.009088421080834783,-0.1905346523913935
ranitidine,-0.015073228825999726,0.0
ranolazine,-0.03352946059001242,-0.2657463915903038
rasagiline,0.03177652597403416,0.0
rebamipide,0.035356093160827086,0.20135072739507692
rebastinib,-0.006391062247470629,0.2171142074532145
reboxetine,-0.03841368232405865,0.0
refametinib,-0.03615103025418161,0.0
regadenoson,0.009141277784974195,0.18410509599847308
regorafenib,0.024979115688393987,0.247846253702062
relcovaptan,-0.05392682234406068,0.0
repaglinide,-0.022927616245336065,0.0
reparixin,-0.04785998757646988,0.0
resatorvid,0.0026388332515236666,0.23582969724985492
reserpine,-0.018089486580122913,0.0
resiquimod,-0.0533296300381898,0.0
resminostat,0.002664969058452773,0.0
resorcinol,-0.009205905341898895,0.0
resveratrol,0.019152115326202625,-0.16249226934442385
retapamulin,-0.06066733325253939,0.0
retigabine,-0.004399813629761837,0.0
ribavirin,0.016669116830965836,-0.32052398464636334
rifabutin,0.059149397263423074,-0.26414411895999157
rifaximin,0.031689525297486754,0.0
rigosertib,0.005566130642064529,0.0
rilmenidine,-0.07449330964973434,-0.20943738803360862
rilpivirine,-0.0018649794640789783,0.0
riluzole,0.02619167974299013,0.0
rimantadine,-0.003888830933852331,0.0
rimcazole,-0.021887241484683018,0.2517133478961658
rimexolone,0.021559235815976064,-0.3123869083292685
rimonabant,0.006005717850011534,-0.3049382754875444
riociguat,-0.06312132119638666,0.0
ripasudil,-0.004665216873497488,0.23656309455626867
risperidone,0.00666128232993591,0.20144894621034148
ritodrine,0.04206013095963301,0.0
ritonavir,0.005106206954432228,0.0
rivaroxaban,-0.020824889312534494,0.0
rizatriptan,-0.010424587489178721,0.0
rociletinib,-0.014935605214892926,-0.20702164510462867
rocuronium,0.024309343821391074,-0.1576877749483816
roflumilast,-0.09906842114155799,-0.17887217222016263
rolipram,-0.037179065385769365,0.0
romidepsin,-0.020280902596506483,0.0
rondual-kinase-inhibitor,0.026837435937085794,0.0
ropinirole,-0.012039431983214739,0.0
roquinimex,-0.037961374305665735,0.0
roscovitine,-0.0183343985914885,-0.22788201040135603
rosiglitazone,0.029322361335574504,0.0
rosuvastatin,-0.04703244007553964,0.0
rotigotine,-0.010992180573095655,0.0
rottlerin,-0.039322274456134676,0.0
rotundine,-0.08287283527671839,0.0
roxithromycin,0.05936857214697772,0.0
rucaparib,-0.022961467789928258,0.0
rucinol,-0.051935345625231284,0.0
rufinamide,-0.03446544659061209,0.0
rupatadine,0.025962388400752767,0.0
rutin,-0.001609677534304729,0.19474303100786833
ruxolitinib,-0.011310286611775676,-0.23183286986869933
sacubitril,-0.0685354788213599,0.0
safinamide,0.0036840356246504308,0.0
safingol,-0.013566498746108333,0.0
salermide,-0.02720854049793114,0.0
salirasib,-0.048411507091249924,-0.24311918465463533
salvinorin-a,0.024805022155344674,0.0
saquinavir,0.03331479104101353,0.0
saracatinib,0.00014417219774402135,0.0
sarcosine,-0.00656717933874883,0.23430613821426977
sarsagenin,0.02975034282971029,0.0
sasapyrine,-0.02923309510931425,0.30180465393694933
saxagliptin,0.025666919911905815,0.2932845859238593
sch 900776,0.022684734850087974,-0.3979990733005053
scopolamine,0.029852719233973313,0.0
secnidazole,-0.0075924685658826365,-0.21911743229626446
selamectin,0.06851096988454716,-0.2057929556222412
selegiline,-0.008770863948892654,0.0
selinexor,0.032787913330272624,0.0
selumetinib,-0.012702150391052217,0.0
semagacestat,-0.046689304722296134,0.2292386007919891
semaxanib,0.0002685839552575143,-0.24309169651176965
senicapoc,0.005199609909398929,0.0
seocalcitol,0.005259390423962775,0.0
serdemetan,-0.022517572246779253,0.0
sertaconazole,-0.0025245367755573522,-0.2302081042981875
sertindole,0.023169181320441237,0.2132629187504374
sertraline,-0.037500572321551885,0.3621922379982764
setiptiline,0.017631578489967745,0.0
siguazodan,0.00929523807984644,0.0
sildenafil,0.016853529605767872,0.0
simeprevir,0.016768006429687878,0.18444190530854504
simvastatin,0.027101833013540653,0.0
siramesine,0.029114703300831192,-0.2111254998930573
sirolimus,0.008528319888790716,0.0
sitagliptin,0.04130519262229739,-0.20136860677410218
smer-3,0.008201068984131976,0.13993577543327557
sobetirome,-0.03608177781711805,0.0
sodium-gualenate,0.023267545737256173,0.0
sodium-tanshinone-ii-a-sulfonate,-0.047561937738541726,0.0
sofalcone,-0.03136309845960659,0.0
solifenacin-succinate,-0.05439078920884309,0.25071267048895085
sorafenib,0.019824924835500086,0.0
sorbinil,0.038512143300257845,-0.22982812570503142
sotalol,-0.04673919969735979,0.0
sotrastaurin,0.019289348860705605,-0.20601793647692793
sparfloxacin,-0.014388788627264441,0.0
spironolactone,-0.002552617754957055,0.0
staurosporine,-0.05178227162144277,-0.21214970598366645
stavudine,0.011702600336798517,-0.21026975452639834
sufentanil,0.03953231420842897,-0.22362306230506873
sulbactam,0.003906442922724818,0.0
sulbutiamine,0.020610450706698265,-0.22830254265092487
sulfadoxine,-0.051537891034493535,0.2844177274913878
sulfafurazole,0.07540196549418886,0.0
sulfasalazine,-0.05372829382009627,-0.19051386053717284
sulforaphane,0.06314801459765805,0.0
sulmazole,0.009028514253529343,0.0
sulpiride,-0.023228927917280633,0.0
sumatriptan,0.018679945474930112,0.2559348778386266
sunitinib,0.06346398598312039,-0.2072499647014408
suprofen,0.00035773259590428353,0.0
suvorexant,0.04971375566062366,-0.25275560933027436
swainsonine,-0.08765074854532305,0.22689576959573943
tacalcitol,0.02820112069919446,-0.22552396387387222
tacedinaline,-0.018713158727275275,0.0
tacrine,-0.10103207074419235,0.2907841573205755
tacrolimus,0.04199938558148876,0.0
tadalafil,-0.0030459317894150836,-0.2054683090791875
tafamidis-meglumine,0.0407200335827474,-0.21669186253668887
tagatose,0.021350984996960337,0.2779197397998866
taladegib,0.018744315818235692,0.18973040099760635
talazoparib,0.0020454645818695325,-0.2752333970361053
talinolol,0.025596346038567513,-0.23759662679471086
talmapimod,-0.005987965280641118,-0.1696405677782924
talnetant,-0.044891208476766385,0.0
taltirelin,-0.02115984903378369,0.0
tamibarotene,-0.030601286618856107,0.0
tamoxifen,0.007834050005259012,-0.23332474269391973
tamsulosin,-0.011218717384924136,-0.2498190312143005
tanaproget,0.00820736206852891,-0.20915257337544296
tandutinib,-0.03057755534560558,0.0
tanespimycin,0.020161113450330333,0.0
taranabant,-0.0335478738042329,0.0
targinine,0.06316761490159402,0.0
taselisib,0.0273600178381644,0.0
tasisulam,0.031194842756413117,0.0
tasquinimod,0.003647012653068496,0.0
tazarotene,-0.04582472148679418,-0.2723973407685596
tazobactam,0.08472914321573732,0.0
tebipenem,-0.027875482450353515,-0.2326973561418445
tecastemizole,-0.03184269499132502,0.20591952892522775
tedizolid,-0.03188248394468657,0.0
tegobuvir,-0.008541315018669117,0.0
telatinib,-0.08400137511624382,0.17802496143606222
telbivudine,-0.03342101616478345,-0.16394334071447417
telcagepant,0.007235941223428121,-0.27238288136071376
telmesteine,-0.02043415500411544,0.16293878924608798
telmisartan,-0.023930229001720458,-0.2520060102223023
telotristat,-0.08416850828748529,0.0
temazepam,0.0020446757123981515,-0.30369713065734016
temoporfin,0.0039030583336122715,0.0
temozolomide,0.05773343220939599,-0.3142710504168249
temsirolimus,0.01959283479914279,0.0
teneligliptin,-0.024422785306750343,0.0
tenidap,0.011916215173193563,0.0
terbinafine,-0.04412001556393967,0.0
teriflunomide,-0.020271764193681516,0.0
teroxirone,-0.010856066416900187,0.0
tesaglitazar,-0.027563593992893043,0.2145701368574689
testosterone,0.03802933349814321,0.0
tetrabenazine,0.05694186594009012,-0.3082702953578631
tetracaine,-0.06318101081883915,0.0
tetradecylthioacetic-acid,-0.04263637858837742,0.0
tetrahydrouridine,0.03031617558036926,0.0
tetrindole,-0.0025731774854156277,-0.1443221961931493
thalidomide,-0.032331507694822875,0.0
theobromine,-0.05801241226870181,0.2498000496555688
theophylline,0.038827389432621436,0.2552629423449053
thiocolchicoside,-0.005371603509283307,0.3257582367755686
thioctic-acid,-0.024281957465864406,0.0
thioguanine,-0.017988710300703432,-0.39932050812510167
thiomersal,-0.014503688172112906,0.0
thioridazine,-0.03411309272120892,0.26499434076125106
thiothixene,0.007138911053928253,-0.24759854600924214
tiabendazole,-0.06834464643588825,0.0
tiagabine,-0.019254531171687805,-0.18903489301062928
tiapride,0.013018074150872123,0.17112853671172518
tibolone,-0.03275930364956962,-0.24129473419013092
ticagrelor,0.04737553020350261,0.0
ticlopidine,0.007937582539976604,0.0
tie2-kinase-inhibitor,0.0392621613847373,-0.21057383305289962
tiludronate,-0.03191822901419374,0.0
timofibrate,-0.01802325322832942,-0.19175654587173355
timolol,0.03319100910289061,0.0
timonacic,-0.03461368526209081,0.0
tioconazole,-0.00812963880691565,0.0
tioguanine,-0.0045835958673408695,-0.3447913012857299
tipifarnib-P2,0.02554142330422689,0.0
tipiracil,-0.035162343449545684,0.0
tipranavir,0.05747682515444696,-0.19975178233911253
tirapazamine,-0.0012243120701770198,-0.21926123206246403
tirasemtiv,-0.03142435469734948,0.2450272636615753
tirofiban,0.01107761451235182,-0.1980587875730584
tivantinib,0.02567606928375024,-0.29949378919739644
tivozanib,0.04240399228120229,0.0
tizanidine,-0.04000565229540124,0.0
tobramycin,0.026733427646563033,-0.24638871509757146
tofacitinib,0.022597246242374323,0.0
tolazamide,0.03328671540254791,-0.22839652746044697
tolbutamide,-0.03325641470060489,0.0
tolcapone,-0.03825986931604418,0.2380029464035808
tolfenamic-acid,-0.05091104402215142,0.0
tolimidone,0.03832414902022624,0.0
tolnaftate,-0.004475508432548417,-0.21139219172560142
tolperisone,0.004049861571427613,0.22737313880075422
tolvaptan,0.026008666144656366,0.24691951451921967
tomelukast,-0.07582203599822358,0.0
tonabersat,-0.025052675341311392,0.0
topiramate,-0.06997022843993371,0.0
topiroxostat,-0.02595950727940602,0.0
torasemide,0.02076660048484241,0.0
torcetrapib,-0.03139346144637593,0.2337357045101014
torcitabine,-0.033201796757348905,0.0
toremifene,0.026952827155848076,0.0
torin-1,0.05131147855784984,0.0
torin-2,0.05035440670599494,0.2535418018403463
tosedostat,0.005268361973063083,-0.2102480771346625
tozasertib,-0.026477078043178368,0.0
tracazolate,-0.016857445474172093,-0.18489933209489504
tramadol,-0.021900146875855404,0.0
trametinib,0.008342469973397574,0.0
tramiprosate,-0.06892481814188481,-0.24244508541212184
tranilast,-0.04262752010905022,0.21066046132172997
tranylcypromine,-0.03971003347918886,0.0
trapidil,0.007731058122885199,-0.2772549839443603
travoprost,-0.0657044837656265,0.2547001868844392
trazodone,-0.023466583607214816,0.0
trehalose,0.03620602742777898,0.0
tretinoin,-0.05851549450059104,0.28884701049795497
triamcinolone,0.049803798178208646,0.0
triamcinolone-acetonide,-0.00817237069799669,-0.2589591692715608
triamterene,0.02295898597420256,-0.1750786614542889
trichostatin-a,-0.020784323332280724,0.20905013540580786
triclabendazole,-0.014737245964066314,0.15870504217712733
triclosan,-0.007748664827674083,-0.2132659700309079
trientine,0.009868548132051664,0.0
trifluoperazine,-0.0975640789923451,-0.17973283764358514
triflupromazine,-0.031772790693077195,0.0
trifluridine,0.08879192861235834,-0.21010112477018714
trilostane,-0.03467875827533761,-0.2575424074858762
trimebutine,0.005077496353681556,0.0
trimetazidine,0.0010983685049720073,0.0
trimethobenzamide,-0.06452049436174477,-0.26048879117258583
trimethoprim,-0.004461806365753059,0.2746563484748348
trimipramine,0.0415836095634685,0.2986292281674897
triptolide,-0.042045835936529906,0.0
triptorelin,-0.01599951427334787,0.0
troglitazone,0.010159832121259128,-0.23688983814086156
trovafloxacin,0.043808543475781954,0.0
tyrphostin-1,0.011327544093248534,-0.2853326743840897
tyrphostin-AG-112,-0.0695772747266708,-0.1490022865669664
tyrphostin-AG-1478,0.016418009306899625,-0.21466906945446942
ubenimex,-0.015245782679810865,-0.25465143547281377
ulipristal,0.04381990382225525,0.0
umeclidinium,-0.04980305170936939,-0.17402657403511684
unc-0646,0.04015209107277071,-0.20794650969333844
urapidil,-0.016704928052654076,0.0
urea,-0.040137573216450735,0.0
ursodeoxycholyltaurine,-0.0824317975614501,0.0
ursodiol,0.02907474491420089,0.0
ursolic-acid,-0.06260524301400493,0.0
valdecoxib,-0.015503654572389853,-0.223909871721533
valproic-acid,-0.03143838700053902,-0.29095734736472617
valrubicin,0.009171574892979465,0.0
valsartan,-0.042552026936612065,0.0
vandetanib,-0.0260874867391883,0.17272018338666012
vanoxerine,-0.012760129756906699,-0.18267444741079703
vardenafil,0.004141707285347826,-0.2920142195877854
varenicline,-0.0490438153022749,0.0
varespladib,-0.03484459965876192,0.0
veliparib,0.030947902962553116,0.0
vemurafenib,0.009139781529134954,-0.21316804499927597
venetoclax,0.06470496872103858,0.0
venlafaxine,-0.0005625033561083303,0.0
verapamil,0.047345641710383905,-0.22420597118921298
vernakalant,0.021490886280984046,-0.20073655006623287
verteporfin,0.039087778534015266,0.20995778561847336
vicriviroc,-0.03215061359772358,0.24460503385961152
vidarabine,-0.018572222282157443,0.1753497503002272
vilazodone,0.021832188900636137,-0.21413335839117964
vinburnine,-0.002087816538140804,-0.2702641058143279
vincamine,-0.03750208047511098,0.0
vinpocetine,-0.0026455213710490436,-0.1796138866846752
vismodegib,0.013542885588666512,0.20221853658691932
voglibose,-0.025666085107329713,0.0
volasertib,0.047545480779325,0.0
voreloxin,-0.0034760267509829803,-0.23555017010312085
voriconazole,-0.03571075507003599,0.0
vorinostat,-0.008595484361705832,0.20982788123726606
vortioxetine,-0.027346493711483406,0.0
voxtalisib,-0.004084669621783363,0.2028736646766378
vu0155056,-0.01371204776838316,0.0
warfarin,-0.019276048674567337,0.0
withaferin-a,0.006836640289700926,0.0
xaliproden,-0.060101045302242535,0.0
yohimbine,-0.08259123655406293,0.0
zafirlukast,-0.007512475819120326,0.0
zalcitabine,-0.05696247853223838,0.0
zaldaride,0.02799834906883977,-0.17875141929418514
zaleplon,0.013659542525514039,-0.2797061693773305
zaprinast,-0.020352878325199143,0.0
zardaverine,0.04295636276784762,0.0
zebularine,0.017898817671014772,-0.24193389915248778
zidovudine,-0.08265022228436207,0.20716087092669305
zileuton,-0.054448627814467535,0.0
ziprasidone,-0.05857957470902927,0.0
zofenopril-calcium,-0.046095086716228834,-0.19490942258392255
zolpidem,0.018888737666583878,0.0
zonisamide,-0.1012662442439238,-0.17821264048716912
zosuquidar,-0.05012543928639506,0.0
