drug,vae_score,vae_rank
daunorubicin,0.36071813,1
AT-9283,0.3578708,2
AZD-4547,0.322005,3
barasertib-HQPA,0.31783652,4
mitomycin-c,0.3136699,5
temsirolimus,0.31158108,6
everolimus,0.3092328,7
WZ-3105,0.30065912,8
sirolimus,0.2938574,9
epirubicin,0.28892168,10
cediranib,0.28644168,11
ingenol-mebutate,0.28541696,12
SN-38,0.27911106,13
phorbol-myristate-acetate,0.2771736,14
KIN001-266,0.27358952,15
cobimetinib,0.27060983,16
dovitinib,0.2673207,17
XMD-16144,0.26692528,18
okadaic acid,0.2625069,19
camptothecin,0.26199558,20
aurora-a-inhibitor-i,0.2611356,21
tozasertib,0.25562188,22
altrenogest,0.255149,23
niclosamide,0.24665329,24
volasertib,0.24492896,25
etoposide,0.23791504,26
mitoxantrone,0.236242,27
PF-431396,0.23526092,28
doxorubicin,0.23492292,29
BI-2536,0.23280975,30
chelerythrine,0.23180498,31
BS-181,0.22638915,32
foretinib,0.22636901,33
darapladib,0.22550847,34
palbociclib,0.2230235,35
NVP-AEW541,0.22089311,36
PF-03814735,0.2179209,37
pevonedistat,0.21769762,38
gemcitabine,0.21686898,39
ENMD-2076,0.21574697,40
alisertib,0.2139558,41
PF-477736,0.21137857,42
PHA-665752,0.20813884,43
NMS-1286937,0.20678507,44
LGX-818,0.20539609,45
PF-562271,0.2051727,46
digoxin,0.20375322,47
rigosertib,0.20283286,48
adarotene,0.20274764,49
JQ1-(+),0.2023335,50
macitentan,0.20004366,51
BMS-345541,0.2000009,52
AS-703026,0.19943246,53
dinaciclib,0.19339024,54
brequinar,0.18862897,55
PHA-793887,0.18714482,56
crizotinib,0.18636878,57
XMD-1150,0.18279396,58
mubritinib,0.18254037,59
flutamide,0.18239933,60
MLN-8054,0.18147646,61
WZ-4002,0.1812019,62
mepacrine,0.17399012,63
tyrphostin-AG-1478,0.173896,64
meclofenamic-acid,0.17329773,65
tivantinib,0.17283615,66
smer-3,0.17229962,67
valrubicin,0.17149934,68
TAK-733,0.17066751,69
BX-912,0.1691754,70
meisoindigo,0.16789438,71
quizartinib,0.16782868,72
XMD11-85H,0.1674198,73
PD-173074,0.16632928,74
rebastinib,0.16540444,75
PF-03084014,0.16519581,76
refametinib,0.164874,77
LY-2090314,0.16409732,78
dexloxiglumide,0.16408888,79
rivaroxaban,0.16401325,80
MGCD-265,0.16258575,81
albendazole,0.1621838,82
CC-401,0.16149418,83
amonafide,0.16134089,84
AMG-517,0.16022965,85
cytochalasin-b,0.15912065,86
Ro-4987655,0.1580685,87
defactinib,0.15801886,88
binimetinib,0.15779105,89
nutlin-3,0.15758477,90
BAY-87-2243,0.1572177,91
enzastaurin,0.1565581,92
nateglinide,0.1560534,93
NPK76-II-72-1,0.15487422,94
halofantrine,0.15444365,95
cepharanthine,0.15397891,96
amsacrine,0.15385567,97
R-547,0.15358135,98
nintedanib,0.15264937,99
BIBX-1382,0.15263802,100
tacalcitol,0.15023656,101
CTS-1027,0.1497172,102
cabazitaxel,0.14940691,103
pinacidil,0.14705624,104
T-5224,0.14670609,105
KIN001-043,0.1464551,106
maxacalcitol,0.1461696,107
paricalcitol,0.14519045,108
tetracaine,0.14502612,109
pimobendan,0.14501075,110
zalcitabine,0.14452189,111
pinitol,0.14426434,112
dehydroepiandrosterone,0.14388707,113
BMS-387032,0.14362754,114
roquinimex,0.14304873,115
ercalcitriol,0.14277627,116
amuvatinib,0.14240493,117
bromocriptine,0.14229862,118
triptolide,0.1422276,119
ixabepilone,0.14126313,120
ifosfamide,0.14094663,121
levetiracetam,0.14081268,122
bruceantin,0.14063098,123
AV-412,0.13956702,124
BVD-523,0.13887157,125
pitavastatin,0.1381946,126
AST-1306,0.13659377,127
taladegib,0.13645542,128
QL-XII-47,0.13607268,129
triclosan,0.13587312,130
mepivacaine,0.13556652,131
XMD-885,0.13484702,132
lonafarnib,0.13483314,133
thioridazine,0.13448575,134
NU-7441,0.13435802,135
withaferin-a,0.13406865,136
celastrol,0.1338165,137
mycophenolic-acid,0.13362058,138
zardaverine,0.13275522,139
otamixaban,0.13230395,140
idasanutlin,0.1321704,141
ponatinib,0.13215809,142
PCI-24781,0.13170862,143
tolnaftate,0.13149862,144
taranabant,0.1306821,145
AZD-3514,0.13019532,146
SB-590885,0.12994304,147
exherin,0.12949435,148
varenicline,0.12732464,149
AVN-944,0.12727872,150
darunavir,0.12722218,151
isofloxythepin,0.12703355,152
merbarone,0.12650941,153
navitoclax,0.1257448,154
docetaxel,0.1254998,155
lafutidine,0.12541296,156
CEP-37440,0.12537977,157
FK-866,0.12519571,158
temoporfin,0.1247822,159
nefazodone,0.124655604,160
penicillin-v-potassium,0.124328606,161
CHIR-99021,0.123406716,162
podophyllotoxin,0.123271495,163
molsidomine,0.12265264,164
nepafenac,0.1205795,165
GSK-690693,0.12057154,166
telatinib,0.120486565,167
AT-7519,0.12045168,168
capsaicin,0.11993474,169
SEP-227900,0.11906507,170
HG-5-88-01,0.118891776,171
ivermectin,0.11669134,172
IKK-2-inhibitor-V,0.11659585,173
E-2012,0.116369694,174
balapiravir,0.11607917,175
PSI-6130,0.115942754,176
hexachlorophene,0.11517351,177
amrinone,0.11507126,178
linifanib,0.11501743,179
penfluridol,0.11495534,180
GW-843682X,0.11484551,181
canertinib,0.11372087,182
seocalcitol,0.11363069,183
atorvastatin,0.113417774,184
efatutazone,0.11335433,185
PF-04457845,0.11330768,186
BMY-14802,0.11311554,187
BIX-01294,0.11274246,188
GSK-1070916,0.11261594,189
nizofenone,0.11251433,190
JNK-IN-5A,0.112287976,191
resminostat,0.11222911,192
bosutinib,0.112177655,193
BMS-707035,0.11177008,194
tioconazole,0.11151727,195
MK-2206,0.111483924,196
AS-601245,0.11077691,197
alvocidib,0.110255964,198
amineptine,0.1101943,199
sasapyrine,0.11013214,200
almitrine,0.11003653,201
lersivirine,0.109584294,202
aphidicolin,0.10921447,203
picotamide,0.10914806,204
deoxycholic-acid,0.10896287,205
KBG,0.10884094,206
closantel,0.10869381,207
metergoline,0.10867154,208
I-BET-151,0.10839932,209
tolfenamic-acid,0.10816665,210
QL-X-138,0.10798169,211
osimertinib,0.107732326,212
dilazep,0.10761801,213
dequalinium,0.10752569,214
vemurafenib,0.10747471,215
LY-215490,0.106972575,216
ursolic-acid,0.10641607,217
methyldopa,0.10592215,218
ornidazole,0.10588512,219
L-655240,0.1056653,220
colchicine,0.10538013,221
BIX-02189,0.10501705,222
epothilone-b,0.10425043,223
lasalocid,0.10348609,224
XMD-892,0.10336076,225
Y-26763,0.10314692,226
tetrahydrouridine,0.103079215,227
diazoxide,0.10301834,228
paclitaxel,0.10282231,229
edoxudine,0.10225182,230
masoprocol,0.10184274,231
cinepazide,0.10165813,232
istaroxime,0.100658804,233
A-66,0.10034776,234
talazoparib,0.10004646,235
dicoumarol,0.09957312,236
AZD-7762,0.09933866,237
PSI-7976,0.09915444,238
TG-101348,0.09895609,239
apixaban,0.0987863,240
thioguanine,0.09850202,241
AZD-8330,0.097733654,242
YM-155,0.097591005,243
AKT-inhibitor-1-2,0.097435795,244
GSK-923295,0.09734676,245
fipronil,0.09722078,246
vandetanib,0.09700813,247
pilaralisib,0.096458875,248
MK-1775,0.096114226,249
midostaurin,0.095994264,250
KU-60019,0.095895596,251
GSK-2110183,0.09586564,252
tramadol,0.095829695,253
dexniguldipine,0.09550746,254
mefloquine,0.095466994,255
cobicistat,0.09526207,256
LY-2801653,0.09450496,257
KIN001-244,0.09434591,258
mericitabine,0.09430222,259
elesclomol,0.09407002,260
cabergoline,0.093728215,261
fluspirilene,0.09365554,262
tolimidone,0.09360217,263
warfarin,0.09342402,264
piribedil,0.09260533,265
tipifarnib-P2,0.092261635,266
teneligliptin,0.09189504,267
mycophenolate-mofetil,0.09157146,268
trichostatin-a,0.091244824,269
dapagliflozin,0.09123916,270
adapalene,0.09054842,271
cinaciguat,0.08997447,272
progesterone,0.089269675,273
LY-294002,0.08886716,274
sarsagenin,0.08734886,275
etravirine,0.08726794,276
NVP-TAE684,0.087234765,277
masitinib,0.086865276,278
theobromine,0.08632513,279
OSI-027,0.08586859,280
clomethiazole,0.08553838,281
GSK-1904529A,0.08409814,282
bezafibrate,0.08373349,283
STA-5326,0.082858175,284
AZ-628,0.08231515,285
R-428,0.08223875,286
clozapine,0.08146523,287
inositol,0.08143822,288
GSK-461364,0.081358135,289
GSK-256066,0.080944724,290
2-methoxyestradiol,0.080412604,291
golvatinib,0.080295466,292
YM-201636,0.079319894,293
radicicol,0.07927869,294
phenazone,0.07910588,295
olmesartan-medoxomil,0.07861535,296
genz-644282,0.07767612,297
XBD-173,0.07697083,298
gliclazide,0.0762542,299
carfilzomib,0.07557786,300
zofenopril-calcium,0.075303055,301
favipiravir,0.07496371,302
levamisole,0.07440931,303
teroxirone,0.074092805,304
vicriviroc,0.0739106,305
NVP-AUY922,0.07369484,306
clofazimine,0.07246561,307
hymecromone,0.07241406,308
romidepsin,0.071244195,309
sertraline,0.07109368,310
SU-11652,0.07059689,311
ganetespib,0.07054494,312
GSK-429286A,0.070461996,313
LDN-193189,0.06999247,314
cladribine,0.06985616,315
SB-743921,0.06982508,316
PF-04447943,0.06971262,317
fostamatinib,0.06963813,318
dihydroergotamine,0.06883077,319
raltegravir,0.068810605,320
sitagliptin,0.06823188,321
I-BET-762,0.06726491,322
nicaraven,0.06721581,323
avagacestat,0.06720373,324
flavoxate,0.06692024,325
famotidine,0.06676517,326
TPCA-1,0.06675312,327
tipiracil,0.06654011,328
conivaptan,0.066480204,329
thiomersal,0.0664797,330
kakonein,0.06612927,331
ARRY-334543,0.0661238,332
ALW-II-49-7,0.06586815,333
phenylephrine,0.065777525,334
NVP-BHG712,0.065633,335
GSK-2636771,0.06544272,336
veliparib,0.065220095,337
dacinostat,0.065023184,338
brivanib,0.064994484,339
etacrynic-acid,0.06462171,340
febuxostat,0.06427954,341
preladenant,0.064231925,342
anidulafungin,0.063839085,343
AP-26113,0.0638385,344
semaxanib,0.06376249,345
cefozopran,0.0637356,346
SAR-245409,0.06340657,347
PD-184352,0.06328928,348
ampalex,0.0631858,349
bortezomib,0.06286105,350
flumatinib,0.061758347,351
CP-724714,0.061138343,352
saracatinib,0.060811512,353
indole-3-carbinol,0.060705084,354
cefepime,0.060172413,355
XL-888,0.059932195,356
trametinib,0.05983863,357
clofibrate,0.05969543,358
tacrine,0.059671193,359
WZ-4-145,0.058523927,360
KW-2478,0.058466256,361
S-ruxolitinib,0.057705447,362
clomifene,0.05650674,363
iguratimod,0.05635049,364
KX2-391,0.05621077,365
homoharringtonine,0.055376407,366
linsitinib,0.055026185,367
AMG-232,0.05474044,368
JW-7-24-1,0.05461257,369
lorglumide,0.054411232,370
vincamine,0.053951953,371
bimatoprost,0.05392773,372
roflumilast,0.05382871,373
JNJ-26481585,0.053806257,374
rottlerin,0.052706704,375
exemestane,0.05257408,376
apocynin,0.052533455,377
neostigmine,0.052029856,378
cilengitide,0.051631756,379
rociletinib,0.05141356,380
deforolimus,0.05075385,381
combretastatin-A-4,0.050479535,382
L-690330,0.050197307,383
delivert,0.050115913,384
estramustine-phosphate,0.0500339,385
idalopirdine,0.050029643,386
penciclovir,0.04992849,387
meptazinol,0.04957968,388
fosfomycin,0.049202997,389
lomerizine,0.049032792,390
olanzapine,0.04870206,391
eperezolid,0.04863181,392
lonidamine,0.048327535,393
dolastatin-10,0.048225243,394
SU-014813,0.04806748,395
D-4476,0.047942467,396
sertindole,0.047101445,397
deferasirox,0.04695912,398
sulbactam,0.04664252,399
desmopressin-acetate,0.04656438,400
umeclidinium,0.04655742,401
apabetalone,0.046040036,402
alvimopan,0.045900147,403
bisoprolol,0.045669243,404
rupatadine,0.04547295,405
AR-A014418,0.04491792,406
cefotetan,0.04475704,407
piclamilast,0.044597268,408
menadione,0.044521622,409
rimcazole,0.044033673,410
quercetin,0.043626647,411
azelastine,0.042714752,412
CC-930,0.042663094,413
zileuton,0.042523414,414
MK-3207,0.042032447,415
etofylline-clofibrate,0.04159796,416
baicalin,0.04130842,417
dacomitinib,0.041059077,418
sorafenib,0.04075713,419
entinostat,0.04039432,420
gsk126,0.040178776,421
QL-XI-92,0.040150795,422
repaglinide,0.04012194,423
ticagrelor,0.04000569,424
fulvestrant,0.03984898,425
levomequitazine,0.039463986,426
curcumin,0.03853692,427
cyanocobalamin,0.03833161,428
L-citrulline,0.037715327,429
ixazomib-citrate,0.037552696,430
BMS-299897,0.036879376,431
netupitant,0.036643505,432
SR-33805,0.036299177,433
rosuvastatin,0.036290966,434
rosiglitazone,0.036045805,435
tramiprosate,0.03601621,436
ARP-101,0.035735186,437
zonisamide,0.035642043,438
selumetinib,0.035629418,439
fluocinolone-acetonide,0.035621975,440
nelarabine,0.035266172,441
benazepril,0.03508301,442
primaquine,0.034804337,443
CYT387,0.034763657,444
HC-030031,0.034601085,445
piketoprofen,0.034393992,446
pilocarpine,0.03434837,447
talnetant,0.034114398,448
BRD-K68548958,0.033732895,449
LY-2157299,0.033640336,450
PFI-1,0.033061333,451
methylstat,0.032786638,452
diethylstilbestrol,0.032650106,453
resatorvid,0.032111418,454
amodiaquine,0.031570487,455
fingolimod,0.031557195,456
tanaproget,0.031443354,457
LCQ-908,0.031149818,458
triflupromazine,0.031082748,459
alagebrium,0.03076224,460
vidarabine,0.030421441,461
bazedoxifene,0.030381804,462
AVL-292,0.029725406,463
loratadine,0.029118737,464
naftopidil,0.029055486,465
clonazepam,0.028786745,466
leflunomide,0.027955892,467
MG-132,0.02772422,468
NVP-BGJ398,0.027203208,469
nortriptyline,0.02703545,470
TH-302,0.027008358,471
laropiprant,0.026939273,472
donepezil,0.026881363,473
riluzole,0.026615774,474
VP-20629,0.026425635,475
busulfan,0.026370393,476
XMD-1499,0.026310759,477
alizapride,0.026295977,478
RU-58841,0.026147233,479
tecastemizole,0.026011545,480
EVP-6124,0.025923604,481
tyrphostin-AG-112,0.025793105,482
mocetinostat,0.025710026,483
basimglurant,0.025517074,484
calpeptin,0.025103549,485
clofoctol,0.02509637,486
pimavanserin,0.025015723,487
asenapine,0.024796769,488
vortioxetine,0.024510816,489
idoxuridin,0.024396721,490
CTB,0.024195023,491
GDC-0152,0.024093801,492
itraconazole,0.024091417,493
quinine,0.02401074,494
ifenprodil,0.023840435,495
aminocaproic-acid,0.023709876,496
anamorelin,0.023545431,497
RG-2833,0.022893235,498
alectinib,0.022887617,499
imatinib,0.022707524,500
LY-2228820,0.022392781,501
simeprevir,0.021938719,502
broxuridine,0.021576392,503
minaprine,0.02135068,504
fenticonazole,0.021325001,505
estramustine,0.021212405,506
ketanserin,0.021085816,507
AZD-5438,0.02101445,508
dorzolamide,0.020703586,509
GDC-0941,0.020436695,510
rilpivirine,0.020431511,511
amoxapine,0.020207128,512
glycopyrrolate,0.020045528,513
oxybuprocaine,0.01994335,514
bexarotene,0.019938117,515
EMD-1214063,0.019862026,516
asymmetrical-dimethylarginine,0.01962061,517
tacedinaline,0.019614505,518
vorinostat,0.019603381,519
armodafinil,0.019582456,520
EX-527,0.019486165,521
SDZ-NKT-343,0.019371452,522
flutrimazole,0.019238088,523
lodoxamide,0.01903339,524
sildenafil,0.018008921,525
HG-14-10-04,0.017513098,526
nafamostat,0.017419748,527
nicotine,0.01731516,528
5-aminolevulinic-acid,0.01728244,529
dofequidar,0.017111305,530
TGX-221,0.01702841,531
indoprofen,0.016997194,532
acivicin,0.016821912,533
indibulin,0.016813828,534
etanidazole,0.016812716,535
pralatrexate,0.016635804,536
IOWH-032,0.016595948,537
aliskiren,0.016199607,538
teriflunomide,0.016127793,539
bisindolylmaleimide,0.015627488,540
neratinib,0.015299552,541
LY-2811376,0.014593399,542
linopirdine,0.014480047,543
ibrutinib,0.014459652,544
sulpiride,0.014455214,545
GSK-1292263,0.014149801,546
danazol,0.014108567,547
cianidanol,0.01386516,548
dopamine,0.013642238,549
erythromycin,0.013638185,550
manumycin-a,0.013629503,551
levosimendan,0.013612281,552
ranitidine,0.0135751935,553
secnidazole,0.013242624,554
pimozide,0.013023939,555
metformin,0.012966104,556
lomitapide,0.012933917,557
suvorexant,0.0128970565,558
atipamezole,0.012812733,559
rilmenidine,0.012625211,560
orlistat,0.01262146,561
SU-11274,0.011823131,562
palomid-529,0.011733489,563
gestrinone,0.011311771,564
brivudine,0.01112873,565
epitiostanol,0.01111247,566
metamizole,0.010893906,567
miconazole,0.010859777,568
SB-271046,0.010682048,569
piperidolate,0.010533884,570
FPL-55712,0.010369819,571
SC-12267,0.010358734,572
tetradecylthioacetic-acid,0.010213426,573
valsartan,0.010125295,574
olprinone,0.010125209,575
rufinamide,0.009957619,576
bucladesine,0.009715789,577
ZK-811752,0.0097077135,578
diphenylpyraline,0.009592125,579
cilostazol,0.009053133,580
erlotinib,0.008937952,581
metoprolol,0.008774817,582
ammonium-glycyrrhizinate,0.008731139,583
donitriptan,0.00854211,584
sodium-gualenate,0.008434272,585
mepyramine,0.008400976,586
lofexidine,0.008371811,587
pramipexole,0.008268524,588
SB-939,0.00815167,589
sofalcone,0.008035766,590
dexfenfluramine,0.007820336,591
bitopertin,0.0077420305,592
WAY-362450,0.0076810187,593
agomelatine,0.007661351,594
DPI-201106,0.0075109224,595
pinaverium,0.0074707386,596
reparixin,0.0074580433,597
alprostadil,0.0073479735,598
cinnarizine,0.0073247934,599
HG-9-91-01,0.0071039544,600
felodipine,0.006970703,601
ixazomib,0.0068660085,602
doxofylline,0.006804231,603
scopolamine,0.006410438,604
betulinic-acid,0.0063539078,605
candesartan,0.00616768,606
VTP-27999,0.0060570883,607
butaclamol,0.0058799894,608
capecitabine,0.005859453,609
MK-5108,0.0058192667,610
chlorambucil,0.0057547637,611
belinostat,0.0057537444,612
moxisylyte,0.005693204,613
BIIB-021,0.0055355,614
amtolmetin-guacil,0.0055295895,615
cariporide,0.0054994584,616
fidaxomicin,0.005124769,617
CEP-32496,0.0049299104,618
PF-04620110,0.0035284215,619
MK-2461,0.003167728,620
ganciclovir,0.0029746809,621
castanospermine,0.0028324733,622
linezolid,0.0025024714,623
cyclizine,0.0020701177,624
ruxolitinib,0.0019264986,625
atovaquone,0.0016900974,626
mirtazapine,0.0016829771,627
honokiol,0.0016033725,628
CT-7758,0.0014454662,629
licarbazepine,0.0010593918,630
mibampator,0.0006916643,631
cefoperazone,0.0006338716,632
riociguat,0.00016547114,633
chlorpromazine,-1.5346332e-05,634
RG-108,-0.00012647403,635
chloramphenicol,-0.00034988968,636
hesperidin,-0.00037575874,637
carbachol,-0.0004164865,638
mepazine,-0.0005154398,639
linsidomine,-0.000533702,640
afloqualone,-0.0005841253,641
amlexanox,-0.0006056167,642
GDC-0834,-0.0011759104,643
cimetidine,-0.0012863782,644
eptifibatide,-0.0015014224,645
pomalidomide,-0.0015596944,646
moxidectin,-0.00178655,647
A-769662,-0.0018877836,648
picolinic-acid,-0.0021318824,649
10-DEBC,-0.0023041219,650
mebendazole,-0.0023387407,651
valdecoxib,-0.0023531765,652
lerisetron,-0.0024099366,653
sumatriptan,-0.0025112054,654
KU-55933,-0.002556155,655
rolipram,-0.002594894,656
PHA-848125,-0.002626981,657
ambroxol,-0.0027292152,658
thiothixene,-0.0027498794,659
GSK-J4,-0.0029727481,660
YM-976,-0.0031577195,661
nesbuvir,-0.0031798119,662
BAY-K8644,-0.0034198267,663
trifluridine,-0.003558884,664
dazoxiben,-0.0036239123,665
eugenol,-0.0037276936,666
praziquantel,-0.0037491394,667
estradiol,-0.0039070295,668
mozavaptan,-0.003969569,669
mazindol,-0.003983102,670
emtricitabine,-0.003991447,671
doramapimod,-0.004125831,672
swainsonine,-0.0041717794,673
ischemin,-0.004182335,674
vardenafil,-0.004203748,675
ursodeoxycholyltaurine,-0.004224161,676
VT-464,-0.0042603817,677
doxepin,-0.004276098,678
OSI-930,-0.0043475856,679
glipizide,-0.0043897107,680
luliconazole,-0.0046236636,681
telcagepant,-0.0046894588,682
allopurinol,-0.004817009,683
sertaconazole,-0.0049730134,684
dasabuvir,-0.0050047217,685
luteolin,-0.005123727,686
benzotript,-0.005138439,687
AT7867,-0.005171067,688
chlorprothixene,-0.005561353,689
amitifadine,-0.005631136,690
tolvaptan,-0.0057816557,691
methoxsalen,-0.0058989436,692
fluticasone-propionate,-0.005964278,693
phenylacetylglutamine,-0.0061081224,694
SB-216763,-0.006298108,695
SK&F-10047-(+),-0.006546204,696
lidamidine,-0.006567563,697
malotilate,-0.0068551577,698
pirfenidone,-0.0068634106,699
andrographolide,-0.0070011546,700
AEE-788,-0.00703626,701
medetomidine,-0.007065204,702
ketoconazole,-0.007156855,703
mannitol-D,-0.0073990356,704
talinolol,-0.007486585,705
BMS-599626,-0.007650404,706
timofibrate,-0.007820712,707
ritonavir,-0.007862536,708
testosterone,-0.007869343,709
milacemide,-0.008109244,710
meloxicam,-0.008138995,711
HMN-214,-0.008192182,712
azithromycin,-0.008400809,713
RHO-kinase-inhibitor-III[rockout],-0.008488926,714
timonacic,-0.008519126,715
lorcaserin,-0.008554771,716
fasudil,-0.008666606,717
acetazolamide,-0.0090154065,718
dosulepin,-0.009105399,719
zolpidem,-0.009137039,720
rucaparib,-0.009268168,721
pyrimethamine,-0.009289604,722
milnacipran,-0.009321797,723
duloxetine,-0.009482601,724
PF-02545920,-0.009519188,725
raloxifene,-0.009676688,726
mitiglinide,-0.009884488,727
NXY-059,-0.0100776795,728
formoterol,-0.010095797,729
mizolastine,-0.010248113,730
mCPP,-0.010396084,731
rimantadine,-0.010426211,732
pioglitazone,-0.010459766,733
palovarotene,-0.010569715,734
buflomedil,-0.010964962,735
SB-756050,-0.011007502,736
PD-0325901,-0.0110442685,737
phentermine,-0.011050661,738
cyclosporin-a,-0.011092506,739
sulfadoxine,-0.011163094,740
mifobate,-0.011228362,741
tamoxifen,-0.011296922,742
furosemide,-0.011478726,743
nefopam,-0.011590074,744
telmisartan,-0.01168585,745
ORG-9768,-0.011795534,746
DMP-777,-0.011810313,747
diosmin,-0.011821222,748
pantoprazole,-0.012372112,749
nefiracetam,-0.01242501,750
voglibose,-0.012493895,751
VX-222,-0.01322014,752
famciclovir,-0.013425777,753
probenecid,-0.013451616,754
CI-976,-0.013535797,755
SB-242235,-0.013645558,756
rimonabant,-0.013701348,757
lamivudine,-0.013804963,758
bavisant,-0.013808567,759
trehalose,-0.013907758,760
novobiocin,-0.014027369,761
vilazodone,-0.014103267,762
diltiazem,-0.0146083655,763
TTNPB,-0.014624728,764
drospirenone,-0.014640899,765
dabigatran-etexilate,-0.014748162,766
maribavir,-0.014782422,767
ginkgolide-b,-0.0150596965,768
rocuronium,-0.0152695095,769
emedastine,-0.015419826,770
THZ-2-98-01,-0.015460344,771
S-18986,-0.015478668,772
nicergoline,-0.015509121,773
chrysin,-0.015556601,774
dabrafenib,-0.01563203,775
delanzomib,-0.01580439,776
taselisib,-0.015891619,777
geldanamycin,-0.015904889,778
sobetirome,-0.015980192,779
voriconazole,-0.016853051,780
venetoclax,-0.016937977,781
choline-alfoscerate,-0.017002694,782
gabapentin,-0.017261716,783
milrinone,-0.017558955,784
carglumic-acid,-0.017719021,785
HG-5-113-01,-0.017757915,786
afatinib,-0.017798956,787
FK-888,-0.01786159,788
baricitinib,-0.017921073,789
felbamate,-0.017944358,790
toremifene,-0.017962491,791
medroxyprogesterone-acetate,-0.018069576,792
glafenine,-0.018238835,793
lidoflazine,-0.018315386,794
norethisterone,-0.018318065,795
norgestrel,-0.018436717,796
fludarabine-phosphate,-0.018486947,797
clofibric-acid,-0.018574119,798
ecabet,-0.018608388,799
gefitinib,-0.018630784,800
tobramycin,-0.018649455,801
losartan,-0.018712686,802
ipratropium,-0.018775089,803
ZK-200775,-0.018885188,804
ledipasvir,-0.019036338,805
amiprilose,-0.019074222,806
desoxypeganine,-0.019088767,807
almorexant,-0.019135863,808
finasteride,-0.019275116,809
AMD-11070,-0.019383496,810
regorafenib,-0.019473072,811
topiroxostat,-0.01973793,812
dipyridamole,-0.019801365,813
probucol,-0.019810734,814
zidovudine,-0.019938674,815
faropenem,-0.019951792,816
fludroxycortide,-0.02004023,817
DMP-543,-0.020232514,818
pentamidine,-0.020301588,819
CO-102862,-0.020321174,820
escitalopram,-0.020345453,821
dipraglurant,-0.02047147,822
N6022,-0.020482972,823
safinamide,-0.020541284,824
TG-100115,-0.020752188,825
phenprocoumon,-0.020791072,826
doxapram,-0.020808008,827
epz-5676,-0.020874105,828
CGS-20625,-0.021008622,829
D-serine,-0.02101644,830
anagrelide,-0.021042772,831
lorazepam,-0.021074237,832
doxifluridine,-0.021108115,833
dronedarone,-0.021135936,834
troglitazone,-0.021163058,835
torcitabine,-0.021280523,836
mercaptopurine,-0.02128206,837
nilotinib,-0.021305446,838
JQ1-(-),-0.02132521,839
enoxacin,-0.02140119,840
AV-608,-0.021418815,841
etizolam,-0.021424303,842
quiflapon,-0.0215142,843
sodium-tanshinone-ii-a-sulfonate,-0.021557106,844
XL-147,-0.021735905,845
caffeine,-0.021762904,846
eflornithine,-0.021866929,847
ethinyl-estradiol,-0.022044636,848
API-001,-0.022222744,849
tolbutamide,-0.022248711,850
valproic-acid,-0.022404194,851
r(-)-apomorphine,-0.02248749,852
ibutilide,-0.022649793,853
fosinopril,-0.022727147,854
GW-842166,-0.022842443,855
NSI-189,-0.0229142,856
methiopril,-0.022992535,857
VX-661,-0.02314311,858
CPI-613,-0.023157176,859
carbamazepine,-0.023197157,860
epinastine,-0.023628863,861
dideoxyadenosine,-0.023666542,862
acetylcysteine,-0.023860944,863
barasertib,-0.023955274,864
acecainide,-0.024078103,865
AZD-8055,-0.024180736,866
dihydroergocristine,-0.024196137,867
indacaterol,-0.024316566,868
amiloride,-0.024347633,869
metoclopramide,-0.024434624,870
cholic-acid,-0.024446039,871
carbenoxolone,-0.024474695,872
amitriptyline,-0.02455299,873
dolasetron,-0.024564039,874
otilonium,-0.024590364,875
cytarabine,-0.024752725,876
AICA-ribonucleotide,-0.024890019,877
ACY-1215,-0.02494354,878
birinapant,-0.025439274,879
nandrolone,-0.02557605,880
KD-023,-0.025870662,881
NVP-DPP728,-0.025880884,882
AZD-1981,-0.026001321,883
felbinac,-0.026083622,884
AGK-2,-0.026098378,885
alaproclate,-0.026430186,886
AZD-9668,-0.026482178,887
BTS-54505,-0.026723823,888
SAR-245408,-0.027003346,889
fluvoxamine,-0.02762766,890
doxazosin,-0.02762944,891
metolazone,-0.027795294,892
orantinib,-0.02787922,893
levothyroxine,-0.028007183,894
trifluoperazine,-0.028082186,895
avanafil,-0.028115079,896
tetrindole,-0.028216805,897
aripiprazole,-0.028449664,898
indoramin,-0.028588356,899
goserelin-acetate,-0.028764494,900
nikethamide,-0.028846014,901
compound e,-0.02886355,902
lacosamide,-0.028929112,903
elvitegravir,-0.029080879,904
pranlukast,-0.02909463,905
clomipramine,-0.02916449,906
bopindolol,-0.02941986,907
esculin,-0.029481197,908
noscapine,-0.029547533,909
elacridar,-0.029847037,910
pentoxifylline,-0.02997128,911
mirodenafil,-0.029999496,912
cinoxacin,-0.030024426,913
moxonidine,-0.030063104,914
ALX-5407,-0.030407283,915
bendroflumethiazide,-0.03059082,916
darifenacin,-0.030951042,917
itopride,-0.031033617,918
AT-13387,-0.031167189,919
tamsulosin,-0.031194989,920
lisofylline,-0.031384222,921
balaglitazone,-0.031470727,922
fiacitabine,-0.031514175,923
protriptyline,-0.031594347,924
AS-605240,-0.031595,925
sacubitril,-0.031684674,926
KIN001-127,-0.031837173,927
phenytoin,-0.031898495,928
clinafloxacin,-0.03194567,929
JWE-035,-0.031998407,930
trazodone,-0.032114245,931
ciglitazone,-0.032466345,932
isosorbide-mononitrate,-0.032490563,933
diacerein,-0.03254582,934
bemegride,-0.03270017,935
clemizole,-0.032917872,936
RGFP-966,-0.03297257,937
nisoxetine,-0.032978766,938
benfluorex,-0.03308602,939
pyrazinoylguanidine,-0.033118892,940
triclabendazole,-0.033251435,941
altanserin,-0.033321053,942
miglitol,-0.033574954,943
tetrabenazine,-0.033824574,944
stavudine,-0.033988014,945
dantrolene,-0.034010153,946
rifabutin,-0.034015406,947
melatonin,-0.034077913,948
ranolazine,-0.034494784,949
trilostane,-0.03463972,950
apafant,-0.034709927,951
MBX-2982,-0.034781072,952
ribavirin,-0.035307184,953
lapatinib,-0.035380222,954
meglitinide,-0.035554573,955
UNC-0638,-0.035595372,956
acexamic-acid,-0.036129,957
indometacin,-0.036239296,958
saxagliptin,-0.036341295,959
trovafloxacin,-0.036714632,960
CI-966,-0.036841657,961
LY-2603618,-0.03715137,962
altretamine,-0.037342943,963
MK-8033,-0.037401073,964
lopinavir,-0.037511252,965
ABT-202,-0.037541054,966
lenvatinib,-0.037597544,967
terbinafine,-0.037733983,968
loxoprofen,-0.037812598,969
O6-benzylguanine,-0.037847962,970
tibolone,-0.037853435,971
DPCPX,-0.03786502,972
propylthiouracil,-0.038162805,973
motesanib,-0.038243767,974
nebivolol,-0.038377106,975
triamcinolone-acetonide,-0.038623266,976
lacidipine,-0.038697004,977
siramesine,-0.038934026,978
nalbuphine,-0.038954526,979
NU-7026,-0.038955774,980
OCO-1112,-0.039065834,981
quetiapine,-0.039089777,982
PF-04136309,-0.039166562,983
telotristat,-0.039263092,984
avasimibe,-0.039536048,985
TAK-285,-0.03964083,986
lirimilast,-0.03966527,987
BX-795,-0.039804664,988
ketotifen,-0.039918255,989
tasquinimod,-0.03996475,990
tadalafil,-0.040116936,991
salirasib,-0.04033415,992
procainamide,-0.040342554,993
celecoxib,-0.040471453,994
fluphenazine,-0.04058412,995
tie2-kinase-inhibitor,-0.040623512,996
rabeprazole,-0.040710453,997
"2',5'-dideoxyadenosine",-0.040792834,998
resiquimod,-0.040915977,999
fidarestat,-0.041229703,1000
oxatomide,-0.041238196,1001
ulipristal,-0.041317772,1002
tolazamide,-0.041527938,1003
ipriflavone,-0.041887566,1004
ZK-93426,-0.04222683,1005
"ICI-185,282",-0.042326726,1006
dalfampridine,-0.04270397,1007
Y-39983,-0.042784482,1008
guanadrel,-0.04283131,1009
molindone,-0.04332099,1010
zosuquidar,-0.043675974,1011
MK-0773,-0.043816317,1012
quinapril,-0.04390973,1013
adatanserin,-0.04430197,1014
methazolamide,-0.044316035,1015
AGI-5198,-0.044417378,1016
cutamesine,-0.044557363,1017
levonorgestrel,-0.04470052,1018
trimebutine,-0.04489185,1019
vinpocetine,-0.044933587,1020
bupivacaine,-0.044963047,1021
hydroflumethiazide,-0.04500471,1022
sorbinil,-0.045184482,1023
staurosporine,-0.045382835,1024
letrozole,-0.045542706,1025
canagliflozin,-0.045605075,1026
loperamide,-0.045607217,1027
PS-178990,-0.04566511,1028
pazopanib,-0.045738928,1029
CNQX,-0.04589936,1030
histamine,-0.045924086,1031
fenobam,-0.046052698,1032
enprofylline,-0.046096016,1033
serdemetan,-0.046199795,1034
semagacestat,-0.046262175,1035
irsogladine,-0.046405695,1036
bicalutamide,-0.046854336,1037
"16,16-dimethylprostaglandin-e2",-0.046931334,1038
ethylenediaminetetraacetic-acid,-0.047225,1039
TAK-875,-0.047247868,1040
actarit,-0.047263805,1041
NSC-4644,-0.047309108,1042
temozolomide,-0.0473549,1043
ambrisentan,-0.047513064,1044
tanespimycin,-0.04765071,1045
lidocaine,-0.04765833,1046
moracizine,-0.047956582,1047
tedizolid,-0.0480466,1048
sufentanil,-0.04813746,1049
LXR-623,-0.04815278,1050
glycitein,-0.048259415,1051
tiabendazole,-0.048454154,1052
lamotrigine,-0.048517864,1053
AZD-8931,-0.048817262,1054
narlaprevir,-0.049053956,1055
CL-218872,-0.049080793,1056
piracetam,-0.049535584,1057
ursodiol,-0.049613193,1058
maraviroc,-0.049859215,1059
letermovir,-0.050037093,1060
pentobarbital,-0.050070133,1061
BMS-509744,-0.05033313,1062
KD-025,-0.05043921,1063
tirapazamine,-0.05052316,1064
fomocaine,-0.05056052,1065
erteberel,-0.05056211,1066
tenidap,-0.05056574,1067
prazosin,-0.050625037,1068
pidotimod,-0.050669905,1069
WH-4-025,-0.05078294,1070
vinburnine,-0.050847653,1071
enzalutamide,-0.050889604,1072
KIN001-270,-0.0509775,1073
tebipenem,-0.0510211,1074
UK-383367,-0.051147524,1075
ARN-509,-0.0512022,1076
chlormezanone,-0.051275242,1077
anandamide,-0.0514263,1078
venlafaxine,-0.05170326,1079
trimethoprim,-0.05180981,1080
acifran,-0.052059893,1081
etomidate,-0.052263863,1082
TAK-715,-0.052481584,1083
acarbose,-0.052802913,1084
AMG-487,-0.052858222,1085
losmapimod,-0.052928258,1086
CGP-12177,-0.053102,1087
trapidil,-0.05319753,1088
MLN-2480,-0.053425167,1089
rasagiline,-0.053467546,1090
imexon,-0.053469382,1091
orphenadrine,-0.053592514,1092
cyproterone-acetate,-0.053631283,1093
haloperidol,-0.05371212,1094
indoximod,-0.053766727,1095
pelitinib,-0.0538495,1096
sulmazole,-0.054180983,1097
gallopamil,-0.054313302,1098
sulbutiamine,-0.054499898,1099
eplerenone,-0.05467025,1100
zafirlukast,-0.055141788,1101
RS-127445,-0.055337377,1102
triamterene,-0.055376675,1103
fexofenadine,-0.055474017,1104
urapidil,-0.055573694,1105
ketoprofen,-0.05558529,1106
proglumide,-0.05564912,1107
floxuridine,-0.056167178,1108
enoxolone,-0.056327187,1109
brexpiprazole,-0.056440283,1110
vernakalant,-0.05652991,1111
cilomilast,-0.05655994,1112
rutin,-0.056594834,1113
adenosine,-0.056612134,1114
ATN-161,-0.056629367,1115
NF-449,-0.05702983,1116
nicotinamide,-0.057381336,1117
MK-0812,-0.057722077,1118
niacin,-0.05772323,1119
cariprazine,-0.05802671,1120
piroxicam,-0.058256183,1121
oxybutynin,-0.058263402,1122
dapivirine,-0.05834387,1123
oxiperomide,-0.058425207,1124
ORE-1001,-0.058970973,1125
deferiprone,-0.059237044,1126
hydroxyurea,-0.059303712,1127
genistein,-0.05931747,1128
PH-797804,-0.05933857,1129
chlorphenamine,-0.0593502,1130
"3,3'-diindolylmethane",-0.059593678,1131
methimazole,-0.059607945,1132
betrixaban,-0.059619375,1133
betahistine,-0.05962244,1134
mesulergine,-0.059629176,1135
econazole,-0.059648905,1136
temazepam,-0.059763726,1137
taltirelin,-0.05984505,1138
VE-821,-0.060072575,1139
LY-2334737,-0.0601558,1140
gaboxadol,-0.060417596,1141
camostat-mesilate,-0.060668707,1142
ramipril,-0.060947653,1143
isradipine,-0.060999278,1144
dazmegrel,-0.061402183,1145
glibenclamide,-0.061406586,1146
dicloxacillin,-0.061455358,1147
lurasidone,-0.061647758,1148
amantadine,-0.06167891,1149
guanethidine,-0.062067468,1150
griseofulvin,-0.062103197,1151
anacetrapib,-0.062215198,1152
AMG-837,-0.06229063,1153
diclofensine,-0.06239863,1154
ubenimex,-0.06286797,1155
benzamil,-0.06292225,1156
SR-2640,-0.06299249,1157
amfepramone,-0.06299335,1158
FPL-62064,-0.063082784,1159
ketorolac,-0.06325133,1160
TG-100801,-0.0633043,1161
ftorafur,-0.063305765,1162
tonabersat,-0.063369706,1163
estrone,-0.06348168,1164
bretazenil,-0.06352341,1165
andarine,-0.06376659,1166
clinofibrate,-0.06385509,1167
amcinonide,-0.063869506,1168
lisinopril,-0.06392565,1169
relcovaptan,-0.064004205,1170
calcitriol,-0.06402339,1171
tandutinib,-0.064058706,1172
clenbuterol,-0.06414522,1173
RAF-265,-0.064558916,1174
benzylpenicillin,-0.06459498,1175
idebenone,-0.06499778,1176
ataluren,-0.06501895,1177
dienogest,-0.06529035,1178
cpi-169,-0.06530884,1179
minoxidil,-0.06530894,1180
orteronel,-0.06532614,1181
REV-5901,-0.06539325,1182
ibutamoren,-0.065416105,1183
palmitoylethanolamide,-0.06562243,1184
pregnenolone,-0.06564132,1185
droperidol,-0.065947145,1186
dasatinib,-0.066462524,1187
prednisone,-0.06664107,1188
moxifloxacin,-0.06669372,1189
tioguanine,-0.06707505,1190
SNX-2112,-0.06714,1191
isoniazid,-0.06756941,1192
PI-103,-0.068358704,1193
raclopride,-0.068519965,1194
nimesulide,-0.068682924,1195
cevimeline,-0.06929183,1196
oseltamivir-carboxylate,-0.06935026,1197
bosentan,-0.069510244,1198
ZSTK-474,-0.06951507,1199
exalamide,-0.06963705,1200
anastrozole,-0.06980732,1201
trientine,-0.06980805,1202
TWS-119,-0.0700508,1203
3-deazaadenosine,-0.07016804,1204
pirenzepine,-0.07020259,1205
balsalazide,-0.07026366,1206
midodrine,-0.07066623,1207
citalopram,-0.07074896,1208
efavirenz,-0.07079807,1209
fusidic-acid,-0.070853464,1210
mestinon,-0.07124786,1211
rifaximin,-0.071387894,1212
tyrphostin-1,-0.071614265,1213
fenoterol,-0.07198137,1214
biperiden,-0.07232822,1215
epz004777,-0.07252064,1216
ivacaftor,-0.07312405,1217
CX-4945,-0.07315035,1218
sunitinib,-0.0732686,1219
acenocoumarol,-0.07340916,1220
PF-03758309,-0.07353506,1221
trimetazidine,-0.07354682,1222
diphenidol,-0.07374536,1223
ICI-192605,-0.07416734,1224
cisapride,-0.07427943,1225
vismodegib,-0.074371904,1226
oxandrolone,-0.074393116,1227
niguldipine,-0.07445048,1228
AZD-5363,-0.074545756,1229
bupropion,-0.07456488,1230
metronidazole,-0.07474836,1231
pravastatin,-0.074845426,1232
fluorometholone,-0.0748513,1233
naftifine,-0.07489031,1234
climbazole,-0.07515456,1235
indiplon,-0.07523721,1236
ticlopidine,-0.07540831,1237
regadenoson,-0.075602874,1238
miglustat,-0.07593404,1239
tosedostat,-0.07600702,1240
retigabine,-0.07606218,1241
isoconazole,-0.07618712,1242
safingol,-0.07634289,1243
irbesartan,-0.07668107,1244
lumacaftor,-0.076716796,1245
resorcinol,-0.07694577,1246
diminazene-aceturate,-0.07697591,1247
clonidine,-0.07732544,1248
bifonazole,-0.07754149,1249
piretanide,-0.07790418,1250
torcetrapib,-0.07808381,1251
NVP-TAE226,-0.07823979,1252
AM-24,-0.078361355,1253
cordycepin,-0.078654416,1254
naftidrofuryl,-0.07871616,1255
oxybenzone,-0.07893472,1256
KIN001-260,-0.07895374,1257
chenodiol,-0.07919374,1258
AZD-7687,-0.07932578,1259
lesinurad,-0.079373345,1260
perindopril,-0.07986512,1261
indapamide,-0.079890825,1262
paroxetine,-0.07992146,1263
gemifloxacin,-0.079989575,1264
acipimox,-0.08002779,1265
phentolamine,-0.08009352,1266
paracetamol,-0.08009636,1267
MD-920,-0.08032082,1268
trimethobenzamide,-0.080511905,1269
AZD-7545,-0.080630735,1270
BMS-927711,-0.08074375,1271
CGK-733,-0.08107492,1272
EMD-53998,-0.081135646,1273
sch 900776,-0.08120052,1274
ABT-724,-0.08134529,1275
epinephrine,-0.081441924,1276
bafilomycin a1,-0.08167074,1277
epirizole,-0.08167982,1278
carisoprodol,-0.08183521,1279
nimodipine,-0.08183581,1280
cyclobenzaprine,-0.082129404,1281
metenkephalin,-0.08226794,1282
lupanine,-0.08245074,1283
mestranol,-0.08245748,1284
rizatriptan,-0.08249944,1285
naproxen,-0.08250913,1286
omeprazole,-0.082691014,1287
clindamycin,-0.08313178,1288
siguazodan,-0.08313184,1289
tasisulam,-0.0836429,1290
hydrocortisone,-0.083670765,1291
SB-203580,-0.0836814,1292
ozagrel,-0.08384659,1293
aprepitant,-0.08403447,1294
PA-824,-0.084083825,1295
triptorelin,-0.08426048,1296
risperidone,-0.08432515,1297
isbufylline,-0.08436895,1298
radezolid,-0.08443927,1299
apremilast,-0.08443939,1300
pirenoxine,-0.08503492,1301
bumetanide,-0.08534786,1302
tizanidine,-0.085510544,1303
empagliflozin,-0.0858534,1304
diethylcarbamazine,-0.085907005,1305
pimecrolimus,-0.08655322,1306
tiagabine,-0.08677919,1307
EPZ-005687,-0.08686594,1308
KI-20227,-0.08698109,1309
melperone,-0.08715662,1310
acyclovir,-0.08739537,1311
zebularine,-0.087417126,1312
ST-1859,-0.08756031,1313
dexamethasone-acetate,-0.087823406,1314
urea,-0.08787856,1315
thalidomide,-0.088108644,1316
Y-27152,-0.08849459,1317
triamcinolone,-0.0885029,1318
rucinol,-0.088537596,1319
imipramine,-0.08912777,1320
efaproxiral,-0.089509845,1321
tagatose,-0.089858204,1322
aclidinium,-0.08990062,1323
fluconazole,-0.089969076,1324
PK-11195,-0.09040659,1325
anecortave-acetate,-0.09042096,1326
UNC-0321,-0.09063719,1327
spironolactone,-0.090815514,1328
zaleplon,-0.09092367,1329
KW-2449,-0.091077305,1330
bepotastine,-0.09108814,1331
buspirone,-0.09117447,1332
aniracetam,-0.09129556,1333
CGP-60474,-0.09144405,1334
desvenlafaxine,-0.09146086,1335
fenoldopam,-0.09157101,1336
etodolac,-0.091633186,1337
abacavir,-0.091910735,1338
ripasudil,-0.092339136,1339
flumazenil,-0.09263653,1340
esmolol,-0.09277001,1341
quinidine,-0.0927796,1342
JNK-9L,-0.093010575,1343
levcromakalim,-0.09320549,1344
pazufloxacin,-0.09345908,1345
gliquidone,-0.09428594,1346
moclobemide,-0.09431478,1347
tiapride,-0.094754964,1348
telmesteine,-0.094956405,1349
AGP-103,-0.09503219,1350
rotigotine,-0.095551796,1351
arglabin,-0.09587165,1352
IPI-145,-0.09589009,1353
tomelukast,-0.09612804,1354
berberine,-0.096169725,1355
dinoprost,-0.0963429,1356
cytisine,-0.0964333,1357
perampanel,-0.09674309,1358
AGI-6780,-0.096915275,1359
WYE-125132,-0.09744309,1360
etoricoxib,-0.09825079,1361
ilomastat,-0.0985598,1362
SB-239063,-0.09861747,1363
ciprofloxacin,-0.098716274,1364
meclizine,-0.0992171,1365
etazolate,-0.09953762,1366
MF-101,-0.09963881,1367
carbimazole,-0.10022126,1368
CX-5461,-0.100234814,1369
lobenzarit,-0.1002984,1370
enalapril,-0.1004931,1371
chloroquine,-0.101976454,1372
tazarotene,-0.10228,1373
reserpine,-0.10235062,1374
CB-10-277-(free-acid),-0.10279091,1375
BIX-01338,-0.10302848,1376
pindolol,-0.103655845,1377
tirofiban,-0.10373755,1378
VX-745,-0.10487387,1379
UNC-1215,-0.10554165,1380
oglemilast,-0.10562901,1381
sulforaphane,-0.10575159,1382
equol,-0.10590975,1383
JTE-907,-0.10648363,1384
sarcosine,-0.106718935,1385
aminosalicylic-acid,-0.10724917,1386
dexamethasone,-0.10837491,1387
PX-12,-0.10891073,1388
reboxetine,-0.11003189,1389
pasireotide,-0.11044263,1390
olaparib,-0.11108224,1391
xaliproden,-0.11268085,1392
naphazoline,-0.11337877,1393
halcinonide,-0.113436565,1394
SB-705498,-0.1144753,1395
GSK-2334470,-0.11455458,1396
erythromycin-ethylsuccinate,-0.11543454,1397
fomepizole,-0.11574462,1398
nemonapride,-0.11576094,1399
TAS-103,-0.11584006,1400
GDC-0068,-0.115880005,1401
KIN001-055,-0.11605996,1402
gatifloxacin,-0.11618812,1403
labetalol,-0.1164889,1404
guanaben-acetate,-0.11709718,1405
azacitidine,-0.11730337,1406
chlorpropamide,-0.11794895,1407
oxiconazole,-0.11825715,1408
roscovitine,-0.11929651,1409
PF-04691502,-0.11993331,1410
WZ-7043,-0.120075196,1411
SB-525334,-0.12119309,1412
propentofylline,-0.12124496,1413
selamectin,-0.122625865,1414
targinine,-0.12488942,1415
VE-822,-0.12554689,1416
methylprednisolone,-0.12583345,1417
dapsone,-0.12637414,1418
butorphanol-(+)-tartrate,-0.1265822,1419
voxtalisib,-0.129116,1420
acrivastine,-0.13310528,1421
IOX2,-0.13346073,1422
etofenamate,-0.13500771,1423
tirasemtiv,-0.13501264,1424
HG-6-64-01,-0.13529955,1425
SCH-28080,-0.1353101,1426
AZ-20,-0.14040527,1427
ritodrine,-0.14108682,1428
MDL-73005EF,-0.14141643,1429
GSK-J2,-0.1427141,1430
atenolol-(+/-),-0.14484933,1431
phenylbutyrate,-0.1453862,1432
tacrolimus,-0.14936332,1433
bms-906024,-0.15018855,1434
PHA-767491,-0.15386878,1435
buparlisib,-0.15464354,1436
JW55,-0.15500002,1437
theophylline,-0.1565802,1438
PLX-4720,-0.15776385,1439
Y-27632,-0.1591328,1440
SGI-1776,-0.15942961,1441
garcinol,-0.16191539,1442
AZD-1480,-0.16380171,1443
JNJ-38877605,-0.16394797,1444
roxithromycin,-0.1670472,1445
iniparib,-0.16992305,1446
A-443654,-0.16999647,1447
cabozantinib,-0.1719,1448
selinexor,-0.17249086,1449
MC1568,-0.17439868,1450
GSK-3-inhibitor-II,-0.1745805,1451
sulfafurazole,-0.17544834,1452
alvespimycin,-0.17610066,1453
SGX523,-0.17754744,1454
OTS-167,-0.1782315,1455
idelalisib,-0.18017754,1456
CYT-997,-0.18150125,1457
GNF-2,-0.18343471,1458
GSK-J1,-0.18519576,1459
unc-0646,-0.19192995,1460
LY-2874455,-0.1921236,1461
ALW-II-38-3,-0.19474182,1462
ZM-447439,-0.19539115,1463
bardoxolone-methyl,-0.1976012,1464
CP-466722,-0.19839117,1465
decitabine,-0.20454557,1466
PF-573228,-0.20708793,1467
alpelisib,-0.20715384,1468
GDC-0980,-0.2095201,1469
torin-1,-0.21053594,1470
danusertib,-0.21077417,1471
KIN001-269,-0.212655,1472
lestaurtinib,-0.2137753,1473
FR-180204,-0.21475439,1474
AZD-2014,-0.2158168,1475
talmapimod,-0.22414649,1476
pyrazolanthrone,-0.22636227,1477
GDC-0879,-0.23124167,1478
1271738-62-5,-0.23463073,1479
MLN-0128,-0.23652561,1480
daminozide,-0.23700634,1481
BRD-K73261812,-0.23715831,1482
oprozomib,-0.23974489,1483
ABT-737,-0.24786875,1484
anacardic-acid,-0.25030398,1485
IKK-inhibitor-X,-0.2531892,1486
tivozanib,-0.25477228,1487
salermide,-0.25600585,1488
SYK-inhibitor,-0.25957102,1489
fdcyd,-0.2607323,1490
tranylcypromine,-0.2649674,1491
KIN001-242,-0.27708587,1492
clofarabine,-0.27932137,1493
epigallocatechin-gallate-(-),-0.28014287,1494
GW-5074,-0.28014982,1495
resveratrol,-0.2805542,1496
BMS-777607,-0.28100654,1497
UNC-669,-0.28489357,1498
irinotecan,-0.28671092,1499
"4,5,6,7-tetrabromobenzotriazole",-0.2979978,1500
PIK-93,-0.29841024,1501
AZD-6482,-0.30573893,1502
amikacin,-0.31092173,1503
GSK-1059615,-0.3123197,1504
L-ergothioneine,-0.31307387,1505
tofacitinib,-0.31358328,1506
tretinoin,-0.32049614,1507
indirubin,-0.3209269,1508
ASC-J9,-0.32588822,1509
balicatib,-0.3345212,1510
voreloxin,-0.33731437,1511
PF-04217903,-0.34224072,1512
phenformin,-0.34541556,1513
tafamidis-meglumine,-0.34597847,1514
benzbromarone,-0.3479597,1515
GSK-2126458,-0.3482534,1516
torin-2,-0.36029065,1517
dolutegravir,-0.36442173,1518
rondual-kinase-inhibitor,-0.37107033,1519
BGT-226,-0.3724608,1520
vu0155056,-0.38003162,1521
BCI-540,-0.38204932,1522
NVP-BEZ235,-0.38220653,1523
tamibarotene,-0.38297996,1524
setiptiline,-0.38551846,1525
artesunate,-0.38690177,1526
CG-930,-0.38783446,1527
tegobuvir,-0.38849396,1528
budipine,-0.393383,1529
cyproheptadine,-0.39632663,1530
sparfloxacin,-0.39763573,1531
beclomethasone-dipropionate,-0.39825457,1532
marimastat,-0.40112478,1533
suprofen,-0.40190467,1534
carprofen,-0.4036958,1535
estriol,-0.40438205,1536
clobetasol,-0.4054126,1537
metatinib,-0.4083119,1538
maprotiline,-0.41107163,1539
ciclesonide,-0.41203043,1540
ASA-404,-0.41237482,1541
diflunisal,-0.41535297,1542
levocetirizine,-0.4165605,1543
selegiline,-0.41659933,1544
penitrem-a,-0.41992256,1545
PCA-4248,-0.42131683,1546
indinavir,-0.42409053,1547
merimepodib,-0.42530787,1548
amlodipine,-0.42916268,1549
clarithromycin,-0.4300318,1550
ellagic-acid,-0.4314374,1551
ZD-7288,-0.43276423,1552
dextromethorphan,-0.43522575,1553
atomoxetine,-0.4372182,1554
calpain inhibitor ii,-0.43809658,1555
saquinavir,-0.43935186,1556
filgotinib,-0.4405238,1557
folic-acid,-0.44193038,1558
verteporfin,-0.4431284,1559
perhexiline,-0.44541475,1560
lomeguatrib,-0.4467579,1561
latanoprost,-0.45223594,1562
batimastat,-0.4535684,1563
varespladib,-0.45443535,1564
pyrazinamide,-0.45692495,1565
forskolin,-0.45848614,1566
TIC10,-0.45982498,1567
arofylline,-0.46097943,1568
hypericin,-0.4616354,1569
LY-2784544,-0.46448764,1570
ZK-93423,-0.4670659,1571
simvastatin,-0.46935016,1572
vanoxerine,-0.471735,1573
phenylbutazone,-0.47284755,1574
SR-27897,-0.4738434,1575
rimexolone,-0.47420135,1576
amiodarone,-0.4782069,1577
SR-57227A,-0.47882724,1578
imiquimod,-0.4794543,1579
camicinal,-0.48159784,1580
azelaic-acid,-0.48350802,1581
omecamtiv-mecarbil,-0.48516616,1582
grazoprevir,-0.48677787,1583
topiramate,-0.48685965,1584
aspirin,-0.48960495,1585
ostarine,-0.49092817,1586
levalbuterol,-0.4929657,1587
zaprinast,-0.4940491,1588
lacitol,-0.49632242,1589
anisodamine,-0.4968025,1590
metixene,-0.4978869,1591
dacarbazine,-0.5001648,1592
disopyramide,-0.5003683,1593
ziprasidone,-0.5005099,1594
MK-0752,-0.50064707,1595
mibefradil,-0.50223595,1596
PKI-179,-0.5024975,1597
dimethyl-fumarate,-0.5026543,1598
proguanil,-0.5037082,1599
gimeracil,-0.50448626,1600
potassium-canrenoate,-0.50463784,1601
danegaptide,-0.50581807,1602
ofloxacin,-0.50585276,1603
chloroxine,-0.5069302,1604
etomoxir,-0.5076179,1605
ganaxolone,-0.50788236,1606
MK-8245,-0.50912714,1607
liranaftate,-0.5134299,1608
travoprost,-0.51349384,1609
fluoxetine,-0.51473665,1610
bifemelane,-0.51562965,1611
SB-683698,-0.51685363,1612
ABT-239,-0.51705915,1613
yohimbine,-0.51737773,1614
phensuximide,-0.52068084,1615
17-hydroxyprogesterone-caproate,-0.52162594,1616
diazepam,-0.52314556,1617
bevirimat-dimeglumine,-0.5240066,1618
torasemide,-0.52414644,1619
AMG-208,-0.52687496,1620
tazobactam,-0.52768886,1621
trimipramine,-0.52858853,1622
acebutolol,-0.5288038,1623
PD-123319,-0.5289642,1624
gemfibrozil,-0.53213227,1625
aminoguanidine,-0.5337989,1626
ramelteon,-0.537411,1627
retapamulin,-0.539808,1628
KN-62,-0.53991455,1629
ibudilast,-0.5423686,1630
granisetron,-0.5429761,1631
cromoglicic-acid,-0.5441304,1632
AZD-1208,-0.5443675,1633
sotrastaurin,-0.5465155,1634
inosine,-0.54757327,1635
RG-4733,-0.54859805,1636
LY-2886721,-0.549051,1637
medrysone,-0.551737,1638
flecainide,-0.55195665,1639
aminoglutethimide,-0.5521382,1640
ZD-7114,-0.5529591,1641
ibuprofen,-0.5529886,1642
odanacatib,-0.55573267,1643
fluorouracil,-0.5563828,1644
methylnaltrexone,-0.5572322,1645
licochalcone-a,-0.5595753,1646
fadrozole,-0.5609905,1647
nevirapine,-0.56189626,1648
pritelivir,-0.56787896,1649
DU-728,-0.56818044,1650
L-NAME,-0.56864977,1651
naringenin,-0.56953746,1652
atracurium,-0.57340014,1653
tiludronate,-0.57614285,1654
procaine,-0.5764275,1655
imiloxan,-0.57781327,1656
oxypurinol,-0.5788346,1657
sulfasalazine,-0.5790001,1658
ICI-162846,-0.5792722,1659
miltefosine,-0.57945466,1660
bendamustine,-0.5814284,1661
norethindrone,-0.58284867,1662
papaverine,-0.58362144,1663
JTC-801,-0.5839584,1664
nitrendipine,-0.5840614,1665
carvedilol,-0.58735436,1666
timolol,-0.58775103,1667
pterostilbene,-0.5894145,1668
protirelin,-0.5895428,1669
tipranavir,-0.59085685,1670
PD-153035,-0.5927445,1671
CPI-1189,-0.5935071,1672
CX-516,-0.59368986,1673
formestane,-0.5941119,1674
palonosetron,-0.5955951,1675
nicardipine,-0.5988428,1676
IB-MECA,-0.60042614,1677
mianserin,-0.60051364,1678
chlorthalidone,-0.60190326,1679
colforsin-daproate,-0.60223377,1680
benzydamine,-0.60391665,1681
lenalidomide,-0.60458344,1682
mecamylamine,-0.60481006,1683
2-iminobiotin,-0.60554945,1684
rotundine,-0.6056442,1685
prochlorperazine,-0.60637635,1686
verapamil,-0.6079003,1687
fentiazac,-0.6079421,1688
linagliptin,-0.60838073,1689
ramatroban,-0.6086244,1690
tranilast,-0.6097239,1691
VX-765,-0.61045796,1692
oxymetazoline,-0.6111669,1693
galeterone,-0.61190826,1694
entecavir,-0.61511123,1695
tesaglitazar,-0.61607814,1696
levocabastine,-0.6160833,1697
senicapoc,-0.61614597,1698
lucitanib,-0.61647713,1699
ivabradine,-0.61774755,1700
levofloxacin,-0.61820614,1701
bropirimine,-0.6184147,1702
Gossypetin,-0.620304,1703
bindarit,-0.6203212,1704
thiocolchicoside,-0.6206459,1705
blonanserin,-0.6206934,1706
arbutin,-0.6224796,1707
edoxaban,-0.6225438,1708
ginkgetin,-0.6229562,1709
tracazolate,-0.6234222,1710
norfloxacin,-0.6239891,1711
MK-0893,-0.6256345,1712
cefdinir,-0.6271756,1713
bambuterol,-0.6273811,1714
pemirolast,-0.62739605,1715
rebamipide,-0.6289688,1716
doxycycline,-0.62931514,1717
azathioprine,-0.62993115,1718
argatroban,-0.63130414,1719
salvinorin-a,-0.63215464,1720
homochlorcyclizine,-0.6322768,1721
oxaprozin,-0.6335292,1722
indobufen,-0.6336031,1723
levobunolol,-0.63472176,1724
mephentermine,-0.6370316,1725
pibenzimol,-0.63865525,1726
glasdegib,-0.6390208,1727
diclofenac,-0.64002144,1728
LCL-161,-0.6406502,1729
CP-945598,-0.64127666,1730
KN-93,-0.6431834,1731
sotalol,-0.6438893,1732
clotrimazole,-0.6444461,1733
butoconazole,-0.64507467,1734
VGX-1027,-0.645588,1735
thioctic-acid,-0.64562637,1736
telbivudine,-0.645884,1737
clioquinol,-0.64699537,1738
ropinirole,-0.6480649,1739
tolperisone,-0.65150446,1740
dimesna,-0.65319073,1741
ondansetron,-0.65470743,1742
dutasteride,-0.657169,1743
oxfendazole,-0.65899813,1744
methocarbamol,-0.65987575,1745
Z160,-0.6599474,1746
josamycin,-0.6618413,1747
racecadotril,-0.66829044,1748
physostigmine,-0.66892815,1749
primidone,-0.67023647,1750
exifone,-0.6705568,1751
propranolol,-0.6715311,1752
solifenacin-succinate,-0.67647475,1753
glimepiride,-0.6765966,1754
benzthiazide,-0.679901,1755
PRX-08066,-0.6866157,1756
ebselen,-0.68851894,1757
disulfiram,-0.6895761,1758
zaldaride,-0.69158137,1759
propafenone,-0.69331247,1760
atrasentan,-0.69355124,1761
abiraterone-acetate,-0.6939274,1762
tolcapone,-0.70552135,1763
firategrast,-0.70959365,1764
LX-1031,-0.7347423,1765
APD-668,-0.74377114,1766
adoprazine,-0.7497317,1767
3-amino-benzamide,-0.75269693,1768
