drug,vae_ra_score,vae_ra_rank
linifanib,0.50655323,1
SB-525334,0.4703269,2
PD-173074,0.44335794,3
VE-822,0.43155056,4
arglabin,0.43027967,5
IPI-145,0.42640978,6
dipraglurant,0.4255904,7
gefitinib,0.4137775,8
nefiracetam,0.41257542,9
exifone,0.40833098,10
amuvatinib,0.39989606,11
raloxifene,0.3982808,12
imatinib,0.39547247,13
resveratrol,0.38916242,14
NVP-BHG712,0.3845932,15
regorafenib,0.38405535,16
fidarestat,0.37447518,17
nilotinib,0.37348598,18
compound e,0.3703351,19
BMS-345541,0.36852723,20
YM-201636,0.3651068,21
STA-5326,0.36506814,22
ALW-II-49-7,0.36082023,23
GSK-1904529A,0.36070192,24
rebastinib,0.35263264,25
D-4476,0.35256058,26
afatinib,0.3493924,27
unc-0646,0.34916657,28
flavoxate,0.342632,29
iniparib,0.34162745,30
miglitol,0.34007168,31
lapatinib,0.33947942,32
AMG-232,0.3383118,33
vu0155056,0.33822694,34
delivert,0.33356023,35
QL-XI-92,0.3323167,36
benazepril,0.33099356,37
daminozide,0.32910064,38
GSK-3-inhibitor-II,0.3270068,39
CC-930,0.32128233,40
tranylcypromine,0.32104903,41
KU-55933,0.31681678,42
telotristat,0.3140851,43
AZ-628,0.31379998,44
bafilomycin a1,0.31233752,45
timofibrate,0.31091735,46
clemizole,0.30874962,47
ALW-II-38-3,0.3049983,48
BIX-02189,0.30284807,49
nintedanib,0.30269733,50
CGK-733,0.30215925,51
faropenem,0.30192238,52
preladenant,0.29887736,53
TAK-715,0.29874152,54
FR-180204,0.29824543,55
AGI-6780,0.2957067,56
dapagliflozin,0.292022,57
SDZ-NKT-343,0.2910297,58
veliparib,0.28999296,59
NPK76-II-72-1,0.288498,60
SAR-245409,0.28307387,61
YM-976,0.28157133,62
triptorelin,0.2815539,63
ciprofloxacin,0.28128523,64
eperezolid,0.28097528,65
cordycepin,0.27854794,66
exalamide,0.27737984,67
UNC-669,0.2769872,68
donepezil,0.27582788,69
cinoxacin,0.27281278,70
GSK-690693,0.27263647,71
hymecromone,0.27157974,72
losmapimod,0.26972586,73
A-66,0.26882812,74
GSK-2636771,0.26637727,75
KU-60019,0.2661573,76
milacemide,0.2656084,77
guanethidine,0.2649544,78
WZ-4-145,0.26491016,79
rilpivirine,0.2619542,80
VE-821,0.26132116,81
bms-906024,0.26059532,82
UK-383367,0.26008862,83
RU-58841,0.2597841,84
garcinol,0.255887,85
mestranol,0.25461704,86
pentamidine,0.2533802,87
febuxostat,0.25226918,88
pomalidomide,0.24965376,89
GNF-2,0.24953808,90
zonisamide,0.24911553,91
serdemetan,0.24834187,92
AGK-2,0.2480438,93
lenalidomide,0.24787593,94
chlorphenamine,0.24639209,95
MK-2206,0.2459227,96
clofibrate,0.24440655,97
tie2-kinase-inhibitor,0.2442913,98
orlistat,0.24387836,99
ketotifen,0.24183655,100
propranolol,0.24182627,101
bitopertin,0.23997709,102
latanoprost,0.23788112,103
idebenone,0.23771998,104
bupropion,0.23754269,105
deferiprone,0.23740926,106
OSI-930,0.23643924,107
gemfibrozil,0.23631573,108
EMD-53998,0.23591149,109
methazolamide,0.23587383,110
ABT-202,0.23568791,111
SB-242235,0.23553178,112
epigallocatechin-gallate-(-),0.23498398,113
irbesartan,0.23421958,114
amlexanox,0.23369783,115
epz-5676,0.23297924,116
doramapimod,0.23256415,117
LY-2334737,0.23117736,118
dronedarone,0.22992471,119
lisofylline,0.22965688,120
SB-590885,0.22948574,121
luteolin,0.22945566,122
lorazepam,0.2293439,123
ponatinib,0.22914541,124
BIX-01338,0.22783677,125
dinaciclib,0.2278043,126
PSI-7976,0.22745228,127
ingenol-mebutate,0.22579013,128
CEP-32496,0.22551593,129
doxazosin,0.22511733,130
quizartinib,0.2242856,131
berberine,0.22208114,132
amodiaquine,0.22205254,133
ABT-737,0.22055456,134
GSK-461364,0.22044721,135
JTE-907,0.22033377,136
FPL-62064,0.21760654,137
moxonidine,0.2175324,138
maraviroc,0.2175076,139
colchicine,0.21746731,140
gsk126,0.21654043,141
KIN001-266,0.21647379,142
GDC-0834,0.21632414,143
bicalutamide,0.2152496,144
dacomitinib,0.21518105,145
formoterol,0.21461582,146
thiomersal,0.21287534,147
glipizide,0.2123997,148
orphenadrine,0.2102214,149
laropiprant,0.20999297,150
tonabersat,0.20988002,151
vardenafil,0.2093355,152
troglitazone,0.20930795,153
methoxsalen,0.20925629,154
cevimeline,0.20903787,155
aliskiren,0.20900336,156
API-001,0.20802666,157
ixazomib-citrate,0.20744713,158
tyrphostin-AG-1478,0.207104,159
acyclovir,0.20506114,160
GSK-J4,0.2046048,161
foretinib,0.20378508,162
amoxapine,0.20376001,163
RG-4733,0.20233116,164
imipramine,0.20231348,165
A-769662,0.20122506,166
telmesteine,0.20119333,167
OSI-027,0.19919872,168
MBX-2982,0.19854142,169
etazolate,0.19853976,170
valproic-acid,0.19821076,171
MK-0812,0.1972871,172
PF-04217903,0.19686954,173
chelerythrine,0.19642441,174
GSK-923295,0.19559063,175
GSK-429286A,0.19483684,176
nicotinamide,0.1935711,177
meisoindigo,0.193184,178
fusidic-acid,0.19301198,179
lorcaserin,0.19291699,180
canertinib,0.19267173,181
diethylstilbestrol,0.19256735,182
phorbol-myristate-acetate,0.1924701,183
methylstat,0.19176657,184
anecortave-acetate,0.19099614,185
verteporfin,0.19024298,186
talmapimod,0.18992472,187
thiocolchicoside,0.18981607,188
dicloxacillin,0.18883617,189
AR-A014418,0.18781766,190
LY-2228820,0.1868213,191
nicotine,0.18666044,192
rimonabant,0.18444134,193
ketoprofen,0.18430576,194
toremifene,0.1842651,195
nafamostat,0.1840741,196
trimethobenzamide,0.1837418,197
abiraterone-acetate,0.1832114,198
KIN001-127,0.18309784,199
dapivirine,0.18305585,200
AEE-788,0.18281531,201
olaparib,0.18225455,202
KI-20227,0.18211117,203
ecabet,0.18138519,204
"2',5'-dideoxyadenosine",0.18133418,205
glibenclamide,0.18127987,206
desoxypeganine,0.18112701,207
TGX-221,0.18055698,208
UNC-0321,0.17986684,209
tetradecylthioacetic-acid,0.17984614,210
aprepitant,0.17916864,211
avanafil,0.17909311,212
nebivolol,0.17889145,213
HG-6-64-01,0.17863283,214
umeclidinium,0.17801635,215
ischemin,0.17785674,216
tecastemizole,0.17774016,217
motesanib,0.17734942,218
vortioxetine,0.17727156,219
sulbutiamine,0.17721206,220
AM-24,0.1772074,221
dexfenfluramine,0.17686889,222
tebipenem,0.17653432,223
donitriptan,0.17588452,224
sorafenib,0.17581674,225
PD-184352,0.17575964,226
SB-239063,0.17555475,227
rocuronium,0.17551488,228
GDC-0879,0.17544676,229
hydroflumethiazide,0.17544046,230
BVD-523,0.17530665,231
epz004777,0.17495541,232
KN-62,0.17476246,233
MGCD-265,0.1742711,234
osimertinib,0.17425978,235
fosinopril,0.17415695,236
lesinurad,0.1738231,237
LY-2603618,0.17317292,238
imiloxan,0.17289977,239
guanadrel,0.1722163,240
emedastine,0.17193481,241
BMS-777607,0.17167367,242
talnetant,0.17080583,243
radicicol,0.1707798,244
ketanserin,0.17063533,245
glafenine,0.17018348,246
mitomycin-c,0.16997176,247
ursodeoxycholyltaurine,0.16879898,248
lirimilast,0.16838668,249
R-428,0.16755144,250
tretinoin,0.16703212,251
felodipine,0.16641364,252
NXY-059,0.16552663,253
TG-100115,0.16523805,254
combretastatin-A-4,0.16522992,255
NU-7026,0.1651289,256
BMS-299897,0.16473182,257
pazufloxacin,0.16462041,258
valdecoxib,0.16439793,259
SB-756050,0.16408424,260
rasagiline,0.1640021,261
FK-866,0.16396846,262
balsalazide,0.1638825,263
EX-527,0.16329128,264
eugenol,0.16299906,265
altrenogest,0.16249298,266
pentoxifylline,0.16178578,267
TH-302,0.16142516,268
2-methoxyestradiol,0.16122437,269
alectinib,0.16025124,270
alagebrium,0.15974553,271
BMY-14802,0.15966624,272
vilazodone,0.15950158,273
penciclovir,0.15904562,274
vinpocetine,0.15884879,275
licochalcone-a,0.15847465,276
metronidazole,0.158068,277
PLX-4720,0.15795954,278
ixabepilone,0.15791996,279
fluphenazine,0.15775925,280
KN-93,0.15659648,281
NVP-AEW541,0.15600696,282
KIN001-244,0.15526909,283
cinnarizine,0.15489326,284
AMG-487,0.15472728,285
selumetinib,0.15421683,286
MK-3207,0.15396507,287
torcetrapib,0.153892,288
raclopride,0.1533243,289
josamycin,0.15325224,290
AT-7519,0.15278925,291
linezolid,0.15217571,292
lucitanib,0.15208551,293
fluvoxamine,0.15198416,294
acenocoumarol,0.15156467,295
fluconazole,0.15138024,296
MF-101,0.15137213,297
grazoprevir,0.15118662,298
chlorambucil,0.1509775,299
anandamide,0.15075664,300
AZD-1480,0.15031084,301
GSK-2110183,0.14994705,302
gaboxadol,0.14980417,303
esculin,0.1496428,304
lenvatinib,0.14861026,305
castanospermine,0.14771953,306
vandetanib,0.14605662,307
TG-100801,0.14589512,308
cisapride,0.1456284,309
AMG-837,0.14562576,310
LDN-193189,0.14534171,311
nalbuphine,0.14500457,312
RG-108,0.144705,313
ofloxacin,0.14452636,314
tivozanib,0.14444265,315
tizanidine,0.14427672,316
PH-797804,0.14417894,317
acipimox,0.14407793,318
cpi-169,0.14339137,319
ALX-5407,0.14303675,320
moxisylyte,0.14287925,321
celastrol,0.14279945,322
fiacitabine,0.14167565,323
dimethyl-fumarate,0.14139572,324
tranilast,0.14083344,325
5-aminolevulinic-acid,0.1403479,326
doxapram,0.14011095,327
acifran,0.13977444,328
S-18986,0.13962476,329
amitriptyline,0.13951506,330
cianidanol,0.13944355,331
metatinib,0.13916992,332
KX2-391,0.13892272,333
pelitinib,0.13841988,334
LCL-161,0.13821444,335
okadaic acid,0.1381809,336
merbarone,0.13798445,337
cepharanthine,0.13716447,338
drospirenone,0.13691595,339
mitoxantrone,0.13685879,340
econazole,0.13624965,341
paroxetine,0.13621283,342
biperiden,0.13594332,343
piretanide,0.1356226,344
DMP-777,0.13541389,345
BRD-K68548958,0.135116,346
JQ1-(-),0.13496113,347
mepivacaine,0.134932,348
mitiglinide,0.13447839,349
sirolimus,0.13425723,350
anisodamine,0.13359733,351
ethinyl-estradiol,0.1330081,352
AKT-inhibitor-1-2,0.13289621,353
BI-2536,0.13284333,354
enprofylline,0.13248637,355
propentofylline,0.13208523,356
rifabutin,0.1316918,357
WYE-125132,0.13159181,358
CPI-613,0.1315834,359
bemegride,0.13144016,360
miglustat,0.13135374,361
bexarotene,0.13124256,362
PHA-767491,0.13111538,363
benzbromarone,0.13108362,364
folic-acid,0.13013458,365
CL-218872,0.13006437,366
linopirdine,0.12995028,367
dabigatran-etexilate,0.12983951,368
isbufylline,0.12944967,369
decitabine,0.1294295,370
apafant,0.1291713,371
tiagabine,0.12909928,372
alaproclate,0.12909459,373
piclamilast,0.12841591,374
phensuximide,0.12816155,375
cimetidine,0.12760366,376
alprostadil,0.1265313,377
lorglumide,0.12643452,378
ketorolac,0.12636782,379
GSK-J2,0.12601665,380
phenformin,0.12558459,381
TPCA-1,0.12501399,382
estrone,0.12499651,383
oxybenzone,0.124442846,384
rotundine,0.123989776,385
zebularine,0.12303841,386
diphenidol,0.12286188,387
AZ-20,0.1219273,388
docetaxel,0.12158309,389
fosfomycin,0.12131304,390
empagliflozin,0.12120722,391
rucaparib,0.121044725,392
closantel,0.12001012,393
withaferin-a,0.1197284,394
SAR-245408,0.11969788,395
esmolol,0.1195686,396
urea,0.119552344,397
elvitegravir,0.1190871,398
carvedilol,0.11858377,399
trientine,0.11850481,400
midostaurin,0.118122004,401
arofylline,0.117949545,402
smer-3,0.11772656,403
bosutinib,0.11748961,404
pramipexole,0.11737357,405
methiopril,0.116973564,406
pinacidil,0.11692856,407
oxandrolone,0.116693094,408
BS-181,0.11648793,409
SK&F-10047-(+),0.11597153,410
AICA-ribonucleotide,0.115513854,411
ORG-9768,0.11526678,412
GW-842166,0.115259886,413
pevonedistat,0.11467763,414
GDC-0152,0.11442536,415
aspirin,0.113569096,416
dofequidar,0.11339931,417
verapamil,0.11321936,418
CX-5461,0.11319418,419
MK-0773,0.11295567,420
manumycin-a,0.112793654,421
tirofiban,0.11264394,422
ivermectin,0.112087585,423
fadrozole,0.11205143,424
miltefosine,0.11203242,425
tetrindole,0.11202614,426
dopamine,0.11175896,427
milnacipran,0.11172142,428
XMD-892,0.111383274,429
E-2012,0.11136406,430
amfepramone,0.11131866,431
CPI-1189,0.11102368,432
paclitaxel,0.11083571,433
fluoxetine,0.11075484,434
mibampator,0.11050974,435
neratinib,0.11036638,436
gemifloxacin,0.11033735,437
podophyllotoxin,0.10906762,438
ivacaftor,0.10897656,439
BMS-509744,0.10832283,440
carfilzomib,0.10809856,441
ASC-J9,0.10802014,442
quinidine,0.10768041,443
ziprasidone,0.10685127,444
sofalcone,0.10650298,445
barasertib,0.106050976,446
NF-449,0.1058827,447
dasabuvir,0.105817735,448
GW-843682X,0.10556368,449
equol,0.10515815,450
VX-745,0.10470517,451
phenazone,0.10455516,452
favipiravir,0.1044639,453
choline-alfoscerate,0.10439353,454
niguldipine,0.10420587,455
maprotiline,0.10418129,456
ibrutinib,0.1040878,457
OCO-1112,0.10344106,458
anacetrapib,0.103355736,459
UNC-0638,0.10248935,460
efatutazone,0.102217495,461
andarine,0.10218948,462
norgestrel,0.10171555,463
methimazole,0.10167517,464
nimodipine,0.101115756,465
ICI-192605,0.100814745,466
metoprolol,0.10079123,467
pidotimod,0.10017379,468
bardoxolone-methyl,0.10007463,469
felbamate,0.09997821,470
ciglitazone,0.09995196,471
IB-MECA,0.09957726,472
ketoconazole,0.09949355,473
zidovudine,0.09938203,474
piroxicam,0.09929652,475
ammonium-glycyrrhizinate,0.09895025,476
tanaproget,0.09877851,477
danazol,0.09874534,478
rosiglitazone,0.098657265,479
voriconazole,0.09809901,480
penfluridol,0.09751883,481
LY-2886721,0.09682651,482
WZ-4002,0.09639439,483
atipamezole,0.09624031,484
nateglinide,0.09613822,485
chrysin,0.096062094,486
SB-203580,0.09589031,487
ticlopidine,0.09568783,488
teriflunomide,0.09567374,489
azacitidine,0.09500261,490
pranlukast,0.094300985,491
griseofulvin,0.094042115,492
levamisole,0.093876004,493
dacarbazine,0.09369889,494
enoxolone,0.0934286,495
iguratimod,0.09314918,496
calpain inhibitor ii,0.09299159,497
LY-2801653,0.092476614,498
L-citrulline,0.09241734,499
epinephrine,0.0921684,500
propylthiouracil,0.09179646,501
sulpiride,0.091753505,502
bimatoprost,0.09117041,503
niclosamide,0.09113696,504
tioconazole,0.09107815,505
efaproxiral,0.0908154,506
chenodiol,0.09075818,507
BRD-K73261812,0.09073903,508
dexniguldipine,0.09072772,509
kakonein,0.0902611,510
MK-5108,0.090258904,511
labetalol,0.09015721,512
L-690330,0.08975739,513
trovafloxacin,0.08926307,514
amineptine,0.08904501,515
apixaban,0.088633865,516
tolimidone,0.08859967,517
vinburnine,0.08824472,518
papaverine,0.08812627,519
birinapant,0.0880308,520
sertindole,0.0879962,521
lersivirine,0.087678686,522
flumazenil,0.08751711,523
batimastat,0.08713305,524
halofantrine,0.08711266,525
erlotinib,0.08655,526
CB-10-277-(free-acid),0.08654949,527
ellagic-acid,0.08608097,528
dolastatin-10,0.08605031,529
ledipasvir,0.08572303,530
diphenylpyraline,0.085351184,531
entecavir,0.08529731,532
swainsonine,0.08485328,533
trimethoprim,0.08439104,534
taladegib,0.08414014,535
PF-04620110,0.08403059,536
ritonavir,0.08398032,537
taranabant,0.08380672,538
RG-2833,0.08343452,539
"4,5,6,7-tetrabromobenzotriazole",0.08334513,540
zofenopril-calcium,0.083119474,541
KIN001-055,0.08265555,542
ZD-7288,0.082152545,543
spironolactone,0.08185266,544
oprozomib,0.081847504,545
nutlin-3,0.0815967,546
resminostat,0.08154549,547
EPZ-005687,0.081165135,548
diminazene-aceturate,0.080697075,549
sotalol,0.07911084,550
mephentermine,0.07879677,551
picotamide,0.078665644,552
desmopressin-acetate,0.07850439,553
bucladesine,0.078448795,554
amrinone,0.0783095,555
tosedostat,0.0782529,556
CYT-997,0.07814202,557
moclobemide,0.07801312,558
brexpiprazole,0.07781018,559
lidocaine,0.07766684,560
KIN001-270,0.0776268,561
idasanutlin,0.0772053,562
altanserin,0.07703363,563
fentiazac,0.076666705,564
temozolomide,0.0762888,565
erythromycin-ethylsuccinate,0.07603374,566
danegaptide,0.07600616,567
SGI-1776,0.075911075,568
mubritinib,0.07589246,569
estriol,0.075801216,570
dicoumarol,0.07574781,571
tolnaftate,0.07516059,572
oxiconazole,0.075004056,573
sitagliptin,0.07496045,574
salermide,0.07479067,575
loxoprofen,0.07440849,576
AT7867,0.074207544,577
sulfadoxine,0.07420315,578
genistein,0.07412274,579
levocetirizine,0.07361993,580
cytarabine,0.07359908,581
cyclobenzaprine,0.07327599,582
voglibose,0.072889715,583
XMD-885,0.07266371,584
penicillin-v-potassium,0.07259834,585
budipine,0.071894564,586
CGS-20625,0.071856365,587
ZSTK-474,0.07170983,588
KD-025,0.071692474,589
arbutin,0.07103188,590
salirasib,0.07079235,591
tramadol,0.07074323,592
SCH-28080,0.07066291,593
carisoprodol,0.07015157,594
pterostilbene,0.06931609,595
LY-2157299,0.06900808,596
butorphanol-(+)-tartrate,0.068373814,597
geldanamycin,0.068303406,598
lofexidine,0.06828847,599
AZD-9668,0.06798616,600
escitalopram,0.0678724,601
minoxidil,0.067790814,602
phenylacetylglutamine,0.06709479,603
physostigmine,0.06629871,604
canagliflozin,0.06607789,605
nikethamide,0.0654404,606
balicatib,0.06530243,607
bromocriptine,0.06515109,608
guanaben-acetate,0.065140925,609
cabazitaxel,0.06495947,610
diclofensine,0.064782895,611
fludarabine-phosphate,0.06471706,612
tivantinib,0.06432816,613
warfarin,0.063668124,614
AZD-7687,0.06346892,615
bupivacaine,0.06337223,616
"ICI-185,282",0.062812924,617
elesclomol,0.062450945,618
ostarine,0.062300775,619
levothyroxine,0.06215679,620
theobromine,0.061904095,621
benzotript,0.061749265,622
clozapine,0.061741095,623
olprinone,0.06158988,624
everolimus,0.061551236,625
delanzomib,0.061447334,626
QL-X-138,0.061286338,627
clindamycin,0.061234467,628
rottlerin,0.061191734,629
tacrolimus,0.061071754,630
GSK-2334470,0.060951337,631
tyrphostin-1,0.06084349,632
penitrem-a,0.06077584,633
rilmenidine,0.06077194,634
risperidone,0.06073915,635
lamivudine,0.06053739,636
setiptiline,0.060432464,637
safinamide,0.060164366,638
BMS-707035,0.060043298,639
vernakalant,0.059789676,640
SR-33805,0.059680533,641
etanidazole,0.05924214,642
gimeracil,0.059236996,643
ICI-162846,0.059183262,644
atovaquone,0.058859374,645
indobufen,0.058795728,646
tamibarotene,0.058509268,647
PI-103,0.05843314,648
acivicin,0.058186144,649
orteronel,0.057958636,650
desvenlafaxine,0.05777523,651
masitinib,0.05772321,652
indoprofen,0.05756,653
metixene,0.05728443,654
VGX-1027,0.05722755,655
piperidolate,0.056650348,656
PHA-665752,0.05662781,657
CX-516,0.05625105,658
ilomastat,0.05611646,659
enalapril,0.05605337,660
dequalinium,0.055972196,661
meclofenamic-acid,0.055591837,662
cholic-acid,0.05550481,663
buparlisib,0.055231404,664
istaroxime,0.055175245,665
bifemelane,0.055096176,666
2-iminobiotin,0.05488211,667
PK-11195,0.054844413,668
moxifloxacin,0.054756,669
AZD-8055,0.054728393,670
zardaverine,0.05461337,671
cabozantinib,0.054393597,672
hexachlorophene,0.054369345,673
pirfenidone,0.054201398,674
mianserin,0.054191776,675
ARP-101,0.054017477,676
IKK-2-inhibitor-V,0.05381424,677
asymmetrical-dimethylarginine,0.05303071,678
lafutidine,0.052885365,679
siramesine,0.052862562,680
itraconazole,0.05280298,681
felbinac,0.052787445,682
nicaraven,0.05274541,683
EMD-1214063,0.052702434,684
BIX-01294,0.05267867,685
apabetalone,0.052249797,686
17-hydroxyprogesterone-caproate,0.05215453,687
prednisone,0.051560722,688
acetazolamide,0.051447965,689
loperamide,0.051368445,690
cyanocobalamin,0.05120168,691
mepyramine,0.050913393,692
aminoguanidine,0.050787978,693
torin-1,0.05057627,694
histamine,0.050433367,695
etoricoxib,0.050404392,696
dimesna,0.05033628,697
PS-178990,0.050165366,698
perindopril,0.05015476,699
KW-2478,0.049509272,700
digoxin,0.04947669,701
valsartan,0.0494062,702
progesterone,0.04935143,703
ambrisentan,0.049086623,704
buflomedil,0.048824012,705
capsaicin,0.0487522,706
AMD-11070,0.04872372,707
DPCPX,0.04871513,708
Gossypetin,0.04866857,709
IKK-inhibitor-X,0.04843998,710
fipronil,0.048355542,711
diclofenac,0.048267446,712
aminoglutethimide,0.04803102,713
L-NAME,0.048029967,714
AGP-103,0.04772434,715
protriptyline,0.047644224,716
clonazepam,0.047368415,717
granisetron,0.047338404,718
selegiline,0.047269635,719
naftopidil,0.047174938,720
bindarit,0.046969295,721
venlafaxine,0.04684765,722
malotilate,0.046847243,723
temsirolimus,0.04629848,724
bopindolol,0.04621163,725
ATN-161,0.04615314,726
NVP-AUY922,0.04597166,727
travoprost,0.04573929,728
tipranavir,0.04563003,729
ripasudil,0.045620877,730
1271738-62-5,0.045296773,731
curcumin,0.044692896,732
pantoprazole,0.04460103,733
stavudine,0.04446035,734
cilomilast,0.04346964,735
clotrimazole,0.043355644,736
UNC-1215,0.043299604,737
medetomidine,0.042904902,738
dextromethorphan,0.042823523,739
anagrelide,0.04275483,740
ornidazole,0.042650446,741
tazobactam,0.0424474,742
tiapride,0.042444184,743
lidamidine,0.04238662,744
ifenprodil,0.04221784,745
VTP-27999,0.042140253,746
LY-215490,0.042041533,747
masoprocol,0.04189702,748
SEP-227900,0.041848406,749
fomepizole,0.041839145,750
alvimopan,0.041796777,751
zileuton,0.04170887,752
clofazimine,0.041648176,753
etomidate,0.041636214,754
MLN-2480,0.041426063,755
tanespimycin,0.041291878,756
PF-04447943,0.040853836,757
SB-216763,0.04057086,758
ivabradine,0.040182278,759
tasisulam,0.03923958,760
balaglitazone,0.038925342,761
BMS-599626,0.038651884,762
flutamide,0.03828763,763
anastrozole,0.03823643,764
omecamtiv-mecarbil,0.037779067,765
PF-02545920,0.03766372,766
WZ-3105,0.03762223,767
tasquinimod,0.037337124,768
roquinimex,0.037152965,769
topiramate,0.036728173,770
clomethiazole,0.03663259,771
CO-102862,0.035693515,772
Z160,0.0356837,773
efavirenz,0.03549288,774
dihydroergotamine,0.03538206,775
prochlorperazine,0.03520401,776
retapamulin,0.035101704,777
acexamic-acid,0.034980576,778
letrozole,0.034775916,779
ozagrel,0.03472723,780
eplerenone,0.03377238,781
oxybuprocaine,0.03364919,782
camostat-mesilate,0.033625558,783
mepacrine,0.0334099,784
pemirolast,0.03296843,785
dolasetron,0.032816917,786
ZK-811752,0.03265439,787
rivaroxaban,0.03251832,788
sufentanil,0.03248938,789
gestrinone,0.03231882,790
fexofenadine,0.03227344,791
tesaglitazar,0.032072872,792
AZD-5363,0.03191668,793
CGP-12177,0.031814337,794
pregnenolone,0.031757075,795
quinine,0.031111099,796
fenticonazole,0.030870743,797
etoposide,0.03073037,798
oxatomide,0.030381028,799
galeterone,0.030335011,800
cefepime,0.029880077,801
estradiol,0.029389437,802
thiothixene,0.029177595,803
SB-683698,0.029108003,804
ixazomib,0.028870001,805
netupitant,0.02866517,806
dolutegravir,0.028533142,807
CTS-1027,0.028299361,808
amonafide,0.027936189,809
MK-1775,0.027419709,810
IOX2,0.027418777,811
acecainide,0.0273661,812
BAY-87-2243,0.027298719,813
"3,3'-diindolylmethane",0.027221182,814
nepafenac,0.027213566,815
dazmegrel,0.027110606,816
cefozopran,0.027089184,817
suvorexant,0.027011322,818
capecitabine,0.02670877,819
tirapazamine,0.026568921,820
KD-023,0.02656173,821
rebamipide,0.026544176,822
isofloxythepin,0.0261871,823
zaprinast,0.02577411,824
terbinafine,0.025768753,825
XBD-173,0.025423896,826
Y-26763,0.025271604,827
isoniazid,0.025134113,828
sulmazole,0.024653964,829
perampanel,0.02437036,830
vincamine,0.023417909,831
goserelin-acetate,0.02325631,832
seocalcitol,0.023160588,833
tipiracil,0.023015128,834
timonacic,0.022994671,835
celecoxib,0.02248266,836
secnidazole,0.022368839,837
bezafibrate,0.022366121,838
NVP-BGJ398,0.022171274,839
flecainide,0.022158727,840
tafamidis-meglumine,0.021994151,841
methocarbamol,0.021968253,842
etomoxir,0.021801889,843
minaprine,0.021657888,844
reboxetine,0.021489017,845
SR-2640,0.021459267,846
PCI-24781,0.021093456,847
gemcitabine,0.02077758,848
rupatadine,0.020748459,849
nelarabine,0.020359494,850
trimipramine,0.020332456,851
tetracaine,0.020227931,852
moracizine,0.020211082,853
acetylcysteine,0.019713808,854
CNQX,0.019692294,855
fulvestrant,0.01924085,856
camicinal,0.019019067,857
rabeprazole,0.018953312,858
armodafinil,0.018701218,859
ZD-7114,0.018489294,860
telbivudine,0.018415324,861
disopyramide,0.01770866,862
dideoxyadenosine,0.016742537,863
itopride,0.01671953,864
pritelivir,0.016596518,865
bretazenil,0.016532458,866
cobicistat,0.015632492,867
linagliptin,0.015605338,868
darunavir,0.014927775,869
mecamylamine,0.014667019,870
eflornithine,0.014641048,871
suprofen,0.014582712,872
carprofen,0.014574686,873
adatanserin,0.014521416,874
levosimendan,0.01446373,875
timolol,0.014274377,876
varenicline,0.014199667,877
"16,16-dimethylprostaglandin-e2",0.013889974,878
calpeptin,0.0137417875,879
sparfloxacin,0.013729718,880
tenidap,0.013671676,881
actarit,0.01351447,882
navitoclax,0.012845643,883
XMD-1499,0.012530128,884
zosuquidar,0.012170191,885
AMG-517,0.01197955,886
picolinic-acid,0.011520043,887
tolazamide,0.010924429,888
levetiracetam,0.010815209,889
alizapride,0.010457948,890
butaclamol,0.010432459,891
benzamil,0.010326091,892
homochlorcyclizine,0.010194443,893
GSK-J1,0.010126013,894
cariprazine,0.009946544,895
elacridar,0.009918642,896
tacedinaline,0.009712651,897
estramustine-phosphate,0.009068028,898
LY-2811376,0.008841885,899
cefdinir,0.008339547,900
LXR-623,0.008319281,901
urapidil,0.008297648,902
dexloxiglumide,0.007922769,903
asenapine,0.007869349,904
fenoldopam,0.007806007,905
lopinavir,0.0076240506,906
tolfenamic-acid,0.007428333,907
almitrine,0.0072799064,908
yohimbine,0.0064245164,909
tyrphostin-AG-112,0.006143853,910
temoporfin,0.0060183816,911
ftorafur,0.005929116,912
AV-412,0.0058650635,913
SB-271046,0.0057000704,914
JNK-IN-5A,0.0055505484,915
nefazodone,0.005445257,916
targinine,0.0052955076,917
methylnaltrexone,0.004949305,918
andrographolide,0.004855972,919
trazodone,0.0045561977,920
MK-8245,0.0045021325,921
glasdegib,0.0036148876,922
tirasemtiv,0.003584247,923
busulfan,0.00354065,924
pirenoxine,0.0031948686,925
AGI-5198,0.003054956,926
candesartan,0.0028920844,927
nevirapine,0.002583962,928
VX-222,0.0023435652,929
10-DEBC,0.0019541606,930
trimebutine,0.0018234234,931
D-serine,0.0013177618,932
PD-153035,0.0013153851,933
chlorthalidone,0.0008136565,934
pasireotide,0.00071216,935
narlaprevir,0.000509765,936
GSK-1292263,0.0003194688,937
oxypurinol,8.882582e-05,938
sildenafil,-0.00011243671,939
AS-703026,-0.00026941672,940
VX-661,-0.0006321827,941
quinapril,-0.00093875034,942
ipratropium,-0.00095580705,943
semagacestat,-0.0009711478,944
mefloquine,-0.0016087592,945
oxiperomide,-0.0019020978,946
roflumilast,-0.002175361,947
clarithromycin,-0.002595242,948
SB-743921,-0.0028660372,949
meptazinol,-0.0030116588,950
doxycycline,-0.0030502155,951
adenosine,-0.003129039,952
nandrolone,-0.0032154098,953
flumatinib,-0.003637556,954
PD-0325901,-0.0036472026,955
sulforaphane,-0.0036934353,956
selamectin,-0.0038713776,957
BCI-540,-0.00405832,958
L-655240,-0.0042581484,959
trifluoperazine,-0.0043112934,960
zaleplon,-0.0044040605,961
rolipram,-0.004600104,962
AST-1306,-0.0046424824,963
ropinirole,-0.0048180223,964
epothilone-b,-0.0054116994,965
melperone,-0.0055093663,966
marimastat,-0.0056019425,967
torasemide,-0.0059187934,968
HMN-214,-0.0060500856,969
levobunolol,-0.006070316,970
rosuvastatin,-0.0066262316,971
ZK-93423,-0.006813571,972
idelalisib,-0.007046394,973
bumetanide,-0.0071894377,974
flutrimazole,-0.0073912703,975
cefoperazone,-0.007472351,976
ritodrine,-0.0076929145,977
thioctic-acid,-0.00774695,978
hydroxyurea,-0.0077901557,979
oxymetazoline,-0.007918514,980
selinexor,-0.00846272,981
niacin,-0.008720588,982
olanzapine,-0.008821938,983
ondansetron,-0.008951515,984
oxaprozin,-0.009088688,985
primidone,-0.0090991035,986
ipriflavone,-0.009107257,987
mebendazole,-0.009330044,988
salvinorin-a,-0.009776998,989
hypericin,-0.009801924,990
crizotinib,-0.009851955,991
T-5224,-0.009986702,992
benzylpenicillin,-0.010787064,993
gallopamil,-0.010845482,994
YM-155,-0.011256514,995
AMG-208,-0.011841178,996
Ro-4987655,-0.012070015,997
losartan,-0.012250713,998
sertaconazole,-0.0130364,999
PSI-6130,-0.013376124,1000
refametinib,-0.0141805615,1001
clofoctol,-0.014461365,1002
rigosertib,-0.0147527605,1003
raltegravir,-0.0150967315,1004
dutasteride,-0.015846267,1005
LCQ-908,-0.015933156,1006
fingolimod,-0.016100043,1007
JW-7-24-1,-0.01612835,1008
pravastatin,-0.016907975,1009
formestane,-0.017128553,1010
cobimetinib,-0.017371314,1011
bendamustine,-0.017684467,1012
cariporide,-0.018229887,1013
propafenone,-0.018291168,1014
rimantadine,-0.018479034,1015
talinolol,-0.01880695,1016
agomelatine,-0.018848605,1017
VP-20629,-0.018908717,1018
diazoxide,-0.018974958,1019
semaxanib,-0.019083545,1020
BMS-387032,-0.019884543,1021
ranitidine,-0.020190146,1022
cyproheptadine,-0.020384118,1023
avagacestat,-0.020746429,1024
bruceantin,-0.02096852,1025
MK-0893,-0.020990252,1026
chlormezanone,-0.021286264,1027
hesperidin,-0.021513136,1028
chloramphenicol,-0.021589868,1029
naringenin,-0.021637924,1030
indinavir,-0.02214459,1031
sodium-tanshinone-ii-a-sulfonate,-0.022302464,1032
clomipramine,-0.022610813,1033
otamixaban,-0.022931999,1034
liranaftate,-0.023152865,1035
triamcinolone,-0.023532342,1036
riociguat,-0.023735687,1037
NVP-BEZ235,-0.02408579,1038
artesunate,-0.024281021,1039
fidaxomicin,-0.024298176,1040
etofylline-clofibrate,-0.024798807,1041
saxagliptin,-0.024856713,1042
blonanserin,-0.024932303,1043
AZD-8330,-0.025354108,1044
zafirlukast,-0.025667083,1045
daunorubicin,-0.025831511,1046
almorexant,-0.025915753,1047
NSI-189,-0.0263439,1048
O6-benzylguanine,-0.026357718,1049
darapladib,-0.026463568,1050
acarbose,-0.02672245,1051
mozavaptan,-0.026819047,1052
betulinic-acid,-0.026938938,1053
nizofenone,-0.027181014,1054
glycopyrrolate,-0.027506586,1055
AZD-7545,-0.02767388,1056
resorcinol,-0.028186597,1057
loratadine,-0.028255401,1058
CP-945598,-0.028434329,1059
BAY-K8644,-0.02871119,1060
ursolic-acid,-0.028954208,1061
noscapine,-0.029056206,1062
repaglinide,-0.029111471,1063
NMS-1286937,-0.02924414,1064
MD-920,-0.029358655,1065
senicapoc,-0.029651806,1066
lacidipine,-0.029849306,1067
entinostat,-0.029944308,1068
siguazodan,-0.029956859,1069
carglumic-acid,-0.030281775,1070
broxuridine,-0.030307405,1071
lamotrigine,-0.030334704,1072
mepazine,-0.030395733,1073
MC1568,-0.03110163,1074
benzthiazide,-0.031419642,1075
chloroxine,-0.03181011,1076
quercetin,-0.032009497,1077
indoramin,-0.03277199,1078
teroxirone,-0.03290516,1079
pibenzimol,-0.033112183,1080
probenecid,-0.033226475,1081
procainamide,-0.03352586,1082
zaldaride,-0.0337663,1083
GDC-0941,-0.033826564,1084
volasertib,-0.033835053,1085
cabergoline,-0.033861574,1086
adarotene,-0.033898313,1087
oglemilast,-0.034428537,1088
paracetamol,-0.034620374,1089
ACY-1215,-0.034667507,1090
lacitol,-0.035017386,1091
tolvaptan,-0.03510668,1092
quiflapon,-0.035192266,1093
ursodiol,-0.03579051,1094
saracatinib,-0.036089856,1095
racecadotril,-0.036220536,1096
Y-27632,-0.036717396,1097
roscovitine,-0.0368405,1098
alvespimycin,-0.036945596,1099
indibulin,-0.03695473,1100
ZM-447439,-0.03697568,1101
chlorprothixene,-0.037142046,1102
relcovaptan,-0.03730194,1103
TWS-119,-0.037509017,1104
PF-04457845,-0.03766355,1105
exemestane,-0.037716623,1106
Y-27152,-0.03784635,1107
phentermine,-0.037866205,1108
perhexiline,-0.038197055,1109
maribavir,-0.038242906,1110
mesulergine,-0.038752005,1111
piracetam,-0.03885287,1112
ribavirin,-0.03891823,1113
scopolamine,-0.038941942,1114
deforolimus,-0.0392549,1115
WAY-362450,-0.039268255,1116
taltirelin,-0.04076128,1117
nortriptyline,-0.041323412,1118
AS-605240,-0.04132577,1119
epinastine,-0.04145222,1120
letermovir,-0.0416468,1121
clioquinol,-0.041838057,1122
conivaptan,-0.04192109,1123
indoximod,-0.04225897,1124
tozasertib,-0.042506345,1125
cyclizine,-0.043254435,1126
gatifloxacin,-0.043367755,1127
mirodenafil,-0.043457277,1128
sarsagenin,-0.043736722,1129
dilazep,-0.043767445,1130
bambuterol,-0.043810137,1131
ulipristal,-0.04381629,1132
BIBX-1382,-0.044046428,1133
AZD-7762,-0.04409553,1134
PF-03084014,-0.044167485,1135
lupanine,-0.044353016,1136
AS-601245,-0.044379905,1137
LGX-818,-0.044725586,1138
bevirimat-dimeglumine,-0.04482353,1139
thioridazine,-0.044931583,1140
emtricitabine,-0.045063775,1141
CHIR-99021,-0.045091003,1142
PX-12,-0.045311198,1143
fenobam,-0.045850955,1144
lobenzarit,-0.045976877,1145
solifenacin-succinate,-0.04634668,1146
SC-12267,-0.046552874,1147
WZ-7043,-0.046618465,1148
TAK-733,-0.046827,1149
cytisine,-0.04690527,1150
FPL-55712,-0.046940137,1151
palmitoylethanolamide,-0.04724308,1152
ginkgetin,-0.047313355,1153
mocetinostat,-0.047370262,1154
MK-0752,-0.04741916,1155
dorzolamide,-0.04746554,1156
PA-824,-0.047529783,1157
mirtazapine,-0.047584794,1158
alvocidib,-0.04761369,1159
enzalutamide,-0.04764432,1160
theophylline,-0.04843726,1161
dinoprost,-0.04871295,1162
AVL-292,-0.048751354,1163
phenprocoumon,-0.04877444,1164
duloxetine,-0.048892707,1165
mycophenolate-mofetil,-0.049116872,1166
PF-04136309,-0.049197998,1167
clinafloxacin,-0.049208935,1168
exherin,-0.049683943,1169
estramustine,-0.04991839,1170
buspirone,-0.050109476,1171
TTNPB,-0.05043218,1172
ubenimex,-0.05090332,1173
neostigmine,-0.051225595,1174
diflunisal,-0.051339034,1175
caffeine,-0.05139797,1176
tolperisone,-0.051643953,1177
trehalose,-0.051695473,1178
norfloxacin,-0.051769495,1179
S-ruxolitinib,-0.051840425,1180
amlodipine,-0.052083354,1181
levomequitazine,-0.052222386,1182
cyclosporin-a,-0.052287865,1183
epirizole,-0.052575946,1184
ibutamoren,-0.053065713,1185
lumacaftor,-0.053075526,1186
cediranib,-0.053494398,1187
tadalafil,-0.05359559,1188
RS-127445,-0.053682175,1189
diosmin,-0.05369296,1190
piribedil,-0.053853326,1191
MG-132,-0.0540702,1192
climbazole,-0.054867912,1193
dalfampridine,-0.055430613,1194
molindone,-0.055651158,1195
odanacatib,-0.056422353,1196
vismodegib,-0.05655201,1197
ampalex,-0.056570854,1198
lomeguatrib,-0.05679053,1199
mCPP,-0.057102613,1200
sertraline,-0.057410367,1201
sulbactam,-0.057540722,1202
fomocaine,-0.057797793,1203
lidoflazine,-0.05781158,1204
temazepam,-0.057837114,1205
ABT-239,-0.058097497,1206
epitiostanol,-0.058178313,1207
doxifluridine,-0.058472876,1208
otilonium,-0.05902697,1209
melatonin,-0.05960839,1210
CGP-60474,-0.059885807,1211
triclosan,-0.060021527,1212
anamorelin,-0.06012444,1213
fdcyd,-0.06015022,1214
trimetazidine,-0.060333237,1215
fluocinolone-acetonide,-0.060593966,1216
binimetinib,-0.060841855,1217
riluzole,-0.061193854,1218
droperidol,-0.061248746,1219
ruxolitinib,-0.062271126,1220
SU-11652,-0.06230758,1221
probucol,-0.062428113,1222
dipyridamole,-0.062643565,1223
mestinon,-0.0631596,1224
linsidomine,-0.06316569,1225
cyproterone-acetate,-0.06398817,1226
aminosalicylic-acid,-0.06442009,1227
MLN-8054,-0.064451985,1228
sarcosine,-0.064519994,1229
cinepazide,-0.06465084,1230
methyldopa,-0.06493057,1231
cinaciguat,-0.06521048,1232
diltiazem,-0.06552033,1233
etravirine,-0.06588092,1234
dosulepin,-0.06594803,1235
zalcitabine,-0.06630587,1236
doxepin,-0.066425346,1237
PCA-4248,-0.06697748,1238
diazepam,-0.06718317,1239
XL-147,-0.067201234,1240
argatroban,-0.067373954,1241
mizolastine,-0.06752519,1242
azelaic-acid,-0.067546055,1243
bazedoxifene,-0.06777441,1244
GDC-0068,-0.06849837,1245
brivanib,-0.068499036,1246
acebutolol,-0.06875566,1247
tegobuvir,-0.06876645,1248
phenylephrine,-0.06897477,1249
GSK-256066,-0.06917921,1250
proglumide,-0.069475815,1251
ifosfamide,-0.07003813,1252
furosemide,-0.07006263,1253
praziquantel,-0.07036209,1254
doxofylline,-0.07044431,1255
tolbutamide,-0.07066087,1256
metamizole,-0.07075298,1257
XL-888,-0.07075724,1258
belinostat,-0.07115039,1259
clinofibrate,-0.07132346,1260
ranolazine,-0.07239401,1261
meloxicam,-0.0726171,1262
pentobarbital,-0.07274524,1263
sacubitril,-0.07283429,1264
ginkgolide-b,-0.07285915,1265
ABT-724,-0.072888404,1266
edoxaban,-0.07291138,1267
REV-5901,-0.072922975,1268
indole-3-carbinol,-0.073357746,1269
amiloride,-0.07346038,1270
chlorpromazine,-0.073478326,1271
triclabendazole,-0.073592946,1272
benfluorex,-0.073621884,1273
sodium-gualenate,-0.073940925,1274
pilaralisib,-0.07399928,1275
famotidine,-0.07409618,1276
phenytoin,-0.07420117,1277
ganetespib,-0.07424351,1278
tamsulosin,-0.07444449,1279
trichostatin-a,-0.07466262,1280
atrasentan,-0.07505615,1281
nicergoline,-0.07517668,1282
bropirimine,-0.07580977,1283
SR-57227A,-0.07590018,1284
KBG,-0.07609664,1285
pimozide,-0.07618663,1286
vicriviroc,-0.07629896,1287
meclizine,-0.07742991,1288
AVN-944,-0.077449165,1289
lurasidone,-0.078120224,1290
mericitabine,-0.07837813,1291
norethindrone,-0.07850208,1292
procaine,-0.07863167,1293
lonidamine,-0.07884647,1294
XMD-16144,-0.079173006,1295
voreloxin,-0.07936435,1296
dovitinib,-0.0793747,1297
palovarotene,-0.079956494,1298
cytochalasin-b,-0.08011649,1299
aclidinium,-0.0801477,1300
anacardic-acid,-0.08031681,1301
SR-27897,-0.08062309,1302
pinitol,-0.080794215,1303
mazindol,-0.08081629,1304
pyrazinoylguanidine,-0.08107245,1305
filgotinib,-0.08132951,1306
GDC-0980,-0.08174057,1307
CT-7758,-0.08216762,1308
golvatinib,-0.08232354,1309
r(-)-apomorphine,-0.08302753,1310
cefotetan,-0.08310318,1311
roxithromycin,-0.08329094,1312
sasapyrine,-0.08349603,1313
merimepodib,-0.08382101,1314
trapidil,-0.08394343,1315
zolpidem,-0.0841486,1316
tobramycin,-0.08420859,1317
metformin,-0.08441274,1318
ganciclovir,-0.08460617,1319
radezolid,-0.08474159,1320
indacaterol,-0.08496021,1321
aripiprazole,-0.085061684,1322
tedizolid,-0.08527906,1323
chloroquine,-0.08587493,1324
dehydroepiandrosterone,-0.08608776,1325
GSK-1070916,-0.08613865,1326
metergoline,-0.08654329,1327
benzydamine,-0.08661898,1328
ibutilide,-0.086710334,1329
irsogladine,-0.087177314,1330
apocynin,-0.087321855,1331
famciclovir,-0.08738248,1332
naftidrofuryl,-0.087869525,1333
NSC-4644,-0.08796913,1334
miconazole,-0.08805521,1335
triamterene,-0.08821453,1336
JQ1-(+),-0.08841279,1337
acrivastine,-0.08864412,1338
primaquine,-0.08886594,1339
nesbuvir,-0.08911885,1340
vorinostat,-0.08984714,1341
tibolone,-0.0899418,1342
dapsone,-0.08996527,1343
protirelin,-0.0901728,1344
resatorvid,-0.0903475,1345
homoharringtonine,-0.090377375,1346
vemurafenib,-0.0906741,1347
naftifine,-0.090751536,1348
erythromycin,-0.09109031,1349
oxybutynin,-0.09115434,1350
fluorometholone,-0.09123801,1351
atomoxetine,-0.0912443,1352
amtolmetin-guacil,-0.09141557,1353
DPI-201106,-0.091787696,1354
ARRY-334543,-0.09191385,1355
medroxyprogesterone-acetate,-0.091936566,1356
thioguanine,-0.092127845,1357
luliconazole,-0.09238398,1358
nimesulide,-0.09297149,1359
alpelisib,-0.0935285,1360
regadenoson,-0.09362581,1361
pilocarpine,-0.0936919,1362
IOWH-032,-0.0937841,1363
vanoxerine,-0.09382793,1364
TIC10,-0.09384478,1365
proguanil,-0.09424882,1366
LY-2090314,-0.094326094,1367
SB-939,-0.09433566,1368
levalbuterol,-0.09438813,1369
floxuridine,-0.09445039,1370
omeprazole,-0.095016725,1371
phentolamine,-0.095356725,1372
calcitriol,-0.09543131,1373
meglitinide,-0.095579386,1374
telcagepant,-0.095600754,1375
CTB,-0.095630586,1376
ticagrelor,-0.0957951,1377
dihydroergocristine,-0.09592046,1378
apremilast,-0.096626356,1379
amikacin,-0.09685731,1380
telmisartan,-0.097019345,1381
amiprilose,-0.09708907,1382
nisoxetine,-0.09721199,1383
firategrast,-0.09734367,1384
tomelukast,-0.09785837,1385
CC-401,-0.098468274,1386
NVP-DPP728,-0.098666415,1387
ambroxol,-0.09893554,1388
erteberel,-0.099037156,1389
tetrabenazine,-0.099096715,1390
oseltamivir-carboxylate,-0.099489376,1391
saquinavir,-0.09965642,1392
reparixin,-0.100016475,1393
inosine,-0.100100994,1394
lomitapide,-0.10110542,1395
fluspirilene,-0.101266816,1396
tazarotene,-0.101356,1397
ST-1859,-0.10155081,1398
prazosin,-0.102075174,1399
betahistine,-0.10213289,1400
CP-724714,-0.102676794,1401
phenylbutyrate,-0.10290792,1402
BIIB-021,-0.10317671,1403
rutin,-0.10355836,1404
reserpine,-0.1038788,1405
mibefradil,-0.103912,1406
carbamazepine,-0.104665466,1407
AT-9283,-0.104856804,1408
etofenamate,-0.105666615,1409
ethylenediaminetetraacetic-acid,-0.10577217,1410
betrixaban,-0.105811775,1411
rucinol,-0.10610291,1412
piketoprofen,-0.106174156,1413
linsitinib,-0.10687885,1414
testosterone,-0.107260555,1415
THZ-2-98-01,-0.107517734,1416
XMD-1150,-0.10760066,1417
diacerein,-0.10767682,1418
rufinamide,-0.10775821,1419
pinaverium,-0.107914194,1420
TAK-875,-0.10800178,1421
atenolol-(+/-),-0.108051494,1422
ramatroban,-0.10922794,1423
deferasirox,-0.10980494,1424
levofloxacin,-0.10996584,1425
VT-464,-0.109985426,1426
MDL-73005EF,-0.110176444,1427
HC-030031,-0.11030399,1428
butoconazole,-0.11105335,1429
sorbinil,-0.11147676,1430
torin-2,-0.111629695,1431
rimcazole,-0.11166497,1432
tiabendazole,-0.111698754,1433
pioglitazone,-0.11198898,1434
brivudine,-0.112671696,1435
gliclazide,-0.11272258,1436
orantinib,-0.113336846,1437
DU-728,-0.114031315,1438
AV-608,-0.114230156,1439
lonafarnib,-0.11434462,1440
AZD-1981,-0.114358835,1441
imiquimod,-0.114479266,1442
clofibric-acid,-0.11470828,1443
BMS-927711,-0.11498358,1444
ASA-404,-0.115412705,1445
metoclopramide,-0.11564254,1446
APD-668,-0.116010085,1447
tramiprosate,-0.11616509,1448
adapalene,-0.11629664,1449
isosorbide-mononitrate,-0.11681609,1450
N6022,-0.11734849,1451
dasatinib,-0.11758009,1452
azithromycin,-0.117697805,1453
RGFP-966,-0.11913208,1454
trilostane,-0.11940673,1455
bisindolylmaleimide,-0.11955475,1456
eptifibatide,-0.11973462,1457
barasertib-HQPA,-0.11979775,1458
nemonapride,-0.11991063,1459
lomerizine,-0.12019086,1460
fludroxycortide,-0.12019948,1461
thalidomide,-0.120378524,1462
allopurinol,-0.12039375,1463
isoconazole,-0.12077114,1464
anidulafungin,-0.12099765,1465
SB-705498,-0.12106551,1466
sulfafurazole,-0.1212437,1467
tamoxifen,-0.12169285,1468
metenkephalin,-0.12211391,1469
quetiapine,-0.12214191,1470
simeprevir,-0.12214451,1471
dazoxiben,-0.12218431,1472
gliquidone,-0.12225688,1473
indapamide,-0.12245186,1474
teneligliptin,-0.12256366,1475
chlorpropamide,-0.12258875,1476
pirenzepine,-0.122819096,1477
olmesartan-medoxomil,-0.123292655,1478
fluorouracil,-0.12384342,1479
lisinopril,-0.12452011,1480
lacosamide,-0.12519732,1481
varespladib,-0.12548234,1482
retigabine,-0.12580523,1483
ibudilast,-0.12580785,1484
MK-8033,-0.1259112,1485
I-BET-151,-0.12631595,1486
darifenacin,-0.12634821,1487
etacrynic-acid,-0.12671788,1488
trifluridine,-0.12674847,1489
clenbuterol,-0.12699638,1490
milrinone,-0.12705375,1491
licarbazepine,-0.12749742,1492
pindolol,-0.12767968,1493
atracurium,-0.12794268,1494
BTS-54505,-0.12883455,1495
aphidicolin,-0.12927565,1496
DMP-543,-0.12968943,1497
lerisetron,-0.13039716,1498
dantrolene,-0.1310839,1499
ramipril,-0.13116601,1500
rotigotine,-0.13129166,1501
bosentan,-0.13136347,1502
levocabastine,-0.13157247,1503
metolazone,-0.13184667,1504
indometacin,-0.1319424,1505
bifonazole,-0.1325523,1506
WH-4-025,-0.1326822,1507
molsidomine,-0.13316521,1508
safingol,-0.13388881,1509
clomifene,-0.13506544,1510
clonidine,-0.13519403,1511
tacrine,-0.13539246,1512
AZD-5438,-0.13552092,1513
cutamesine,-0.13620934,1514
tetrahydrouridine,-0.1368359,1515
clofarabine,-0.1370624,1516
ZK-200775,-0.13717794,1517
ganaxolone,-0.13728084,1518
avasimibe,-0.1375741,1519
ataluren,-0.13769206,1520
disulfiram,-0.13808489,1521
tacalcitol,-0.13814813,1522
triflupromazine,-0.13845935,1523
sobetirome,-0.13850953,1524
finasteride,-0.13853402,1525
indiplon,-0.13857788,1526
honokiol,-0.13866718,1527
QL-XII-47,-0.13870415,1528
AZD-6482,-0.13871258,1529
macitentan,-0.13951525,1530
aminocaproic-acid,-0.13987164,1531
alisertib,-0.13991114,1532
MLN-0128,-0.13996336,1533
tagatose,-0.14008659,1534
ercalcitriol,-0.14051987,1535
isradipine,-0.14098643,1536
trametinib,-0.1411295,1537
bavisant,-0.14122015,1538
dienogest,-0.14134675,1539
norethisterone,-0.14187996,1540
carbenoxolone,-0.14232028,1541
XMD11-85H,-0.1427764,1542
carbachol,-0.14323781,1543
carbimazole,-0.1432624,1544
telatinib,-0.14365175,1545
indirubin,-0.14365733,1546
mifobate,-0.14386587,1547
FK-888,-0.14442325,1548
sumatriptan,-0.14512187,1549
inositol,-0.14512685,1550
albendazole,-0.14633407,1551
AZD-4547,-0.1463746,1552
RHO-kinase-inhibitor-III[rockout],-0.14642668,1553
ramelteon,-0.14708722,1554
amcinonide,-0.14715561,1555
paricalcitol,-0.14723681,1556
pyrimethamine,-0.14822733,1557
fenoterol,-0.14862728,1558
epirubicin,-0.14915636,1559
PD-123319,-0.15000492,1560
pimobendan,-0.15020841,1561
etizolam,-0.15049413,1562
talazoparib,-0.15081015,1563
3-deazaadenosine,-0.15125506,1564
ORE-1001,-0.15152936,1565
mannitol-D,-0.1516596,1566
afloqualone,-0.15170068,1567
rifaximin,-0.15178803,1568
xaliproden,-0.15198003,1569
pyrazinamide,-0.1521528,1570
ZK-93426,-0.1525397,1571
taselisib,-0.15322468,1572
nefopam,-0.15359934,1573
TG-101348,-0.15381563,1574
balapiravir,-0.15424065,1575
aniracetam,-0.15456915,1576
novobiocin,-0.15496963,1577
PFI-1,-0.15544301,1578
MK-2461,-0.15580128,1579
PF-477736,-0.15675871,1580
enzastaurin,-0.1569781,1581
amiodarone,-0.1581144,1582
TAS-103,-0.15853575,1583
SN-38,-0.16050978,1584
doxorubicin,-0.16071667,1585
pimavanserin,-0.16095418,1586
naphazoline,-0.16193469,1587
vidarabine,-0.16194996,1588
baicalin,-0.16211152,1589
methylprednisolone,-0.16226903,1590
CI-966,-0.16229717,1591
I-BET-762,-0.16286066,1592
bisoprolol,-0.16296878,1593
AT-13387,-0.16329227,1594
tandutinib,-0.16365199,1595
camptothecin,-0.16383156,1596
GSK-2126458,-0.16395505,1597
maxacalcitol,-0.16490325,1598
deoxycholic-acid,-0.16520587,1599
AZD-1208,-0.1659781,1600
menadione,-0.16643968,1601
bepotastine,-0.16736338,1602
palonosetron,-0.16751099,1603
mercaptopurine,-0.16798031,1604
edoxudine,-0.16891973,1605
HG-5-88-01,-0.16895321,1606
rociletinib,-0.16901302,1607
mycophenolic-acid,-0.16909455,1608
naproxen,-0.16958666,1609
idalopirdine,-0.16983148,1610
cromoglicic-acid,-0.17009148,1611
amantadine,-0.17067319,1612
azelastine,-0.17106463,1613
glycitein,-0.17170177,1614
PF-04691502,-0.17232655,1615
LX-1031,-0.17376924,1616
NU-7441,-0.17526838,1617
AZD-3514,-0.176041,1618
azathioprine,-0.17745516,1619
topiroxostat,-0.17856288,1620
aurora-a-inhibitor-i,-0.17874657,1621
TAK-285,-0.18129069,1622
enoxacin,-0.18145046,1623
ibuprofen,-0.18155587,1624
ARN-509,-0.1825379,1625
CI-976,-0.1828352,1626
levcromakalim,-0.18476427,1627
PF-562271,-0.1850732,1628
torcitabine,-0.18562093,1629
cladribine,-0.18609817,1630
bendroflumethiazide,-0.1863418,1631
L-ergothioneine,-0.18635568,1632
fasudil,-0.18667337,1633
JWE-035,-0.18779877,1634
levonorgestrel,-0.18932842,1635
moxidectin,-0.19003767,1636
AZD-2014,-0.19073157,1637
gabapentin,-0.19120592,1638
lodoxamide,-0.19144939,1639
fluticasone-propionate,-0.19384387,1640
pimecrolimus,-0.19413984,1641
PRX-08066,-0.19471726,1642
RAF-265,-0.19700295,1643
3-amino-benzamide,-0.19809887,1644
abacavir,-0.19844481,1645
AZD-8931,-0.19909327,1646
JNJ-38877605,-0.19948062,1647
venetoclax,-0.19955371,1648
dexamethasone,-0.20076945,1649
valrubicin,-0.20140637,1650
haloperidol,-0.2019429,1651
GW-5074,-0.20257846,1652
BX-912,-0.20315093,1653
JTC-801,-0.20321824,1654
JW55,-0.20325936,1655
beclomethasone-dipropionate,-0.20344168,1656
amitifadine,-0.20399487,1657
SGX523,-0.20471266,1658
nitrendipine,-0.2051413,1659
rondual-kinase-inhibitor,-0.20520216,1660
resiquimod,-0.20603392,1661
genz-644282,-0.20729202,1662
EVP-6124,-0.20844325,1663
SNX-2112,-0.20857683,1664
citalopram,-0.20985639,1665
CG-930,-0.20999165,1666
LY-2784544,-0.21049678,1667
baricitinib,-0.21537,1668
brequinar,-0.21601385,1669
VX-765,-0.2162995,1670
imexon,-0.21696997,1671
dacinostat,-0.21857162,1672
oxfendazole,-0.2199979,1673
PKI-179,-0.22095613,1674
nicardipine,-0.22133021,1675
tolcapone,-0.22153275,1676
sotrastaurin,-0.22272651,1677
palomid-529,-0.2228404,1678
BGT-226,-0.22292365,1679
JNK-9L,-0.22377405,1680
etodolac,-0.22433165,1681
midodrine,-0.22792491,1682
basimglurant,-0.23031932,1683
phenylbutazone,-0.23200126,1684
JNJ-26481585,-0.2342862,1685
defactinib,-0.23473892,1686
irinotecan,-0.24132313,1687
idoxuridin,-0.24505822,1688
tofacitinib,-0.24962743,1689
cilostazol,-0.2513343,1690
bortezomib,-0.25199386,1691
HG-9-91-01,-0.25320664,1692
tiludronate,-0.25487378,1693
diethylcarbamazine,-0.25843105,1694
cilengitide,-0.25848266,1695
hydrocortisone,-0.25872773,1696
lasalocid,-0.25878456,1697
ciclesonide,-0.25889573,1698
glimepiride,-0.25930777,1699
altretamine,-0.26367727,1700
SU-014813,-0.26406276,1701
dabrafenib,-0.2656512,1702
colforsin-daproate,-0.26695955,1703
rizatriptan,-0.26789686,1704
KIN001-043,-0.26968706,1705
triamcinolone-acetonide,-0.2703415,1706
PIK-93,-0.273797,1707
ebselen,-0.27564776,1708
ENMD-2076,-0.27955827,1709
amsacrine,-0.28144595,1710
potassium-canrenoate,-0.28199372,1711
KIN001-242,-0.2846321,1712
PF-431396,-0.28479886,1713
sulfasalazine,-0.28927255,1714
clobetasol,-0.28952727,1715
medrysone,-0.28979862,1716
danusertib,-0.2920592,1717
pralatrexate,-0.29563844,1718
tracazolate,-0.29717165,1719
rimexolone,-0.29729766,1720
CEP-37440,-0.2996707,1721
sch 900776,-0.30095816,1722
SYK-inhibitor,-0.30817896,1723
dexamethasone-acetate,-0.3094473,1724
halcinonide,-0.31010047,1725
CYT387,-0.31349784,1726
voxtalisib,-0.31489098,1727
KIN001-269,-0.3192368,1728
tioguanine,-0.3230754,1729
PHA-793887,-0.33218867,1730
romidepsin,-0.33291805,1731
pazopanib,-0.33614603,1732
forskolin,-0.34406418,1733
adoprazine,-0.3542434,1734
triptolide,-0.36849535,1735
R-547,-0.37835538,1736
LY-294002,-0.3792134,1737
atorvastatin,-0.38527715,1738
palbociclib,-0.39725742,1739
GSK-1059615,-0.40382054,1740
tipifarnib-P2,-0.40919504,1741
pitavastatin,-0.41563657,1742
leflunomide,-0.42998594,1743
pyrazolanthrone,-0.4305267,1744
simvastatin,-0.4387065,1745
staurosporine,-0.44148043,1746
SU-11274,-0.4444946,1747
fostamatinib,-0.4518239,1748
KIN001-260,-0.45226157,1749
HG-14-10-04,-0.45431405,1750
PF-03814735,-0.47510463,1751
NVP-TAE684,-0.48994923,1752
CP-466722,-0.50670385,1753
NVP-TAE226,-0.53228164,1754
OTS-167,-0.55986786,1755
Y-39983,-0.5934607,1756
BX-795,-0.60331726,1757
PF-573228,-0.66286767,1758
AP-26113,-0.6727356,1759
lestaurtinib,-0.6891429,1760
sunitinib,-0.6907516,1761
PF-03758309,-0.7187183,1762
HG-5-113-01,-0.7256687,1763
A-443654,-0.727513,1764
KW-2449,-0.7513243,1765
CX-4945,-0.76589805,1766
LY-2874455,-0.8413788,1767
PHA-848125,-1.0,1768
