sample_id,PC1,PC2,PC1_zscore,PC2_zscore,outlier,condition,dataset
ALF001,19.56747940700476,-37.13508406312986,0.5633219482706922,-1.4327300870550117,False,IPF,GSE213001
ALF004C,-17.59563593987527,8.816906343854779,-0.5065551731289443,0.34017014670310286,False,control,GSE213001
ALF004D,9.953189425603165,19.240546208520005,0.28653920835255287,0.7423306056734815,False,control,GSE213001
ALF007A,-5.7918949731447915,-26.29712609520428,-0.16674102435918095,-1.014584582483456,False,control,GSE213001
ALF007B,13.450626003449521,-33.16912256443611,0.38722579889422,-1.279717040050173,False,control,GSE213001
ALF007C,6.695779878407113,-40.213691362826296,0.19276267974227362,-1.5515076101381386,False,control,GSE213001
ALF007D,-8.611085368078948,-71.73467565942958,-0.24790180101249992,-2.767636877505839,False,control,GSE213001
ALF008A,-0.4002307122352428,-47.43553224534426,-0.011522114825551561,-1.8301376167032926,False,IPF,GSE213001
ALF008B,-1.616458993440535,-26.900917255879428,-0.04653572443053821,-1.0378797973462128,False,IPF,GSE213001
ALF008C,-4.799935851016734,-27.0131927506702,-0.13818382832697118,-1.042211562938887,False,IPF,GSE213001
ALF008D,37.004661165739336,18.24963467117755,1.0653154343179645,0.7040996763790451,False,IPF,GSE213001
ALF009B,-61.592500679134226,-27.661079196754557,-1.7731669347771595,-1.0672080434294704,False,control,GSE213001
ALF009C,-29.118792888939996,-2.092189945419879,-0.8382916777526502,-0.08071998645650573,False,control,GSE213001
ALF010A,-42.47286507958906,5.414664545124232,-1.2227378196042649,0.20890629443362238,False,control,GSE213001
ALF011A,-4.935619222112944,-44.76412529164041,-0.14208997379231358,-1.7270705249247233,False,control,GSE213001
ALF011B,56.71304264607736,35.51068233407139,1.6326937676147761,1.3700581074593878,False,control,GSE213001
ALF012A,-42.593010393968385,26.53823208798987,-1.2261966448910582,1.0238868317915748,False,control,GSE213001
ALF012B,-47.83437531424719,-0.964411599264006,-1.3770886344557518,-0.03720851990590393,False,control,GSE213001
ALF012E,-3.0965786440331904,26.119108740166226,-0.08914641883337035,1.007716392279621,False,control,GSE213001
ALF012F,-44.46778109708686,0.46287955526563745,-1.2801688230686652,0.017858622977244613,False,control,GSE213001
ALF013A,-29.804610989364768,16.604793378872873,-0.8580354771687512,0.6406391062101693,False,control,GSE213001
ALF013B,-17.98611731261665,28.29885234820088,-0.5177966173170672,1.09181433706919,False,control,GSE213001
ALF014A,2.812706711461511,-28.95876967298676,0.08097411994962135,-1.1172749878269008,False,control,GSE213001
ALF014B,-35.870780833640296,2.638001045829621,-1.032672513658741,0.10177823918797217,False,control,GSE213001
ALF014C,-44.13962834902666,-9.55377185751196,-1.2707217378553555,-0.3685995798971988,False,control,GSE213001
ALF014D,-24.59172320691193,7.39032536278266,-0.7079633068780493,0.28513040343154245,False,control,GSE213001
ALF015A,-5.817473649287858,-1.2178716088765622,-0.16747740074059364,-0.0469874066594608,False,IPF,GSE213001
ALF015B,37.22864402594453,3.2450573295414586,1.0717636057234685,0.1251994276449897,False,IPF,GSE213001
ALF016A,-15.335057247216698,-4.89748397674049,-0.4414760913075127,-0.1889526527640916,False,IPF,GSE213001
ALF016B,-16.24833691996637,-8.610010460799392,-0.4677682096671822,-0.3321877773610181,False,IPF,GSE213001
ALF017A,-68.24114289537745,13.71928244711081,-1.9645725833385248,0.5293115454206594,False,control,GSE213001
ALF017B,-39.09433399808534,18.781199923505678,-1.1254743616218097,0.7246083018327749,False,control,GSE213001
ALF018A,-11.741011831288095,-30.4692507147568,-0.33800825961788367,-1.1755517277096255,False,IPF,GSE213001
ALF018B,-4.8921661204834255,-40.4712905531871,-0.140839016254084,-1.5614461930104306,False,IPF,GSE213001
ALF018C,24.705288016316196,-31.46679462574326,0.7112326880976713,-1.214038544435263,False,IPF,GSE213001
ALF018D,50.981597885885954,6.660147258372541,1.4676930252319282,0.25695898102897796,False,IPF,GSE213001
ALF018E,76.10416899168389,24.531463064262304,2.1909387436263437,0.9464625191610524,False,IPF,GSE213001
ALF019A,-15.686447672613967,-30.08243738985214,-0.4515921586313192,-1.1606278598190196,False,IPF,GSE213001
ALF019B,31.45829296743453,5.093593760097903,0.9056428022784386,0.19651887737541465,False,IPF,GSE213001
ALF019C,44.61014027496173,-21.115248462666827,1.2842671562145265,-0.8146595741287538,False,IPF,GSE213001
ALF019D,45.714725483687644,12.431937675937206,1.3160667088737066,0.47964375463451625,False,IPF,GSE213001
ALF020A,-30.58315769369384,21.382183082086144,-0.8804488109037737,0.8249583325715373,False,control,GSE213001
ALF020B,-6.86300138155288,48.64505224453047,-0.19757676647186567,1.8768028050944878,False,control,GSE213001
ALF020C,-44.92648833569833,28.01362495882376,-1.293374400034699,1.0808098147226661,False,control,GSE213001
ALF020D,-49.24561560585484,38.31936139564263,-1.4177163828749952,1.4784213735705831,False,control,GSE213001
ALF021A,18.165862871912086,2.0610065368310724,0.5229712551203942,0.07951688139213689,False,control,GSE213001
ALF021B,61.20326326047607,22.501066332750344,1.7619613023879477,0.8681266123148471,False,control,GSE213001
ALF022A,67.23727148285644,29.128482923484647,1.9356724481625986,1.123822792586057,False,control,GSE213001
ALF022B,22.276508717810913,-9.738370199033763,0.6413113324700406,-0.37572167493457986,False,control,GSE213001
ALF023A,-11.949274004406307,-18.761126901527806,-0.3440038531571334,-0.7238338529995119,False,IPF,GSE213001
ALF023B,58.87076641680933,31.691774530210278,1.6948117917647643,1.2227186238330825,False,IPF,GSE213001
ALF023C,-14.326790116476191,-58.18106884188715,-0.4124494091962379,-2.244717359063518,False,IPF,GSE213001
ALF023D,48.073931528570625,6.086122280040781,1.3839851422054785,0.23481219240776763,False,IPF,GSE213001
ALF024A,-23.080008793383733,45.674795545711525,-0.6644430408823819,1.7622056190092188,False,control,GSE213001
ALF024B,-35.29187912793671,29.901145292994897,-1.0160066963640804,1.1536333249131312,False,control,GSE213001
ALF024C,-36.08282743974148,29.82938608594473,-1.0387770560368637,1.1508647415758968,False,control,GSE213001
ALF025A,-1.5573270782393165,21.27047220080526,-0.044833394509383256,0.8206483506581945,False,control,GSE213001
ALF025B,-17.131690726094103,1.5084570253973533,-0.4931988017597984,0.05819865014018066,False,control,GSE213001
ALF025C,-26.873106000995413,18.44652467053884,-0.7736413113661637,0.7116960029538175,False,control,GSE213001
ALF025D,-32.56280958571036,-5.1479149003568185,-0.9374403803089418,-0.1986146726045241,False,control,GSE213001
ALF026A,-36.822697938404616,28.65491877650405,-1.060076952773984,1.105551941216064,False,control,GSE213001
ALF026B,-22.543424018098918,37.49025626405188,-0.6489954722539143,1.446433190499761,False,control,GSE213001
ALF026C,-40.678835687347544,27.939216565405466,-1.1710900773748494,1.0779390215988756,False,control,GSE213001
ALF026D,-22.543101210287556,23.217369908907518,-0.6489861790423855,0.895762733544055,False,control,GSE213001
ALF026E,-43.66110248148327,20.835029644171826,-1.2569456086771658,0.8038482903429334,False,control,GSE213001
ALF027A,9.129546566572342,-22.24865637231556,0.2628276157463845,-0.8583882381139836,False,IPF,GSE213001
ALF027B,47.41662025190786,6.132287900777228,1.365062016682351,0.2365933348364271,False,IPF,GSE213001
ALF027C,10.166023233071845,-35.69045374321666,0.2926664132207592,-1.376993971835966,False,IPF,GSE213001
ALF027D,61.195815704578,45.72817976040254,1.7617468970672066,1.7642652661728444,False,IPF,GSE213001
ALF028A,-19.350705836156983,-21.050282316100034,-0.5570813228061854,-0.8121530777743081,False,IPF,GSE213001
ALF028B,-21.34222457376761,-10.756841089403032,-0.6144145230591931,-0.415015887516437,False,IPF,GSE213001
ALF028C,42.52421001566852,17.126113913274203,1.224215972657323,0.6607524742953641,False,IPF,GSE213001
ALF028D,56.043998887339576,27.194564846582363,1.6134328793924742,1.0492091843344338,False,IPF,GSE213001
ALF029A,-13.862343262621964,-10.351074559882589,-0.3990785962703944,-0.39936077511180285,False,IPF,GSE213001
ALF029B,21.506433839158948,-32.400783961436865,0.6191418914330283,-1.2500733254515626,False,IPF,GSE213001
ALF029C,-20.804455457929922,-12.844082331629508,-0.598932858826801,-0.49554494520205206,False,IPF,GSE213001
ALF029D,4.054340734986592,-16.090885049959933,0.11671912739912157,-0.6208117126981462,False,IPF,GSE213001
ALF030A,-53.96363350123462,21.575550129274063,-1.553541901201587,0.8324187380974853,False,control,GSE213001
ALF030B,-30.74868133361281,22.43917539083835,-0.8852140183883225,0.8657387622040801,False,control,GSE213001
ALF030C,-36.8078866180167,30.26084069178709,-1.0596505543767332,1.1675109404625867,False,control,GSE213001
ALF030D,-40.322260652063854,27.508583015029544,-1.1608247519641175,1.0613245003264844,False,control,GSE213001
ALF031A,-34.71905932395027,6.4854222725579485,-0.9995159690058002,0.2502178156202432,False,control,GSE213001
ALF031B,54.09268876207131,25.325725402281623,1.5572572321063474,0.9771064123258124,False,control,GSE213001
ALF031C,2.299688235700009,-18.761052992955232,0.06620499403137069,-0.7238310014902642,False,control,GSE213001
ALF031D,63.79599978679402,41.422292847452646,1.8366027705596308,1.5981373607895657,False,control,GSE213001
ALF032A,52.31121772825632,24.621377797781534,1.505971028468018,0.9499315713318657,False,IPF,GSE213001
ALF032B,-11.343189563095745,-21.710817022109246,-0.32655548072274626,-0.837637548072924,False,IPF,GSE213001
ALF032C,34.157996722015376,4.956172459919713,0.9833637160022455,0.19121694696823416,False,IPF,GSE213001
ALF032D,37.99627075961061,8.886497506524666,1.0938625678922311,0.3428550834701986,False,IPF,GSE213001
ALF033A,10.22732539296038,-31.011362250301563,0.2944312216267539,-1.1964672453961933,False,control,GSE213001
ALF033B,45.535458136716734,10.696940890912302,1.3109058381730674,0.41270484342529284,False,control,GSE213001
ALF034A,-37.45127316777869,12.814528454524966,-1.0781728053608501,0.49440471003132186,False,control,GSE213001
ALF034B,-48.44534600209349,31.767407727639103,-1.3946776754893482,1.2256366718265173,False,control,GSE213001
ALF035A,-5.479980951878357,-20.938648984581622,-0.15776143069266843,-0.8078460878530597,False,IPF,GSE213001
ALF035B,10.179367641085557,10.180115465699549,0.29305058114369115,0.39276490373918616,False,IPF,GSE213001
ALF035C,-20.316092018291947,-15.745236253586512,-0.584873518910871,-0.6074760372146419,False,IPF,GSE213001
ALF035D,21.90395289610644,-21.038362754718886,0.6305859412759645,-0.8116932023048938,False,IPF,GSE213001
ALF036A,-8.405458995297801,-12.461529555312685,-0.24198208869178858,-0.4807854559927702,False,control,GSE213001
ALF036B,-6.507807358304589,-4.233587841108789,-0.18735119857788826,-0.16333849321130656,False,control,GSE213001
ALF037A,21.95909312184177,-23.093288561640612,0.6321733557172028,-0.8909754795507855,False,IPF,GSE213001
ALF037B,23.212550759945415,-18.691058829385966,0.6682587494505702,-0.7211305163131349,False,IPF,GSE213001
ALF038A,10.00321009406272,-27.206608257284394,0.2879792374858071,-1.0496738381058976,False,IPF,GSE213001
ALF038B,57.13688366691719,0.9705277250804387,1.6448955921140043,0.03744448968204658,False,IPF,GSE213001
ALF039A,-17.05859384040362,-4.115717029074463,-0.49109443873974884,-0.15879085145829228,False,IPF,GSE213001
ALF039B,45.23275006023296,-7.267484738722935,1.3021912715262733,-0.28039101849562087,False,IPF,GSE213001
ALF040A,28.297799580862513,-8.342411791486757,0.8146563622271438,-0.3218633988264679,False,IPF,GSE213001
ALF040B,67.08933589670607,34.115278579486116,1.931413577570459,1.3162212307369563,False,IPF,GSE213001
ALF041A,3.1070752840796945,-18.87341934164889,0.08944860326899953,-0.728166272369744,False,IPF,GSE213001
ALF041B,27.83322817649936,-9.134867222222937,0.8012819636562671,-0.3524375786596337,False,IPF,GSE213001
ALF042A,29.540693653512132,-6.9440389212892555,0.8504376448305863,-0.26791196894287084,False,IPF,GSE213001
ALF042B,15.06971555374646,19.619059179146074,0.4338372535903976,0.7569342328104126,False,IPF,GSE213001
ALF042C,46.5280143670519,5.39164744884341,1.339480224163757,0.20801825857238362,False,IPF,GSE213001
ALF042D,19.606496787808403,-20.67632480586554,0.5644452072512464,-0.7977252074810213,False,IPF,GSE213001
ALF043A,8.980163914271415,-43.25985196097683,0.25852708602655367,-1.669033288323016,False,IPF,GSE213001
ALF043B,48.246504561918265,-6.174409954489261,1.3889532924379289,-0.23821847007455355,False,IPF,GSE213001
ALF043C,-1.8080946884017544,-21.2885401174109,-0.052052663572179386,-0.8213454393651245,False,IPF,GSE213001
ALF043D,11.338081133946943,-34.09036137536715,0.32640841577887425,-1.3152598857197797,False,IPF,GSE213001
ALF044A,-29.806030014403863,8.288628683018212,-0.8580763290297927,0.31978836171204444,False,control,GSE213001
ALF044B,-33.41608980110788,7.875664177712236,-0.9620051933520819,0.30385554005391047,False,control,GSE213001
ALF045A,-3.126831242193564,-20.185511706057838,-0.09001735127088457,-0.7787888643177803,False,IPF,GSE213001
ALF045B,62.50990953180165,3.8380659466515104,1.799577926785685,0.1480786349781977,False,IPF,GSE213001
ALF046A,-5.035511390658966,-26.054363117545627,-0.14496573769791837,-1.005218404086678,False,control,GSE213001
ALF046B,46.42089461110073,19.317587813067775,1.3363963875404719,0.7453029922339358,False,control,GSE213001
ALF046C,-8.120391450083613,-21.240895667656492,-0.23377536969550775,-0.8195072413815606,False,control,GSE213001
ALF046D,61.6750347189819,33.58415404060402,1.7755429810301582,1.2957296087027645,False,control,GSE213001
ALF047A,11.875945819281506,-18.153985141960067,0.34189283133115045,-0.7004093667492199,False,IPF,GSE213001
ALF047B,9.239527500723394,-27.020189099707512,0.2659938219199003,-1.0424814931145736,False,IPF,GSE213001
ALF047C,0.45976149639743863,-38.65924602963439,0.013235927658507653,-1.4915346585821327,False,IPF,GSE213001
ALF047D,45.88814608830407,2.3778463830379435,1.3210592595661497,0.09174106216056482,False,IPF,GSE213001
ALF048A,-43.719312598083704,-1.4061237642643276,-1.2586214012312482,-0.05425047159607144,False,control,GSE213001
ALF048B,-39.81846158057333,-30.520038620276313,-1.1463210405465185,-1.1775112051723025,False,control,GSE213001
ALF048C,-44.206320523209,3.141118496431701,-1.2726417176705052,0.12118930360281491,False,control,GSE213001
ALF048D,-28.303169273066295,-77.13009924011702,-0.814810948590105,-2.975800825197882,False,control,GSE213001
ALF049A,-20.142813921596144,16.440919293443308,-0.5798850708336816,0.6343165856448617,False,control,GSE213001
ALF049B,-14.713121671463472,30.952990052366523,-0.4235713855993905,1.1942151539753987,False,control,GSE213001
ALF050A,-41.68349795860914,34.52703382736695,-1.200012980331811,1.3321073973372197,False,control,GSE213001
ALF050B,-46.729959815984735,37.70664786111265,-1.3452939675371889,1.4547819194582787,False,control,GSE213001
ALF050C,-40.537777547023,39.987549145347714,-1.1670291993856987,1.5427826868719332,False,control,GSE213001
ALF050D,-49.42060949554117,35.31500109713691,-1.4227542263715003,1.3625084168446697,False,control,GSE213001
chp_26,-0.12091600960243049,24.112685148412652,-0.004180799950721896,0.9689246465410623,False,CHP,GSE150910
chp_31,-7.271787262245899,-4.915601691409078,-0.2514297976555676,-0.197524564438595,False,CHP,GSE150910
chp_34,-0.9332593339582425,-37.882393165902236,-0.03226843649779972,-1.5222354616452864,False,CHP,GSE150910
chp_38,5.404052930867177,-21.62442400094531,0.18685089179964035,-0.8689383721808065,False,CHP,GSE150910
chp_1,-18.57626105660144,-5.415639114391489,-0.6422940317447863,-0.21761766399753943,False,CHP,GSE150910
chp_3,-24.671595937857774,-31.03313485483883,-0.8530467340129043,-1.2470104028321074,False,CHP,GSE150910
chp_4,3.78905534143339,4.919676635822456,0.1310106282603361,0.1976883087105874,False,CHP,GSE150910
chp_11,39.13263210064778,59.64485640404186,1.3530524774671173,2.396720690938193,False,CHP,GSE150910
chp_5,4.696740118203011,25.673129182176265,0.16239479717615493,1.0316282680811566,False,CHP,GSE150910
chp_9,3.5576057746532133,-9.564290806664765,0.12300801272108071,-0.3843237296976709,False,CHP,GSE150910
chp_8,-51.13297334401472,-27.384553539139926,-1.7679770705286633,-1.100398760871419,False,CHP,GSE150910
chp_10,9.023635569031493,12.613453033201957,0.31200182065535925,0.5068487995689704,False,CHP,GSE150910
chp_13,10.172043717163756,-20.56500762971037,0.3517092567914545,-0.8263676411850425,False,CHP,GSE150910
chp_14,1.191478574269868,7.412723496382157,0.04119664204080326,0.2978668882968237,False,CHP,GSE150910
chp_21,-2.2814119025726867,-3.213746239786953,-0.07888224893637669,-0.129138580804769,False,CHP,GSE150910
chp_19,9.078886532128168,-32.05752285118103,0.31391218161212103,-1.2881735819292355,False,CHP,GSE150910
chp_20,-84.42276762298006,-12.205536043395123,-2.919007200770761,-0.49045739302366087,False,CHP,GSE150910
chp_23,-105.23081858249098,-49.20379094956299,-3.6384677479073857,-1.9771653576053139,True,CHP,GSE150910
chp_24,-10.876826188101724,-23.100086425324026,-0.37607786215194666,-0.9282351980695317,False,CHP,GSE150910
chp_25,-49.04582692023284,8.223764021232203,-1.6958117576442289,0.3304570850764029,False,CHP,GSE150910
chp_2,-55.459153867152864,-25.679529209286272,-1.9175593746207296,-1.0318854415965593,False,CHP,GSE150910
chp_7,-14.895843463981501,-2.6845348576580226,-0.5150396694775076,-0.10787317845663871,False,CHP,GSE150910
chp_6,-2.477513263539322,9.49820500282861,-0.08566266257193654,0.3816681911821878,False,CHP,GSE150910
chp_12,-5.4474527370982075,-20.956315086290036,-0.18835148637225832,-0.8420916236748273,False,CHP,GSE150910
chp_15,-59.15836871316107,1.6406527646382636,-2.045463671965239,0.06592666433826824,False,CHP,GSE150910
chp_18,14.188626197281787,-9.561994884686225,0.4905868784576127,-0.3842314722249818,False,CHP,GSE150910
chp_27,8.863633594714178,3.491352987121215,0.306469581801789,0.1402937059135117,False,CHP,GSE150910
chp_33,10.543525495120614,-22.3381703446103,0.36455363533225027,-0.8976189782393608,False,CHP,GSE150910
chp_22,23.20560097189903,7.659480140976294,0.8023583950444667,0.3077823578172628,False,CHP,GSE150910
chp_29,-11.898783499940226,19.38814827036372,-0.41141312580332345,0.7790776760996501,False,CHP,GSE150910
chp_30,-20.230091175999874,0.22800692112312188,-0.6994769714102413,0.009162045790353658,False,CHP,GSE150910
chp_32,5.965885387443536,2.325208547685421,0.20627684800255813,0.09343430050753458,False,CHP,GSE150910
chp_36,5.469683822224429,24.39567080866723,0.18912014984292524,0.9802959135381103,False,CHP,GSE150910
chp_35,0.68244503917151,3.284874314076694,0.023596264841353985,0.13199673383982705,False,CHP,GSE150910
chp_37,-6.291725631703926,-31.23558325358792,-0.2175431218535244,-1.2551454256217065,False,CHP,GSE150910
chp_16,-31.39296932281985,27.41132321412742,-1.0854453850189005,1.1014744518496584,False,CHP,GSE150910
chp_17,-18.517411571019675,8.961420636752743,-0.6402592480364153,0.36009848216937523,False,CHP,GSE150910
chp_28,-51.32290503425607,7.39616950478742,-1.7745441612208919,0.2972016960813548,False,CHP,GSE150910
ipf_724,8.425634162590416,-7.712502480810787,0.29132528444811223,-0.3099129646562236,False,IPF,GSE150910
ipf_726,27.646344760202794,11.876488292292079,0.9559018461751576,0.47723520420601956,False,IPF,GSE150910
ipf_729,2.665255410122161,-0.01805921005039007,0.09215404745771578,-0.0007256766970241936,False,IPF,GSE150910
ipf_730,32.51572747682698,58.61004205624558,1.1242659452605053,2.3551385477632287,False,IPF,GSE150910
ipf_731,34.24048462926526,-3.231952705476689,1.1839012627145824,-0.12987017470335854,False,IPF,GSE150910
ipf_732,42.05383512166253,0.5276928446917649,1.4540561864586985,0.021204382667389297,False,IPF,GSE150910
ipf_733,20.63358188636585,66.95325805328389,0.7134280929164947,2.690395594466642,False,IPF,GSE150910
ipf_735,15.145884516738956,24.041607088111764,0.5236851054663728,0.9660685032276994,False,IPF,GSE150910
control_738,42.31741832122656,26.622100337470826,1.4631698566118216,1.069760957807003,False,control,GSE150910
ipf_739,17.816299181064114,-7.393957777325867,0.6160175396388716,-0.29711282181307064,False,IPF,GSE150910
control_256,16.531477530632998,-9.59121950170522,0.5715934612188964,-0.38540581060916174,False,control,GSE150910
control_740,-2.5965121908181863,-17.474319211677795,-0.08977717735735859,-0.7021739164057884,False,control,GSE150910
control_257,10.151436232344853,0.9152864247957663,0.3509967310324698,0.03677912974729205,False,control,GSE150910
control_258,19.630094392289237,-19.356089722920558,0.6787314429064599,-0.777789461346345,False,control,GSE150910
ipf_742,16.56495542946899,33.03750499137422,0.5727509952647519,1.3275523920019805,False,IPF,GSE150910
ipf_1176,-9.912776762175692,1.396008395014844,-0.34274482539645645,0.056096072767621984,False,IPF,GSE150910
ipf_261,9.226550223614147,3.1579615531475653,0.31901781118191774,0.12689697405496952,False,IPF,GSE150910
control_744,13.682954874469274,-8.354911856133448,0.47310275333268353,-0.3357270236499873,False,control,GSE150910
control_263,21.976158759361404,-17.82853753480883,0.759849119734331,-0.7164075391411104,False,control,GSE150910
ipf_1181,10.3658769382581,7.175561752523365,0.3584112470726754,0.2883369725107101,False,IPF,GSE150910
ipf_403,-15.806277606466036,-5.634765316511469,-0.5465189006442494,-0.22642285415492697,False,IPF,GSE150910
control_264,14.952943405082538,-5.42229358445557,0.517013960820121,-0.2178850618429089,False,control,GSE150910
ipf_747,24.726733895734515,58.2800155323994,0.8549531876937025,2.3418770287329482,False,IPF,GSE150910
ipf_1172,34.192634252143044,3.458838120541407,1.182246784908274,0.13898715480092255,False,IPF,GSE150910
control_750,28.583395015539747,27.047146933993165,0.988301357821446,1.0868406866204487,False,control,GSE150910
ipf_751,25.45495633195599,2.336526922774564,0.8801322548451885,0.09388910894198174,False,IPF,GSE150910
ipf_244,-19.50519307965394,34.237716352590986,-0.6744128468543101,1.3757807150520196,False,IPF,GSE150910
ipf_755,-31.04216025809666,13.450702402470942,-1.0733157875790753,0.5404921513646158,False,IPF,GSE150910
ipf_756,32.25230355412105,3.592392894441261,1.1151577822745693,0.14435381186538085,False,IPF,GSE150910
ipf_757,5.835805587854673,12.582046339807315,0.20177920024276885,0.5055867783917716,False,IPF,GSE150910
control_267,21.509280619228353,-30.879104618552724,0.7437063102612159,-1.2408209763401359,False,control,GSE150910
ipf_762,42.46952796526401,9.946703471725328,1.4684292097312888,0.39969029107588494,False,IPF,GSE150910
ipf_763,-19.624641468405073,-8.471468904137245,-0.6785429022493447,-0.34041065783854146,False,IPF,GSE150910
control_269,9.161361605271999,-27.87205477202813,0.3167638451996745,-1.1199881163022731,False,control,GSE150910
ipf_765,43.35422016444882,-1.8695826057948366,1.499018385762794,-0.07512579600112808,False,IPF,GSE150910
control_766,10.706819610489326,-23.317272062073013,0.37019970347270076,-0.936962410116866,False,control,GSE150910
ipf_270,22.140610400766835,-11.530590528994182,0.7655352105716368,-0.46333592812042684,False,IPF,GSE150910
control_768,38.16959751245531,-16.142591786107467,1.319754529808269,-0.6486608581475416,False,control,GSE150910
control_772,38.57268485561783,-23.52986999110095,1.3336917044633991,-0.9455052734259868,False,control,GSE150910
ipf_328,-35.69845975546229,-33.36247100272524,-1.2343123071726338,-1.3406105634892351,False,IPF,GSE150910
control_273,12.700424993387008,-36.05192839683376,0.43913073513660045,-1.448681545171065,False,control,GSE150910
ipf_774,-2.110209061327575,62.16245323345091,-0.0729627281665925,2.4978857666256946,False,IPF,GSE150910
control_279,16.997587215911082,-30.886150508406587,0.5877097005460868,-1.2411041026819016,False,control,GSE150910
control_280,15.518553601209064,23.372246542264904,0.5365705363957514,0.939171460185776,False,control,GSE150910
control_281,27.343921902624476,-31.081186249860117,0.9454452534359675,-1.2489412612433644,False,control,GSE150910
control_330,35.89227602042718,11.793402201076242,1.2410137111776005,0.47389653988604513,False,control,GSE150910
ipf_282,15.131851395292223,-30.901704561063273,0.5231998953304621,-1.2417291141594664,False,IPF,GSE150910
ipf_779,20.203491061122552,88.03453123654049,0.6985572440777403,3.5375084332898674,True,IPF,GSE150910
ipf_780,33.64152832258679,-1.2597476788951278,1.163191709813528,-0.05062068230857057,False,IPF,GSE150910
control_283,29.592226685956902,-5.438888904109523,1.0231827884263305,-0.21855191475169833,False,control,GSE150910
ipf_285,7.260537880502457,7.966190644181912,0.251040838287877,0.3201069647235368,False,IPF,GSE150910
control_286,31.2267926284754,-13.644815904439493,1.079699648637004,-0.5482922514001819,False,control,GSE150910
ipf_782,26.175481869837608,40.93615051109695,0.9050451935302639,1.6449451780498796,False,IPF,GSE150910
control_331,5.294566949981589,-26.35519185412966,0.1830652972783173,-1.0590357230897416,False,control,GSE150910
control_784,10.383271373074587,-21.15633693217279,0.35901267820212396,-0.8501291398257481,False,control,GSE150910
ipf_785,-6.658336455199966,27.947291775084256,-0.23021908195050356,1.1230113792090908,False,IPF,GSE150910
control_288,-0.40249151872674055,-15.642536248110508,-0.013916573390004709,-0.6285670306694974,False,control,GSE150910
ipf_787,12.992032726587484,63.416275150050794,0.4492133834195137,2.548268332892768,False,IPF,GSE150910
control_788,38.09684086195424,-20.43742724564744,1.3172388910452157,-0.8212410541719042,False,control,GSE150910
control_289,41.315201120994395,7.173477664699653,1.4285171283658256,0.28825322721044505,False,control,GSE150910
control_332,25.727964291445755,-5.234558004995696,0.8895717961212724,-0.21034124708931584,False,control,GSE150910
control_291,35.3453496048772,-24.98432816619192,1.2221031472357526,-1.0039500449035237,False,control,GSE150910
control_792,34.663625045144656,0.48446008430122206,1.1985317937391644,0.019467152374596345,False,control,GSE150910
control_292,29.862141240501593,-19.45664404233573,1.0325153719282996,-0.7818300548264093,False,control,GSE150910
control_293,-9.009314480286688,-35.66041552555982,-0.31150665374309155,-1.4329493084632694,False,control,GSE150910
control_794,26.968957921445234,-16.993994731215047,0.9324804740060884,-0.6828729457924835,False,control,GSE150910
control_796,29.898231041249957,20.773976393277497,1.0337632152675433,0.834764673043219,False,control,GSE150910
control_294,29.458052168311603,-24.998290738424323,1.018543561424017,-1.0045111056183225,False,control,GSE150910
ipf_798,41.32553271802093,29.136572102239867,1.4288743543484017,1.1708004584234124,False,IPF,GSE150910
ipf_799,-1.5669056672081703,3.1374337275902007,-0.05417743405351428,0.12607210050812045,False,IPF,GSE150910
control_295,9.520517646228283,13.858451167004633,0.3291820482421715,0.5568767980815481,False,control,GSE150910
control_296,23.75758499476221,24.132775081156023,0.8214438311515087,0.9697319241570803,False,control,GSE150910
control_298,29.082708900163816,-28.619522909692236,1.0055656677428106,-1.1500237716691155,False,control,GSE150910
control_299,31.83089132469032,-26.14899522041296,1.1005870051390148,-1.0507500842563964,False,control,GSE150910
control_300,11.580892716300376,-30.76314719701406,0.4004217130289003,-1.2361614370566996,False,control,GSE150910
ipf_301,-11.080387501726838,40.062542324877946,-0.38311621160435577,1.6098408129475406,False,IPF,GSE150910
ipf_809,21.00222105562805,52.48983222134334,0.7261741852309287,2.109208983530099,False,IPF,GSE150910
ipf_812,21.265556269473667,11.185803954258184,0.7352792810134393,0.4494813031376852,False,IPF,GSE150910
ipf_813,8.055699007117031,-2.205275706682733,0.27853438202866676,-0.0886150161822115,False,IPF,GSE150910
ipf_410,-9.351713744402842,64.09147314765686,-0.3233454733605333,2.5753999433770014,False,IPF,GSE150910
ipf_H03,19.454173433751993,36.84947849773162,0.672648788200919,1.4807296536606382,False,IPF,GSE150910
ipf_336,-19.942130707954547,42.519777389683426,-0.6895204312087231,1.7085803602845855,False,IPF,GSE150910
control_337,9.366213407037113,-30.904884029999902,0.3238468146554219,-1.241856875368832,False,control,GSE150910
control_823,64.6685830109477,14.851966069840232,2.2359852062136727,0.5967993977479993,False,control,GSE150910
control_825,33.3368403779246,-16.28496263414195,1.1526567992734138,-0.6543817732078308,False,control,GSE150910
ipf_826,-12.983522592204286,4.08837483873275,-0.4489191364498453,0.16428394934718743,False,IPF,GSE150910
control_306,-7.979483291911915,-16.8397389470276,-0.2758991424154718,-0.6766744560659848,False,control,GSE150910
ipf_307,5.751407967279561,42.34929883073251,0.1988610625279895,1.7017299876919993,False,IPF,GSE150910
ipf_827,-50.29457317714212,36.95806985132146,-1.738988490870178,1.4850932008245832,False,IPF,GSE150910
ipf_309,-24.071861153529472,25.544990805377786,-0.8323102644171068,1.026479259139032,False,IPF,GSE150910
control_828,29.570618709672207,-13.590600371212872,1.022435669608208,-0.5461136982425673,False,control,GSE150910
ipf_829,-19.74655044333593,34.56984598708675,-0.6827580350349807,1.3891267437804211,False,IPF,GSE150910
control_339,5.1402755169116485,-19.792722560068032,0.1777305064768629,-0.7953347622863852,False,control,GSE150910
control_834,-8.55331529567497,-27.008339234351638,-0.29573999575609516,-1.0852812693914342,False,control,GSE150910
control_836,48.70057687579826,-11.208163118256842,1.683874369257821,-0.45037976570794686,False,control,GSE150910
control_315,15.619578021768747,-26.863292497207052,0.5400635634472258,-1.0794528285664187,False,control,GSE150910
control_340,20.167205904292448,-27.653922159077254,0.697302646093685,-1.1112228517288079,False,control,GSE150910
ipf_318,-5.610908006324515,12.660189007755072,-0.19400312657915483,0.5087268001875623,False,IPF,GSE150910
control_842,29.30562865751002,-17.811480872500127,1.01327335602654,-0.7157221480120466,False,control,GSE150910
control_319,18.811488884849066,-16.14052606203818,0.6504272847026008,-0.6485778507615385,False,control,GSE150910
ipf_341,-11.125931759014897,10.305651106499209,-0.38469095285865,0.4141139526469368,False,IPF,GSE150910
ipf_845,-31.13064141219174,17.231169803707395,-1.0763751178191057,0.6924033971656325,False,IPF,GSE150910
control_324,20.641758448234597,8.413877037014359,0.7137108062608263,0.33809643280917534,False,control,GSE150910
control_849,26.068447094714745,-17.60838540272435,0.9013443520616236,-0.7075611238434237,False,control,GSE150910
control_851,24.51487847564079,-28.679187954419966,0.8476280606670973,-1.1524213035913318,False,control,GSE150910
ipf_852,-22.44181244429302,-10.99081022176366,-0.7759495923633619,-0.44164583263026985,False,IPF,GSE150910
ipf_853,19.241723528090205,37.98512817224639,0.665303106201967,1.5263636820859685,False,IPF,GSE150910
control_327,20.88490472116555,6.199267192571792,0.7221178478860861,0.24910634118123698,False,control,GSE150910
control_342,17.495871306898756,-24.046302299721567,0.6049384042545236,-0.9662571718152692,False,control,GSE150910
control_854,38.945362646706165,-22.769333188634388,1.3465774364333858,-0.9149444773978475,False,control,GSE150910
ipf_856,-14.333202266868172,9.303942071099582,-0.4955857502082578,0.37386208658193054,False,IPF,GSE150910
chp_47,-44.423364513211844,-47.85783355859322,-1.535985191525901,-1.923080493921413,False,CHP,GSE150910
chp_43,-7.33509242374965,-30.31811423132874,-0.2536186411095117,-1.218278592142426,False,CHP,GSE150910
chp_44,0.7595598860601188,-14.227795736443655,0.026262592891145513,-0.5717182416699709,False,CHP,GSE150910
chp_45,0.9148929682861383,-19.612465601861828,0.03163339982276103,-0.788091462403294,False,CHP,GSE150910
chp_48,3.1462218676354565,-19.741461088362446,0.10878397552499176,-0.7932749127487745,False,CHP,GSE150910
chp_49,-0.42923145668142,11.293917901132666,-0.014841135254482439,0.45382566657613094,False,CHP,GSE150910
chp_50,20.890933584910908,-9.17069050427737,0.72232630227796,-0.368507613345558,False,CHP,GSE150910
ipf_877,-12.192431948226892,6.534116601897865,-0.4215663339861196,0.2625616591426672,False,IPF,GSE150910
control_878,-16.064014111862626,0.1142448043646918,-0.5554304151128813,0.004590720859451833,False,control,GSE150910
ipf_887,-34.60288989837101,-1.9103447422206525,-1.1964318112846224,-0.07676374873785355,False,IPF,GSE150910
ipf_888,-9.690836693536188,14.458058390967189,-0.33507101089428976,0.5809709300276799,False,IPF,GSE150910
ipf_894,-3.9103444374168927,8.300502292320997,-0.13520432807046232,0.3335406737241723,False,IPF,GSE150910
ipf_899,-11.157407222364364,23.354914004938976,-0.38577925056259404,0.9384749835180463,False,IPF,GSE150910
control_900,22.245700408266497,-32.73221878048959,0.7691688096262248,-1.3152850177068898,False,control,GSE150910
control_912,26.478719033840445,-22.828591598026968,0.9155299417822822,-0.9173256694144931,False,control,GSE150910
ipf_914,21.023807333940628,5.310692538643374,0.7269205538185313,0.21340057563983203,False,IPF,GSE150910
ipf_916,-12.939083750419943,-13.8175100004455,-0.44738261611516844,-0.555231651342679,False,IPF,GSE150910
ipf_917,8.885315091198951,1.584177518548778,0.30721924265921524,0.06365730870579625,False,IPF,GSE150910
control_919,28.793295879419706,-12.72807539639524,0.9955589039830436,-0.5114546919471599,False,control,GSE150910
control_920,26.914338237162642,-18.34332459447999,0.9305919401873829,-0.7370933261766794,False,control,GSE150910
control_923,28.953003332379858,-34.48204597502377,1.0010809594466759,-1.385598659076009,False,control,GSE150910
ipf_924,-16.630210534695994,51.96247275372104,-0.5750072601019263,2.088017997017356,False,IPF,GSE150910
ipf_926,19.646911545945056,28.36815355554468,0.6793129139242904,1.139922948757043,False,IPF,GSE150910
control_927,34.352272955949815,-5.071206306100115,1.1877664632966292,-0.20377725447961256,False,control,GSE150910
control_929,8.294598004372647,-8.857542217910094,0.28679456956907423,-0.35592431576522493,False,control,GSE150910
control_932,8.78029286414142,-20.476485147948356,0.3035879871856803,-0.8228105253423117,False,control,GSE150910
control_933,14.511045286806638,-32.302757288137144,0.5017348622360172,-1.2980278842885495,False,control,GSE150910
ipf_938,-9.930081084675173,27.43627597157145,-0.3433431407964682,1.1024771332821854,False,IPF,GSE150910
ipf_940,-26.316774998517342,15.250843499208381,-0.9099305540988424,0.6128275659045094,False,IPF,GSE150910
control_947,26.817105099124515,9.171039364856803,0.9272300007712961,0.3685216316770519,False,control,GSE150910
control_951,29.16327689612515,5.292650323168187,1.0083513921034841,0.21267558183907884,False,control,GSE150910
ipf_954,-23.214747619864312,-2.1173116436093196,-0.8026746501498762,-0.08508033938462002,False,IPF,GSE150910
control_955,26.602607325332468,-30.139673036993685,0.9198135115483362,-1.2111082554468116,False,control,GSE150910
control_956,4.396805936004851,-33.488456165469465,0.1520242530416198,-1.3456730494185303,False,control,GSE150910
control_961,24.606860720868983,-29.06517059112202,0.8508084448658627,-1.1679313178239088,False,control,GSE150910
control_964,31.19457211521882,-22.128289953022932,1.0785855900381613,-0.889185314257808,False,control,GSE150910
control_574,33.62964363997789,-28.936842513542114,1.162780784241067,-1.1627746860989434,False,control,GSE150910
control_576,30.00158029795405,-22.915866831970874,1.0373366260074137,-0.9208326668592159,False,control,GSE150910
ipf_965,25.25037600062889,50.03232954050687,0.8730586717692729,2.0104586825268136,False,IPF,GSE150910
control_646,25.347326634044606,-14.247861773145727,0.8764108432868378,-0.5725245590667837,False,control,GSE150910
control_657,-17.698276193165153,4.003437221868986,-0.6119367689980407,0.16087088481740902,False,control,GSE150910
control_661,30.34783423807337,-15.633528241160464,1.049308725157459,-0.6282050602005765,False,control,GSE150910
control_666,-0.3491936414127985,-33.2860058377676,-0.01207374245652978,-1.3375379491174522,False,control,GSE150910
control_671,22.920228598021655,-5.078726719387612,0.7924913409581901,-0.20407944868741568,False,control,GSE150910
control_687,41.40148890470052,58.196016507581575,1.4315006204861214,2.338501679827156,False,control,GSE150910
control_691,21.49086481279144,-25.455510511111232,0.7430695641190209,-1.0228836553329448,False,control,GSE150910
control_695,-2.6138573409673134,-20.643910269718024,-0.09037690441688666,-0.8295382010837025,False,control,GSE150910
control_698,18.97641749899827,-4.265607301207499,0.6561298673810633,-0.17140571533890453,False,control,GSE150910
control_699,25.39200681580341,2.177429825184108,0.8779557082084445,0.08749607979156838,False,control,GSE150910
control_703,-13.93338280417573,-33.16204304558335,-0.48176156600454245,-1.3325567284917903,False,control,GSE150910
control_973,36.01798583112318,-22.188024000815304,1.2453602619122066,-0.8915856189433897,False,control,GSE150910
control_709,45.096872889296186,-9.820436045545424,1.5592724617128888,-0.3946164629008811,False,control,GSE150910
control_710,22.482886855930914,-3.4191386634570406,0.7773697839386237,-0.13739190391175002,False,control,GSE150910
control_714,0.7948052118917966,-31.64321687294893,0.02748123760977915,-1.2715254454381069,False,control,GSE150910
control_975,34.713691656616845,-22.80773340221688,1.2002629002110368,-0.9164875205364905,False,control,GSE150910
control_978,34.28691177320347,-16.29219042499308,1.1855065307161252,-0.6546722089122161,False,control,GSE150910
control_980,41.611755520003875,-14.568327463740664,1.4387708128931411,-0.5854018933029783,False,control,GSE150910
control_982,20.881158255599036,-5.893967092510684,0.7219883098447021,-0.2368384087747072,False,control,GSE150910
ipf_1164,-16.805101365361455,-0.49222647795744523,-0.5810542970379945,-0.01977923085867795,False,IPF,GSE150910
ipf_1168,-0.7334365150965377,-26.735669997036982,-0.025359349487758885,-1.074324549193679,False,IPF,GSE150910
ipf_1169,-17.212565051065816,-20.283579892073668,-0.5951427884024955,-0.8150589764909969,False,IPF,GSE150910
ipf_1170,-6.1736390973080155,-12.838590077819081,-0.2134601540248092,-0.5158955245619067,False,IPF,GSE150910
ipf_990,-18.47274712072137,-14.77812574935449,-0.638714927046828,-0.5938322580044674,False,IPF,GSE150910
ipf_992,-36.91935063631284,-22.327773152506957,-1.2765259110723957,-0.8972011858773014,False,IPF,GSE150910
ipf_994,-14.509270799944588,35.9524958023473,-0.5016735074608323,1.444686026178698,False,IPF,GSE150910
ipf_997,13.64590329894341,63.410711644122905,0.4718216556050788,2.5480447734682774,False,IPF,GSE150910
ipf_998,5.8429580401757715,-26.293223647304647,0.20202650390760124,-1.0565456427637574,False,IPF,GSE150910
ipf_1017,0.250195033393162,29.657982516442846,0.008650760033516433,1.1917523929829572,False,IPF,GSE150910
ipf_1022,-11.875283409756996,-10.357000407241834,-0.41060058512981756,-0.41617733143556807,False,IPF,GSE150910
ipf_1024,12.177321079141636,19.474133121199245,0.4210438595765297,0.7825328218327324,False,IPF,GSE150910
ipf_1029,12.128322377789324,41.49772624925484,0.4193496772356408,1.6675110835163012,False,IPF,GSE150910
ipf_1030,-19.608364876917538,12.689859863326319,-0.6779801217448213,0.5099190698609726,False,IPF,GSE150910
ipf_1031,6.686800238611356,-20.102389366739843,0.23120324760958355,-0.8077781629011747,False,IPF,GSE150910
ipf_1034,-9.937943332395578,-16.494216810575132,-0.3436149863940042,-0.66279027386588,False,IPF,GSE150910
ipf_1036,19.85654618903722,-4.721673622410573,0.6865612552183097,-0.1897319156915874,False,IPF,GSE150910
ipf_1038,-7.177152865915815,8.625839605909006,-0.2481577125047733,0.3466137653203453,False,IPF,GSE150910
ipf_1041,9.170484707218236,29.228077219183355,0.31707928617637116,1.174477426067018,False,IPF,GSE150910
ipf_1042,2.1797147769575007,38.62065259602256,0.07536596239038086,1.551901081752802,False,IPF,GSE150910
ipf_1043,-2.028771989073361,27.056209346077456,-0.07014695456649753,1.0872048432613013,False,IPF,GSE150910
ipf_1048,0.15516392093225462,33.175534106024024,0.005364957999526531,1.3330988423579353,False,IPF,GSE150910
ipf_1049,6.87322564927371,27.574285736523617,0.23764910494702923,1.108022806105533,False,IPF,GSE150910
ipf_1053,5.67310012194942,13.520695636578544,0.1961534852851261,0.5433047028992357,False,IPF,GSE150910
ipf_1056,12.592421734498432,53.22086906398636,0.43539640730917856,2.138584377021396,False,IPF,GSE150910
ipf_1057,0.7656314793847273,32.15925913639254,0.026472524703779664,1.2922616705673213,False,IPF,GSE150910
ipf_1060,-8.913395529800656,32.38027051145843,-0.30819015376278425,1.3011426129903332,False,IPF,GSE150910
ipf_1061,-17.612343943669497,3.229901137831001,-0.6089655698521367,0.12978773616763692,False,IPF,GSE150910
ipf_1063,-19.52229726690168,42.336951218056335,-0.6750042423646121,1.7012338212064233,False,IPF,GSE150910
ipf_1067,-3.7808136671271724,11.409158600526009,-0.13072566358405716,0.4584564056763008,False,IPF,GSE150910
ipf_1071,-2.418700216717164,17.90427419145262,-0.08362913877252941,0.7194508797237587,False,IPF,GSE150910
ipf_1074,-8.868047176303259,14.168902972187187,-0.3066221860909217,0.5693517424418755,False,IPF,GSE150910
ipf_1084,-20.614795991297616,12.989445872187313,-0.7127785505652893,0.5219573918461702,False,IPF,GSE150910
control_1089,6.650673808260661,-31.768602640405962,0.22995413776278534,-1.2765638457517519,False,control,GSE150910
control_1092,37.72456966818809,-13.001662775639428,1.3043672176111512,-0.5224483060179561,False,control,GSE150910
control_1096,6.428987119317919,-29.912489022211957,0.22228908413378362,-1.201979276659617,False,control,GSE150910
control_1097,-2.473666944306806,11.090671684965479,-0.08552967198358817,0.44565858493638394,False,control,GSE150910
control_1102,8.32104895263181,-32.42302653780096,0.28770913930671327,-1.3028606865875478,False,control,GSE150910
control_1109,-10.131779778117897,-6.030761542991067,-0.3503170881701753,-0.2423352463838197,False,control,GSE150910
control_1111,-2.6507939439125576,-3.878646139669091,-0.0916540268449345,-0.1558563808553743,False,control,GSE150910
control_1112,-1.4077499930056492,-14.798066962357623,-0.04867445692872472,-0.5946335595866735,False,control,GSE150910
control_1113,9.628590447844791,-4.992652389193431,0.33291878058355695,-0.20062070738812302,False,control,GSE150910
chp_40,-29.841019016724932,-2.157752433843333,-1.0317850485210438,-0.0867053794057606,False,CHP,GSE150910
chp_115,-70.33497798687812,2.287494836801067,-2.4319068539262725,0.09191884323832289,False,CHP,GSE150910
chp_117,-53.85740601846982,-29.280886604305504,-1.862177234994544,-1.1765994757059774,False,CHP,GSE150910
chp_119,-8.432193374594512,15.856672489648096,-0.29155207619648094,0.6371717082848851,False,CHP,GSE150910
chp_120,-44.0791972564977,5.679955726935148,-1.5240852416793784,0.2282387490740249,False,CHP,GSE150910
chp_121,-34.86383717329987,24.27599435155065,-1.2054543415331038,0.9754869315355978,False,CHP,GSE150910
chp_122,-50.808070381191165,-25.87589664953031,-1.7567432041826898,-1.039776112065632,False,CHP,GSE150910
chp_125,-38.07754074493445,-8.306106250466353,-1.31657156892178,-0.333765858647867,False,CHP,GSE150910
chp_126,-38.507723282509815,11.245467124844886,-1.3314455888121979,0.45187875975093367,False,CHP,GSE150910
chp_127,-50.395724880956884,-3.4350011362041446,-1.7424859188759043,-0.1380293086928914,False,CHP,GSE150910
chp_128,-46.91510932114311,3.101299559871022,-1.6221399249186346,0.12462011432450516,False,CHP,GSE150910
chp_129,-38.682363419983595,-20.574053033325225,-1.3374839577638786,-0.8267311143713094,False,CHP,GSE150910
chp_130,-69.07863982119744,11.948269733879824,-2.38846762236018,0.4801196116243776,False,CHP,GSE150910
chp_131,-61.130316355537566,15.0637793837525,-2.1136458641594817,0.6053107327176198,False,CHP,GSE150910
chp_132,-19.73300019338592,17.506025342754256,-0.682289520695899,0.7034479699447186,False,CHP,GSE150910
chp_133,-48.81373406321939,42.20251901853891,-1.6877868996592922,1.6958319063802874,False,CHP,GSE150910
chp_134,-57.94393084633697,-15.292616906533915,-2.003473187905542,-0.6145061547335254,False,CHP,GSE150910
chp_135,-31.215782375827537,30.685561519461366,-1.0793189574127489,1.233043796912655,False,CHP,GSE150910
chp_136,-25.072969398402464,23.30176644645271,-0.8669246493492089,0.9363393449940134,False,CHP,GSE150910
chp_137,-22.439350857593716,44.29775109864451,-0.775864480378729,1.7800250184348965,False,CHP,GSE150910
chp_138,-53.39175694178836,13.70207960568416,-1.8460769217006756,0.5505932896771973,False,CHP,GSE150910
chp_141,-41.213918928702796,14.590349662349105,-1.425015188581888,0.5862868155284131,False,CHP,GSE150910
chp_142,-94.70588981049882,1.3856275142405834,-3.2745571141048306,0.055678935846823784,True,CHP,GSE150910
chp_143,-62.46424067436057,41.24671490012809,-2.1597677196915868,1.6574246463885622,False,CHP,GSE150910
chp_144,-23.022024118154,9.226120128830607,-0.7960110295995233,0.3707349525675311,False,CHP,GSE150910
chp_101,-21.786051774282353,3.839389004722112,-0.7532759680361921,0.1542789038813833,False,CHP,GSE150910
chp_103,-26.360290582940166,-38.874181289935876,-0.9114351518258825,-1.5620886738283428,False,CHP,GSE150910
chp_104,-69.96446237724011,-5.591794644875645,-2.419095881685214,-0.2246961554247727,False,CHP,GSE150910
chp_105,-36.69367296111251,-13.752049458667067,-1.2687228648384121,-0.5526012378522416,False,CHP,GSE150910
chp_106,-60.42989619865345,-24.263740620957105,-2.089428090458431,-0.9749945375317329,False,CHP,GSE150910
chp_108,-49.967783164425846,-10.642969303234777,-1.7276893777622218,-0.4276684743657838,False,CHP,GSE150910
chp_109,-43.85371352156663,-44.06639096739597,-1.5162889011369807,-1.770728229959705,False,CHP,GSE150910
chp_110,-76.41270982952642,-17.274649961172443,-2.642050912366439,-0.6941505686624637,False,CHP,GSE150910
chp_111,-52.88487068190546,12.882344318323765,-1.8285507888311914,0.5176537095900252,False,CHP,GSE150910
chp_112,-70.27116016522861,9.304578900860694,-2.4297002847011986,0.3738876764342176,False,CHP,GSE150910
chp_113,-34.913529568651185,-23.74605761106834,-1.2071725090836136,-0.9541923819737981,False,CHP,GSE150910
chp_114,-56.20433284311801,-30.980274313650604,-1.9433247322126448,-1.244886297579145,False,CHP,GSE150910
ipf_1125,-1.5000456149262311,-2.318825313649477,-0.05186567646074655,-0.09317780179144389,False,IPF,GSE150910
ipf_1130,3.574387467432821,-11.288575453731752,0.1235882576413084,-0.45361098998877725,False,IPF,GSE150910
GSM952756,39.117880398307406,-20.677023772178114,1.077330666326984,-0.9988330234041517,False,control,GSE38958
GSM952757,32.222574126384785,-22.259931743148865,0.8874296587872079,-1.075297642869485,False,control,GSE38958
GSM952758,39.588216835629765,-27.145801292415122,1.0902840232639892,-1.3113165161668296,False,control,GSE38958
GSM952759,33.88285492824482,-37.97478810018436,0.9331548208958166,-1.8344261161162054,False,control,GSE38958
GSM952760,11.439798711552532,-13.575044983850571,0.3150591454105659,-0.6557618433611979,False,control,GSE38958
GSM952761,75.61693987055436,28.781371856885837,2.082537381546795,1.390325077065197,False,control,GSE38958
GSM952762,1.6001098977455754,0.28163006208946617,0.044068018123221996,0.013604540455035164,False,control,GSE38958
GSM952763,44.36451242640414,-22.707421397175917,1.2218261635586418,-1.0969142666640241,False,control,GSE38958
GSM952764,-23.81439907225817,-33.308483505447,-0.655863307506884,-1.6090136400345363,False,control,GSE38958
GSM952765,30.42731818225489,-23.533554953362007,0.8379871976205077,-1.1368218223525404,False,control,GSE38958
GSM952766,42.72186681833966,-1.9794381150687799,1.1765866856151546,-0.09561957169947645,False,IPF,GSE38958
GSM952767,16.24681518382207,24.67784233648586,0.44744735781838874,1.1920982508715576,False,IPF,GSE38958
GSM952768,-10.438852011701226,-0.635307963094959,-0.28749245304051463,-0.030689454176897016,False,IPF,GSE38958
GSM952769,-34.24589532625614,31.5034418573062,-0.9431531784221122,1.521818537555193,False,IPF,GSE38958
GSM952770,-17.111937322949263,9.773085278628853,-0.4712733576197597,0.4721027757376888,False,IPF,GSE38958
GSM952771,2.3226434007293997,4.676925908595106,0.06396703852737494,0.22592555374458362,False,IPF,GSE38958
GSM952772,-5.85641322223844,-0.8822192646424747,-0.1612892491811314,-0.0426168555550974,False,IPF,GSE38958
GSM952773,31.258049847454075,31.004321839718916,0.8608660624591733,1.4977078356620586,False,IPF,GSE38958
GSM952774,15.505840455764025,28.421999521858393,0.42704045464822693,1.3729650856139002,False,IPF,GSE38958
GSM952775,-22.99881809685149,3.101369059982529,-0.6334017020535244,0.14981604069356474,False,IPF,GSE38958
GSM952776,29.296363348658236,28.432977352161256,0.8068400006850335,1.3734953853104446,False,IPF,GSE38958
GSM952777,31.769126916945265,1.7588676402498364,0.8749414416518355,0.08496460139695472,False,IPF,GSE38958
GSM952778,-40.80849086861959,12.298458809598563,-1.1238911262991356,0.594094533688721,False,IPF,GSE38958
GSM952779,0.0057570769248372015,40.80972484324679,0.0001585534659949853,1.9713717650370453,False,IPF,GSE38958
GSM952780,-23.45282867375462,0.42671331248025857,-0.6459054346779463,0.020612993084863116,False,IPF,GSE38958
GSM952781,-45.376054578818575,-0.8245105238921296,-1.2496846612579606,-0.03982915280659678,False,IPF,GSE38958
GSM952782,-61.06417899343586,-9.237706662004582,-1.681745329088817,-0.4462405506805077,False,IPF,GSE38958
GSM952783,-1.1755013833487116,-24.207224265820813,-0.03237403651978435,-1.1693643760368488,False,IPF,GSE38958
GSM952784,-8.994672940056057,-14.262514643218648,-0.2477188664936757,-0.6889710424186164,False,IPF,GSE38958
GSM952785,-15.27274320086698,-10.23336796869293,-0.42062081180510175,-0.49433738532187405,False,IPF,GSE38958
GSM952786,-68.71726749684528,16.16447932172942,-1.89251612885828,0.7808481496452868,False,IPF,GSE38958
GSM952787,-34.303225747229746,-21.882647315656104,-0.9447320937416389,-1.0570723823316042,False,IPF,GSE38958
GSM952788,-81.31277743699336,6.422747032399046,-2.2394042776633727,0.31025992462044755,False,IPF,GSE38958
GSM952789,-20.7505468541837,14.964552846432067,-0.5714829188453245,0.7228839956940487,False,IPF,GSE38958
GSM952790,47.30513728285056,2.7121176212986327,1.3028127943207264,0.1310126966703211,False,control,GSE38958
GSM952791,41.37304528389929,-6.968573754233978,1.1394393047330935,-0.3366268602506487,False,control,GSE38958
GSM952792,38.306285270091934,15.632506703655622,1.0549788335751782,0.7551504561893344,False,control,GSE38958
GSM952793,14.944077454244786,0.6062368551251919,0.41156915347898576,0.02928513298507149,False,control,GSE38958
GSM952794,22.36831596884067,18.846613997438386,0.6160372827451647,0.9104124775114772,False,control,GSE38958
GSM952795,-8.394352004782752,39.91915952809776,-0.2311856559356718,1.9283517416492462,False,control,GSE38958
GSM952796,-20.95361130862729,59.500041682170455,-0.5770754397535511,2.874234086147445,False,control,GSE38958
GSM952797,10.665503928206416,33.95599748786501,0.29373458727034846,1.640292723324332,False,control,GSE38958
GSM952798,-98.80163409252192,-9.451080524342315,-2.7210582272677826,-0.45654787838794053,False,control,GSE38958
GSM952799,-36.07743289577094,38.31821211908526,-0.9935948580345296,1.8510157014882522,False,control,GSE38958
GSM952800,-24.770859557906334,-5.375217601780093,-0.6822048219710305,-0.25965752652784513,False,control,GSE38958
GSM952801,61.333493196958855,30.55344853217029,1.6891624091396396,1.4759277596746725,False,control,GSE38958
GSM952802,-2.634860226341573,22.32006268850189,-0.07256568337598016,1.0782023536542122,False,control,GSE38958
GSM952803,-19.20426020026196,-10.410160283673395,-0.5288972262096339,-0.502877589387614,False,control,GSE38958
GSM952804,15.42102808355889,-1.0694469281422812,0.42470466936205675,-0.051661153963751184,False,control,GSE38958
GSM952805,24.29281665514462,-22.09803195400035,0.6690392242003638,-1.067476843432126,False,control,GSE38958
GSM952806,-48.51627451719163,-39.204802406254394,-1.3361682642592905,-1.8938437054994222,False,control,GSE38958
GSM952807,52.42582931162642,11.44568070139224,1.4438398259299103,0.5528998750426006,False,control,GSE38958
GSM952808,17.18050960733542,-2.9463261682421598,0.47316188082390803,-0.14232647343182322,False,control,GSE38958
GSM952809,-5.3604432866960074,-20.057421913117206,-0.14762992981884818,-0.9689022749070991,False,control,GSE38958
GSM952810,2.373258849952963,-17.344379149357177,0.06536101936384225,-0.8378448879151933,False,control,GSE38958
GSM952811,20.95931012682278,-11.56967587747389,0.5772323887380387,-0.5588896382685737,False,control,GSE38958
GSM952812,3.672069765461059,-7.955787870264003,0.10113107681045282,-0.38431564134052293,False,control,GSE38958
GSM952813,-61.720731862678655,-23.76815240775106,-1.6998272019535552,-1.1481543858409875,False,control,GSE38958
GSM952814,69.19685837144715,-12.29844830338965,1.9057243587326553,-0.5940940261713661,False,control,GSE38958
GSM952815,11.429299336012445,-9.255216710698528,0.3147699861020491,-0.44708639847125514,False,control,GSE38958
GSM952816,-10.284958269395696,-8.472174637415423,-0.28325412401416117,-0.4092604381141166,False,control,GSE38958
GSM952817,21.602170146901354,-25.527840364707757,0.5949371520517533,-1.233158613802456,False,control,GSE38958
GSM952818,11.259567933842625,-10.329644323311301,0.3100954781089182,-0.49898815147784237,False,control,GSE38958
GSM952819,-3.4875630298055085,-17.260089086366268,-0.0960496469773014,-0.8337731366134696,False,control,GSE38958
GSM952820,20.356818989379885,-11.042667659729528,0.5606394094674763,-0.5334317572268776,False,control,GSE38958
GSM952821,23.2210537979357,23.149219051117946,0.6395222109740706,1.1182559303039112,False,control,GSE38958
GSM952822,45.48388160458573,11.78432236705893,1.2526542843647077,0.5692584420440859,False,control,GSE38958
GSM952823,10.193132141886228,-9.460215442136654,0.2807251755606993,-0.45698915357626557,False,control,GSE38958
GSM952824,28.608372079092362,-12.009720248005271,0.7878922947939796,-0.5801466070612123,False,control,GSE38958
GSM952825,-0.6669923984546429,-28.631421042056246,-0.01836938396829055,-1.3830814898164514,False,IPF,GSE38958
GSM952826,-23.73032585889389,-27.964627494369864,-0.6535478791132253,-1.3508710797226098,False,IPF,GSE38958
GSM952827,-7.551245310210192,-8.015369306430157,-0.20796597511963513,-0.3871938073029125,False,IPF,GSE38958
GSM952828,-18.2999298478987,0.5693826150330507,-0.5039914079196075,0.027504836533218148,False,IPF,GSE38958
GSM952829,-43.774269832121014,-0.8937821838280505,-1.2055705167567479,-0.04317541880175995,False,IPF,GSE38958
GSM952830,9.797510333257094,-7.3384238568263855,0.2698295057962825,-0.35449299515715205,False,IPF,GSE38958
GSM952831,52.86726391386003,0.16930540440268166,1.4559972084189854,0.008178538208469635,False,IPF,GSE38958
GSM952832,52.437916084810894,-4.117988570784676,1.4441727031532154,-0.1989252911744037,False,IPF,GSE38958
GSM952833,5.043560258150993,-10.128112830006838,0.13890277484996882,-0.4892528862391718,False,IPF,GSE38958
GSM952834,-12.110777191901152,16.905305826330256,-0.33353830854427,0.8166348269524936,False,IPF,GSE38958
GSM952835,-73.94424183572403,47.02358754216465,-2.0364702411476037,2.271541235022841,False,IPF,GSE38958
GSM952836,-63.133719879246335,-3.437591429442789,-1.7387417675154144,-0.16605774015303787,False,IPF,GSE38958
GSM952837,27.88609732687195,-6.8246384545781735,0.768000400546191,-0.32967386101275864,False,IPF,GSE38958
GSM952838,-71.55247879383883,-14.466629304459932,-1.9705996048714642,-0.698831091256161,False,IPF,GSE38958
GSM952839,-17.82940568140848,15.101749438199802,-0.4910328808049894,0.729511472069082,False,IPF,GSE38958
GSM952840,12.503887895130024,-4.516100420748616,0.3443648209099081,-0.21815664995861883,False,IPF,GSE38958
GSM952841,-14.58626984955044,-21.71059977941512,-0.4017149103232422,-1.04876138154705,False,IPF,GSE38958
GSM952842,61.83105116794523,-9.967317484260303,1.7028654639821061,-0.481485438510189,False,IPF,GSE38958
GSM952843,41.94278566904918,12.990844668472727,1.1551303079908641,0.6275412167511119,False,IPF,GSE38958
GSM952844,-62.91262164786357,-16.84297011731591,-1.7326525852153014,-0.8136236119252798,False,IPF,GSE38958
GSM952845,54.37695226001323,23.383391023968258,1.4975749609798754,1.1295679403018546,False,IPF,GSE38958
GSM952846,-5.760078048131755,-22.544717658401215,-0.1586361187902636,-1.0890546312972473,False,IPF,GSE38958
GSM952847,29.907842253288404,1.315737266085387,0.8236805086333787,0.0635585588124099,False,IPF,GSE38958
GSM952848,10.700006193957938,-14.101483681062433,0.29468480104914735,-0.6811922129040616,False,IPF,GSE38958
GSM952849,-48.68335336930654,-27.65733837721673,-1.3407697193802046,-1.3360270421412317,False,IPF,GSE38958
GSM952850,-34.74191454565105,-0.6300878179191611,-0.9568138550922324,-0.03043728764432445,False,IPF,GSE38958
GSM952851,18.775903731250157,33.68272812905202,0.5171000236136075,1.6270920585248767,False,IPF,GSE38958
GSM952852,-6.40329259666863,-21.583427606362733,-0.1763506460374103,-1.0426181489666575,False,IPF,GSE38958
GSM952853,4.01961589056773,-13.449185868607541,0.11070271245962596,-0.6496820399046521,False,IPF,GSE38958
GSM952854,-42.789936740570326,3.414826213506867,-1.178461373454242,0.16495803403903125,False,IPF,GSE38958
GSM952855,59.94923113285515,-18.421391984457003,1.6510389741092348,-0.8898715237686237,False,IPF,GSE38958
GSM952856,23.975085814179,-10.496070896428394,0.6602887199520576,-0.5070276236491231,False,IPF,GSE38958
GSM952857,-9.350561144576808,-24.877549748554998,-0.25752024817924485,-1.2017454012734272,False,IPF,GSE38958
GSM952858,30.98551249760749,23.839610082183363,0.8533602149613136,1.1516062503735747,False,IPF,GSE38958
GSM952859,-53.17804819402111,-12.976720906519368,-1.4645564000781628,-0.6268589483545984,False,IPF,GSE38958
GSM952860,-12.576876691634338,22.705284359186813,-0.3463749775945684,1.0968110340063986,False,IPF,GSE38958
GSM952861,23.90284916913621,13.181221785531802,0.6582992779847331,0.636737653990544,False,IPF,GSE38958
GSM952862,-60.30216259753209,4.789211058832405,-1.6607589253473038,0.2313496475276463,False,IPF,GSE38958
GSM952863,-32.60911107357489,59.160296468921736,-0.8980751258379822,2.85782221071144,False,IPF,GSE38958
GSM952864,-30.311507211199356,27.67609805326649,-0.8347976917131111,1.336933254957608,False,IPF,GSE38958
GSM952865,-25.97793551582434,-1.3680084080413106,-0.7154484418402541,-0.06608359062220417,False,IPF,GSE38958
GSM952866,11.384347565972355,20.007581783410554,0.3135319864999039,0.9664946765994195,False,IPF,GSE38958
GSM952867,37.35571116567861,-25.437193763982346,1.02879943369785,-1.2287798009103559,False,IPF,GSE38958
GSM952868,-51.73231782226676,12.272162744115507,-1.4247400897650235,0.5928242648686303,False,IPF,GSE38958
GSM952869,31.088643687155063,21.58092055917496,0.856200511828707,1.0424970424887636,False,IPF,GSE38958
GSM952870,-11.679319466073817,-14.412564160343061,-0.3216556954137897,-0.6962193976220077,False,IPF,GSE38958
T_20170808MAN1_B01P01_IPF_Lung_UPenn_P.20161128.0001_11Sep2017,68.51931506493737,6.035128014100504,1.5198449588954044,0.23675237767012247,False,,GSE134692
T_20170808MAN1_E02P01_IPF_Lung_UPenn_P.20161128.0001_11Sep2017,74.70687836595076,-7.475827983758519,1.6570929287850462,-0.29326967813647314,False,,GSE134692
T_20170808MAN1_F01P01_IPF_Lung_UPenn_P.20161128.0001_11Sep2017,50.30300283746404,38.34834706205776,1.1157841436004559,1.5043694724368502,False,,GSE134692
T_20170808MAN1_E01P01_IPF_Lung_UPenn_P.20161128.0001_11Sep2017,61.84433222081587,4.767748563992341,1.3717854078514868,0.18703427765263989,False,,GSE134692
m_20161128MN_F06P1_IPF_Lung_UPenn_P.20161128.0001_11Sep2017,-42.06660135054232,-6.62500082133536,-0.9330903547400018,-0.2598925313353826,False,,GSE134692
T_20170808MAN1_C01P01_IPF_Lung_UPenn_P.20161128.0001_11Sep2017,63.43532557316516,9.15115425152364,1.407075650083367,0.3589911469006648,False,,GSE134692
T_20170808MAN1_F04P01_IPF_Lung_UPenn_P.20161128.0001_11Sep2017,63.691994970074255,-0.1689896683249734,1.4127689015209406,-0.006629305241603214,False,,GSE134692
T_20170808MAN1_H01P01_IPF_Lung_UPenn_P.20161128.0001_11Sep2017,72.34373868511334,-2.06226406646723,1.6046755056441027,-0.08090067351993725,False,,GSE134692
m_20161128MN_E06P1_IPF_Lung_UPenn_P.20161128.0001_11Sep2017,-58.57389582942929,31.643812637284473,-1.299242997611013,1.2413569128809214,False,,GSE134692
T_20170808MAN1_D02P01_IPF_Lung_UPenn_P.20161128.0001_11Sep2017,73.15179659971517,-11.433223475095556,1.622599250895193,-0.44851456934110623,False,,GSE134692
T_20170808MAN1_D03P01_IPF_Lung_UPenn_P.20161128.0001_11Sep2017,74.0876368844156,-6.7907429010050455,1.6433573705244569,-0.26639443673823554,False,,GSE134692
T_20170808MAN1_C03P01_IPF_Lung_UPenn_P.20161128.0001_11Sep2017,75.41215729091566,-13.194529557160575,1.6727369062198352,-0.5176089450957672,False,,GSE134692
T_20170808MAN1_C02P01_IPF_Lung_UPenn_P.20161128.0001_11Sep2017,71.94256263028055,-4.318380945273798,1.5957769139989686,-0.16940600996204433,False,,GSE134692
T_20170808MAN1_D01P01_IPF_Lung_UPenn_P.20161128.0001_11Sep2017,65.22329152733603,-0.7383901426305377,1.4467349934312659,-0.028966348602303144,False,,GSE134692
T_20170808MAN1_F02P01_IPF_Lung_UPenn_P.20161128.0001_11Sep2017,46.02575615874533,36.1724622919786,1.020909409425985,1.4190115659187348,False,,GSE134692
m_20161128MN_B04P1_IPF_Lung_UPenn_P.20161128.0001_11Sep2017,-12.105256837288744,-30.950791904117235,-0.2685098875091074,-1.2141703634044745,False,,GSE134692
m_20161128MN_H07P1_IPF_Lung_UPenn_P.20161128.0001_11Sep2017,-23.274597408511934,-12.975321851256485,-0.516259970026296,-0.5090096336221495,False,,GSE134692
T_20170808MAN1_B02P01_IPF_Lung_UPenn_P.20161128.0001_11Sep2017,68.40627233591792,-10.52488928796262,1.5173375283748691,-0.41288147622024185,False,,GSE134692
T_20170808MAN1_B03P01_IPF_Lung_UPenn_P.20161128.0001_11Sep2017,71.37883346117928,-9.031530488219829,1.583272688949012,-0.3542984195348401,False,,GSE134692
T_20170808MAN1_A01P01_IPF_Lung_UPenn_P.20161128.0001_11Sep2017,47.10330933773527,36.260922553669104,1.0448109000564367,1.4224817785199617,False,,GSE134692
m_20161128MN_F07P1_IPF_Lung_UPenn_P.20161128.0001_11Sep2017,-47.102905105671304,36.06210856572691,-1.044801933678649,1.414682493359909,False,,GSE134692
T_20170808MAN1_C04P01_IPF_Lung_UPenn_P.20161128.0001_11Sep2017,74.61520940585797,-8.79979084086002,1.6550595954577623,-0.34520749182217453,False,,GSE134692
T_20170808MAN1_E03P01_IPF_Lung_UPenn_P.20161128.0001_11Sep2017,68.53992776334258,-11.088936510771866,1.520302174583137,-0.43500851657569345,False,,GSE134692
m_20161128MN_A07P1_IPF_Lung_UPenn_P.20161128.0001_11Sep2017,-29.444659406173272,-7.500888311865926,-0.6531197389006694,-0.2942527711629607,False,,GSE134692
m_20161128MN_D04P1_IPF_Lung_UPenn_P.20161128.0001_11Sep2017,-16.45504227064166,-30.432262135617894,-0.36499362288930914,-1.1938289298345264,False,,GSE134692
m_20161128MN_A04P1_IPF_Lung_UPenn_P.20161128.0001_11Sep2017,-39.41713764268035,11.559027681168565,-0.8743219030070258,0.4534497496453348,False,,GSE134692
m_20161128MN_G07P1_IPF_Lung_UPenn_P.20161128.0001_11Sep2017,-29.288971418017507,4.6606460598039705,-0.6496663826647692,0.1828327474677329,False,,GSE134692
m_20161128MN_F05P1_IPF_Lung_UPenn_P.20161128.0001_11Sep2017,-17.411447449991524,-22.454115154721944,-0.38620789785861886,-0.8808537513932875,False,,GSE134692
m_20161128MN_G04P1_IPF_Lung_UPenn_P.20161128.0001_11Sep2017,-47.66786240163222,17.734648864684132,-1.0573334001336714,0.6957135417921202,False,,GSE134692
T_20170808MAN1_D04P01_IPF_Lung_UPenn_P.20161128.0001_11Sep2017,67.67953798892391,2.5441975588423733,1.501217642577876,0.09980646970720947,False,,GSE134692
m_20161128MN_E01P1_IPF_Lung_UPenn_P.20161128.0001_11Sep2017,-54.79010076130447,14.547123581998301,-1.21531364346711,0.5706699324774012,False,,GSE134692
T_20170808MAN1_E04P01_IPF_Lung_UPenn_P.20161128.0001_11Sep2017,42.59161667917835,41.634938113747204,0.9447358579067228,1.6332993383980772,False,,GSE134692
T_20170808MAN1_G02P01_IPF_Lung_UPenn_P.20161128.0001_11Sep2017,45.60760082172254,38.7227216932458,1.011634195854352,1.5190558359847417,False,,GSE134692
T_20170808MAN1_B04P01_IPF_Lung_UPenn_P.20161128.0001_11Sep2017,66.74368173690814,-0.6597105725965168,1.4804591687733888,-0.025879823306386336,False,,GSE134692
m_20161128MN_D07P1_IPF_Lung_UPenn_P.20161128.0001_11Sep2017,-36.37458178233984,14.731267859821205,-0.806834170794383,0.5778937387507828,False,,GSE134692
m_20161128MN_C08P1_IPF_Lung_UPenn_P.20161128.0001_11Sep2017,-10.708571263290127,-5.489866972434213,-0.2375296372425664,-0.21536230147558755,False,,GSE134692
m_20161128MN_D06P1_IPF_Lung_UPenn_P.20161128.0001_11Sep2017,-12.600145370952648,-34.6931579123073,-0.2794871403084296,-1.360979850871974,False,,GSE134692
m_20161128MN_G08P1_IPF_Lung_UPenn_P.20161128.0001_11Sep2017,-49.6737185429794,43.60198183659076,-1.1018258230629823,1.710464607680888,False,,GSE134692
m_20161128MN_A08P1_IPF_Lung_UPenn_P.20161128.0001_11Sep2017,-14.691495509990796,-5.784876111417599,-0.3258759280989959,-0.22693523164799617,False,,GSE134692
m_20161128MN_C04P1_IPF_Lung_UPenn_P.20161128.0001_11Sep2017,-7.181704930902182,-36.20743940087974,-0.15929928699902313,-1.4203836848989828,False,,GSE134692
m_20161128MN_D08P1_IPF_Lung_UPenn_P.20161128.0001_11Sep2017,-38.519069158168996,26.636662813876157,-0.8544016096177262,1.0449311497036118,False,,GSE134692
m_20161128MN_C03P1_IPF_Lung_UPenn_P.20161128.0001_11Sep2017,-46.207564048760446,15.079453221564945,-1.0249421380787014,0.59155272196873,False,,GSE134692
m_20161128MN_G06P1_IPF_Lung_UPenn_P.20161128.0001_11Sep2017,-40.51400893295693,-0.02455715311446383,-0.8986518937476519,-0.0009633539462750119,False,,GSE134692
m_20161128MN_C02P1_IPF_Lung_UPenn_P.20161128.0001_11Sep2017,-41.01525976718028,29.901043428271123,-0.9097702704099766,1.1729897211659857,False,,GSE134692
m_20161128MN_F08P1_IPF_Lung_UPenn_P.20161128.0001_11Sep2017,-3.4870079753068386,-44.49655115759728,-0.07734624153606184,-1.7455577180911743,False,,GSE134692
m_20161128MN_H05P1_IPF_Lung_UPenn_P.20161128.0001_11Sep2017,-46.19446327650354,19.282453620412305,-1.0246515464016914,0.7564324619594474,False,,GSE134692
m_20161128MN_B06P1_IPF_Lung_UPenn_P.20161128.0001_11Sep2017,-11.825250659622053,-41.87871109476941,-0.26229899679627744,-1.6428623224365098,False,,GSE134692
m_20161128MN_B03P1_IPF_Lung_UPenn_P.20161128.0001_11Sep2017,-43.88540324998664,13.400869957608059,-0.9734336783047519,0.5257034843170082,False,,GSE134692
m_20161128MN_C07P1_IPF_Lung_UPenn_P.20161128.0001_11Sep2017,-35.41289157283234,32.194249095720394,-0.7855026671803463,1.2629500157921691,False,,GSE134692
m_20161128MN_F04P1_IPF_Lung_UPenn_P.20161128.0001_11Sep2017,-11.503609799173054,-45.28510358776813,-0.2551645962281325,-1.7764918859040715,False,,GSE134692
m_20161128MN_E08P1_IPF_Lung_UPenn_P.20161128.0001_11Sep2017,-43.11928650726184,26.612035826572473,-0.956440241224242,1.0439650562279843,False,,GSE134692
m_20161128MN_F02P1_IPF_Lung_UPenn_P.20161128.0001_11Sep2017,-41.55153423603606,12.171077133662433,-0.9216655155288502,0.47745987217978064,False,,GSE134692
m_20161128MN_B07P1_IPF_Lung_UPenn_P.20161128.0001_11Sep2017,-31.406808716520494,-4.041158669667925,-0.6966426891097462,-0.15853084165750014,False,,GSE134692
T_20170808MAN1_F03P01_IPF_Lung_UPenn_P.20161128.0001_11Sep2017,42.185306626634194,42.002788620006356,0.9357233877072978,1.6477297666807145,False,,GSE134692
m_20161128MN_B01P1_IPF_Lung_UPenn_P.20161128.0001_11Sep2017,-32.90117490778463,3.4167271150993934,-0.7297896188533383,0.13403498094154737,False,,GSE134692
T_20170808MAN1_A04P01_IPF_Lung_UPenn_P.20161128.0001_11Sep2017,42.451583936616174,45.700408407518644,0.9416297547931449,1.7927839021304168,False,,GSE134692
m_20161128MN_G03P1_IPF_Lung_UPenn_P.20161128.0001_11Sep2017,-37.27356332908271,7.702472815334152,-0.8267747170573202,0.3021607410330359,False,,GSE134692
T_20170808MAN1_A03P01_IPF_Lung_UPenn_P.20161128.0001_11Sep2017,38.97509165268691,48.92514370945821,0.8645167645748227,1.9192872253916984,False,,GSE134692
m_20161128MN_H04P1_IPF_Lung_UPenn_P.20161128.0001_11Sep2017,-23.888323368029862,-20.90154030632154,-0.5298731870415648,-0.8199477049911532,False,,GSE134692
m_20161128MN_A02P1_IPF_Lung_UPenn_P.20161128.0001_11Sep2017,-26.123553680122477,-13.052538958949928,-0.5794534188139425,-0.5120387879003222,False,,GSE134692
m_20161128MN_C01P1_IPF_Lung_UPenn_P.20161128.0001_11Sep2017,-35.51525218833739,14.5128602748871,-0.7877731549299296,0.5693258152678795,False,,GSE134692
m_20161128MN_A01P1_IPF_Lung_UPenn_P.20161128.0001_11Sep2017,-13.806985094419284,-29.399528260282345,-0.3062563698047719,-1.1533157543202848,False,,GSE134692
m_20161128MN_F03P1_IPF_Lung_UPenn_P.20161128.0001_11Sep2017,-16.268093633592496,-39.714009424328346,-0.36084686597379917,-1.5579431183656096,False,,GSE134692
m_20161128MN_D03P1_IPF_Lung_UPenn_P.20161128.0001_11Sep2017,-17.872272806798886,-24.294567785334856,-0.39642958636807163,-0.9530529715703563,False,,GSE134692
T_20170808MAN1_H02P01_IPF_Lung_UPenn_P.20161128.0001_11Sep2017,59.55829876212163,6.7092720989163865,1.3210782981150588,0.26319841404242583,False,,GSE134692
m_20161128MN_H01P1_IPF_Lung_UPenn_P.20161128.0001_11Sep2017,-30.684211545125073,-18.34169643374425,-0.6806145710934383,-0.719527445158886,False,,GSE134692
m_20161128MN_D01P1_IPF_Lung_UPenn_P.20161128.0001_11Sep2017,-7.309280470359616,-39.986154638313096,-0.16212907361231582,-1.568619118333116,False,,GSE134692
m_20161128MN_E05P1_IPF_Lung_UPenn_P.20161128.0001_11Sep2017,-34.159215773553974,-7.997399744914909,-0.7576945543611127,-0.31373044620814644,False,,GSE134692
m_20161128MN_B05P1_IPF_Lung_UPenn_P.20161128.0001_11Sep2017,-52.38539646880433,33.49397761141272,-1.1619742647367948,1.3139371391302115,False,,GSE134692
m_20161128MN_C05P1_IPF_Lung_UPenn_P.20161128.0001_11Sep2017,-42.87652350926167,16.450005396366688,-0.9510554512804544,0.6453181906294029,False,,GSE134692
m_20161128MN_G05P1_IPF_Lung_UPenn_P.20161128.0001_11Sep2017,-34.21920428275988,-1.8333919319963545,-0.7590251752702948,-0.07192223563232075,False,,GSE134692
m_20161128MN_H02P1_IPF_Lung_UPenn_P.20161128.0001_11Sep2017,-28.96430300139138,-32.457486730305234,-0.6424648270763323,-1.2732765798243835,False,,GSE134692
m_20161128MN_G02P1_IPF_Lung_UPenn_P.20161128.0001_11Sep2017,-17.758962610149183,-39.62677503545479,-0.3939162230776435,-1.5545209955983443,False,,GSE134692
m_20161128MN_A05P1_IPF_Lung_UPenn_P.20161128.0001_11Sep2017,-5.700932895831178,-38.580356802058,-0.12645389281136873,-1.5134709956289594,False,,GSE134692
m_20161128MN_H08P1_IPF_Lung_UPenn_P.20161128.0001_11Sep2017,-7.125175088284711,-43.09144586313287,-0.15804538368361654,-1.6904367631480326,False,,GSE134692
m_20161128MN_H03P1_IPF_Lung_UPenn_P.20161128.0001_11Sep2017,-33.294547889647994,2.8331472537839346,-0.7385151284834925,0.11114169360712325,False,,GSE134692
m_20161128MN_E02P1_IPF_Lung_UPenn_P.20161128.0001_11Sep2017,-43.27729385791301,19.13194392114738,-0.9599450438500127,0.7505281084676685,False,,GSE134692
m_20161128MN_F01P1_IPF_Lung_UPenn_P.20161128.0001_11Sep2017,-36.71833634771088,20.459433447932106,-0.8144590812708131,0.802604270077525,False,,GSE134692
m_20161128MN_H06P1_IPF_Lung_UPenn_P.20161128.0001_11Sep2017,-26.89641699922189,-15.527318413643076,-0.5965965034804368,-0.6091220508798065,False,,GSE134692
m_20161128MN_E03P1_IPF_Lung_UPenn_P.20161128.0001_11Sep2017,-8.034186386922542,-44.863043952009015,-0.1782084025127502,-1.759934884619079,False,,GSE134692
GSM1302033,-13.822562186510952,11.591322521418636,-0.38069570358219884,0.41610048444317854,False,IPF,GSE53845
GSM1302034,26.626856371996958,-30.503463614424355,0.7333466606221298,-1.0950006751777825,False,IPF,GSE53845
GSM1302035,20.86499562850091,15.159654545555119,0.5746557030347971,0.5441949862701865,False,IPF,GSE53845
GSM1302036,46.7832539644671,20.118822600965046,1.288486428460271,0.7222171426270831,False,IPF,GSE53845
GSM1302037,-35.33694100111185,-28.18404791531667,-0.9732364691394882,-1.0117392531752047,False,IPF,GSE53845
GSM1302038,11.853059441449126,18.749165700617002,0.32645241473882675,0.6730497677479298,False,IPF,GSE53845
GSM1302039,38.527563275859336,41.89615858837311,1.0611113634868892,1.5039709103700014,False,IPF,GSE53845
GSM1302040,8.239926958012646,-17.92620957760761,0.22694090635437808,-0.6435076304441895,False,IPF,GSE53845
GSM1302041,19.165153872850667,-30.767399406525872,0.5278393136842628,-1.1044753326857935,False,IPF,GSE53845
GSM1302042,15.771391612783402,-27.317631724598368,0.4343696158124864,-0.9806370044006467,False,IPF,GSE53845
GSM1302043,1.9444201232041605,-19.69133527261485,0.05355247289717128,-0.7068713799592641,False,IPF,GSE53845
GSM1302044,-35.305875039443464,-13.738583651798331,-0.9723808623442194,-0.49318197319703017,False,IPF,GSE53845
GSM1302045,-12.45181290130478,-9.787748865492585,-0.34294305276934106,-0.35135654598636673,False,IPF,GSE53845
GSM1302046,-5.493097855092829,-22.120401664838784,-0.15128879324783753,-0.7940689970285303,False,IPF,GSE53845
GSM1302047,-34.42452752172619,-0.09024262471755504,-0.9481071272124483,-0.0032394922833880943,False,control,GSE53845
GSM1302048,-18.756555366169103,-50.86398548546562,-0.5165858504055395,-1.8258942378753487,False,IPF,GSE53845
GSM1302049,17.1655854043419,-2.253788347365178,0.47276796622289385,-0.0809055585709184,False,IPF,GSE53845
GSM1302050,-22.937387117748287,-5.239882189420873,-0.6317327141888296,-0.18809911581826677,False,IPF,GSE53845
GSM1302051,-37.68640444392681,-19.021636092641625,-1.037944489717319,-0.6828307967813617,False,IPF,GSE53845
GSM1302052,40.03405237302636,1.839461478685039,1.1026025081130706,0.06603222462157275,False,IPF,GSE53845
GSM1302053,56.141083870654924,45.8823600803419,1.5462161888382162,1.6470659169002255,False,IPF,GSE53845
GSM1302054,-87.522387642435,41.137042975695586,-2.4105080153118204,1.4767204932066593,False,control,GSE53845
GSM1302055,-6.20797161690694,-24.047113769794546,-0.17097757207582204,-0.8632333084151924,False,IPF,GSE53845
GSM1302056,-46.79871907958868,49.8423412534297,-1.288912362726491,1.7892196773070264,False,control,GSE53845
GSM1302057,-68.44310626701247,25.13231072544218,-1.8850337689997023,0.9021892582756903,False,control,GSE53845
GSM1302058,32.534406125813824,27.182518070244765,0.8960501290261912,0.9757867505208555,False,IPF,GSE53845
GSM1302059,32.54690293853037,-6.152140895727775,0.8963943114466041,-0.22084700018869938,False,IPF,GSE53845
GSM1302060,-0.6090203245084456,-39.50990863178621,-0.016773404077057442,-1.4183102999346011,False,IPF,GSE53845
GSM1302061,38.96206069650277,22.331154546944106,1.0730781247157097,0.8016345165091397,False,IPF,GSE53845
GSM1302062,30.61994576866979,25.028196569850184,0.8433227965093284,0.8984518115348916,False,IPF,GSE53845
GSM1302063,-17.95018535304018,-24.36794401195945,-0.494377116933877,-0.8747503392753173,False,IPF,GSE53845
GSM1302064,43.220019240624964,-14.188018045963174,1.1903491850232053,-0.5093155825234774,False,IPF,GSE53845
GSM1302065,19.501897960194952,59.244373292152666,0.5371137901184352,2.126729920752837,False,IPF,GSE53845
GSM1302066,-12.906822618361481,-14.338155867284968,-0.3554747557947526,-0.514705167712726,False,IPF,GSE53845
GSM1302067,52.632796835295615,34.91097816742307,1.4495922935521612,1.2532198030904331,False,IPF,GSE53845
GSM1302068,33.2291235745839,-21.088952795295583,0.9151837704149381,-0.757042473652769,False,IPF,GSE53845
GSM1302069,-4.578766049812688,-7.901955424642399,-0.12610661752513477,-0.2836611158188783,False,IPF,GSE53845
GSM1302070,-44.27877214151314,28.714524144883267,-1.2195089511421564,1.030782068669328,False,control,GSE53845
GSM1302071,-19.826380217971153,-52.14780536574295,-0.5460505559478993,-1.871980271038008,False,IPF,GSE53845
GSM1302072,-60.27304671850035,35.962668170141974,-1.6600171240274308,1.2909729342630638,False,control,GSE53845
GSM1302073,-53.36430866427099,21.040819456987734,-1.4697393116413435,0.755314603053814,False,control,GSE53845
GSM1302074,35.903005090035066,-24.94750893888103,0.988826789059737,-0.8955553204509105,False,IPF,GSE53845
GSM1302075,-71.25898492672101,16.794717923424315,-1.9625876185027975,0.6028898127120795,False,control,GSE53845
GSM1302076,31.175243030479066,-0.655293347959818,0.8586165806087807,-0.0235234485999878,False,IPF,GSE53845
GSM1302077,34.12631769175143,1.4595991893062514,0.9398939465079218,0.05239608583411853,False,IPF,GSE53845
GSM1302078,-8.67522387620282,-18.898691463858373,-0.23892968703783854,-0.678417381530266,False,IPF,GSE53845
GSM1302079,40.44928376281109,20.943882412193332,1.1140386517129723,0.7518347972572876,False,IPF,GSE53845
GSM1302080,-9.109486682560572,-39.21222742235047,-0.25088998661003203,-1.4076242634424785,False,IPF,GSE53845
