,pearson,cmap
10-DEBC,-0.0003751919748226504,0.0
1271738-62-5,-0.04162295348200569,0.09078947368421053
"16,16-dimethylprostaglandin-e2",-0.12719944053063634,0.2042982456140351
17-hydroxyprogesterone-caproate,-0.0036006156059400743,-0.062412280701754363
"2',5'-dideoxyadenosine",-0.0037873860778094657,0.0
2-iminobiotin,-0.0016991658427625029,0.11122807017543859
2-methoxyestradiol,0.05219317197325578,-0.10600877192982458
"3,3'-diindolylmethane",-0.01267046114373345,0.0824122807017544
3-amino-benzamide,-0.04506285163459573,0.0
3-deazaadenosine,-0.034157226914821266,0.0
"4,5,6,7-tetrabromobenzotriazole",-0.07226771854465819,0.1395614035087719
5-aminolevulinic-acid,0.049032583321354295,-0.12815789473684203
A-443654,-0.0993774095332022,0.17732456140350877
A-66,-0.12396153777746836,0.16793859649122805
A-769662,0.0209701121933441,-0.11258771929824563
ABT-202,0.09820533685809228,-0.19653508771929823
ABT-239,-0.02952545190466563,0.11793859649122806
ABT-724,0.05972402653590857,-0.10368421052631577
ABT-737,0.00273600334643411,-0.11302631578947367
ACY-1215,-0.027789547190071144,-0.06736842105263158
AEE-788,0.014467184158632592,0.0
AGI-5198,0.06905316417641759,-0.10763157894736841
AGI-6780,0.032549304097935564,-0.0894298245614035
AGK-2,-0.06671825254515798,0.0
AGP-103,-0.050921344448193656,0.0
AICA-ribonucleotide,0.040055760193451216,-0.08864035087719298
AKT-inhibitor-1-2,-0.05854659414626198,0.11100877192982458
ALW-II-38-3,0.005602059620787716,-0.0974122807017544
ALW-II-49-7,0.011081747834938612,0.0
ALX-5407,0.0845375078640964,-0.13802631578947372
AM-24,0.017214378694849708,-0.07557017543859651
AMD-11070,-0.015942067329491376,0.0
AMG-208,0.06188725257142548,-0.1321052631578947
AMG-232,-0.021318755541178697,0.0
AMG-487,0.005178393209147605,0.0
AMG-517,-0.07988940718301489,0.15912280701754383
AMG-837,0.0779099788964672,-0.14162280701754387
AP-26113,-0.08576384558975335,0.11188596491228064
APD-668,0.0013202222041139879,0.0
API-001,0.0850590092867991,-0.14197368421052634
AR-A014418,0.031053744352745553,-0.09583333333333333
ARN-509,-0.06638183859295184,0.08285087719298244
ARP-101,0.07838195447043612,-0.15789473684210525
ARRY-334543,0.007715205840329417,0.0
AS-601245,-0.025891535264648394,0.0
AS-605240,-0.04853146661410016,0.06311403508771929
AS-703026,-0.12832424463938116,0.14118421052631577
ASA-404,0.06841694460818198,-0.11504385964912281
ASC-J9,-0.05398246178505814,0.12649122807017543
AST-1306,0.06402633129257385,-0.13543859649122808
AT-13387,-0.07181024950974457,0.1932017543859649
AT-7519,-0.08183251278210181,0.08570175438596489
AT-9283,-0.04400087170311024,0.13464912280701752
AT7867,0.01869224215464139,-0.06596491228070177
ATN-161,-0.010213395881200285,0.09057017543859647
AV-412,-0.022103130377204495,0.0
AV-608,-0.007675953637217888,0.0
AVL-292,-0.055774163953647066,0.1150877192982456
AVN-944,-0.13855552777796562,0.20925438596491228
AZ-20,-0.028758584322783054,0.13973684210526316
AZ-628,-0.11972514633573789,0.1096052631578947
AZD-1208,-0.08228086129746624,0.1275438596491228
AZD-1480,-0.047671245797723215,-0.06850877192982457
AZD-1981,0.011617730738200882,0.0887719298245614
AZD-2014,-0.10591361645765338,0.1755263157894737
AZD-3514,0.044428336188572885,0.0
AZD-4547,-0.030671454382366334,0.0
AZD-5363,-0.1098103829957597,0.155219298245614
AZD-5438,0.014347356614973215,-0.10219298245614034
AZD-6482,0.02221159485726195,0.0
AZD-7545,-0.038319435922079995,0.1399122807017544
AZD-7687,0.06572565880385234,-0.13175438596491226
AZD-7762,0.03316624774873466,0.0
AZD-8055,-0.09031225474553334,0.18464912280701753
AZD-8330,-0.1048147463351135,0.0955701754385965
AZD-8931,-0.06393369459124286,0.09302631578947365
AZD-9668,0.055972514402860836,-0.07464912280701749
BAY-87-2243,-0.025201277804151212,0.0
BAY-K8644,0.017436669593722663,-0.10421052631578948
BCI-540,0.09343905447380794,-0.1400877192982456
BGT-226,-0.061372452797776735,0.17307017543859649
BI-2536,0.07968090056456338,-0.10815789473684212
BIBX-1382,0.010932317390278817,-0.10495614035087722
BIIB-021,-0.07669972864779313,0.21171052631578946
BIX-01294,-0.004309986804626445,0.0
BIX-01338,0.09034508524160448,-0.15021929824561409
BIX-02189,0.1321435794958145,-0.14956140350877192
BMS-299897,-0.09100132711597983,0.14925438596491225
BMS-345541,-0.059222733631115236,0.0
BMS-387032,-0.07651991494960365,0.07144736842105268
BMS-509744,0.04203892846832504,0.0
BMS-599626,0.05576956177629001,-0.11035087719298248
BMS-707035,-0.021843025332401872,0.0995614035087719
BMS-777607,0.08053989688462929,-0.13710526315789473
BMS-927711,-0.07163272977498185,0.16535087719298244
BMY-14802,-0.0502558376189251,0.09438596491228071
BRD-K68548958,-0.10081474664291673,0.13157894736842102
BRD-K73261812,0.05779195516804046,-0.13149122807017538
BS-181,-0.07330514664942422,0.11083333333333328
BTS-54505,0.0003890394872068366,-0.07092105263157897
BVD-523,0.0018903465831503628,0.0
BX-795,-0.06880408994274519,0.11521929824561403
BX-912,-0.007707608201950349,-0.0894298245614035
CB-10-277-(free-acid),0.03993115494021183,-0.12096491228070178
CC-401,-0.07789837588212925,0.1657456140350877
CC-930,-0.05229435954773796,0.07982456140350876
CEP-32496,-0.055471224927775786,0.10039473684210529
CEP-37440,-0.09891014542383188,0.16342105263157897
CG-930,0.04603763570308906,-0.14495614035087714
CGK-733,0.08483142640512001,-0.10644736842105262
CGP-12177,-0.03585796733694512,0.09780701754385968
CGP-60474,-0.0840309962009284,0.09035087719298246
CGS-20625,-0.07333081353772368,0.13842105263157894
CHIR-99021,0.05955138151600993,0.0
CI-966,0.04867369292634503,-0.1033333333333333
CI-976,0.04446622558677973,-0.128640350877193
CL-218872,0.0752780010950266,-0.1079824561403509
CNQX,0.03051120237042136,-0.09999999999999996
CO-102862,0.11177640893041593,-0.1724561403508772
CP-466722,0.03763360448359492,0.0
CP-724714,-0.03352136057860417,0.08364035087719299
CP-945598,-0.026421396446977774,0.08039473684210524
CPI-1189,0.0389757651441207,-0.13030701754385962
CPI-613,0.07544026835681983,-0.1306140350877193
CT-7758,-0.04457921159011125,0.06342105263157896
CTB,0.0535443832287756,-0.0820175438596491
CTS-1027,-0.06639591824751545,0.09899122807017544
CX-4945,-0.01512791652819951,0.0
CX-516,-0.005892191429982307,0.07500000000000001
CX-5461,0.011393434756779171,-0.10206140350877196
CYT-997,-0.07962594956418653,0.1444736842105263
CYT387,0.014588595349986475,0.07692982456140351
D-4476,0.07976254125894361,0.0
D-serine,0.07794917228825862,-0.15320175438596492
DMP-543,0.023859918332503772,-0.09504385964912279
DMP-777,0.06682643326540416,-0.13807017543859648
DPCPX,-0.05880678111736788,0.13223684210526318
DPI-201106,0.028732798367075582,0.06280701754385962
DU-728,0.02847895001973449,0.0
E-2012,-0.023573884038515906,0.07521929824561405
EMD-1214063,-0.12519547378521034,0.1830701754385965
EMD-53998,-0.057374649439537496,0.10153508771929823
ENMD-2076,-0.024915299004186906,0.09442982456140353
EPZ-005687,0.019589220120025317,0.0
EVP-6124,-0.0795114936530674,0.1494298245614035
EX-527,0.043972527489885394,0.0
FK-866,0.04153557666960181,-0.08504385964912281
FK-888,0.013616455880512903,0.07631578947368423
FPL-55712,0.022472907500401304,-0.11491228070175441
FPL-62064,0.057842735537490385,-0.13236842105263152
FR-180204,0.07797981052196643,-0.16285087719298247
GDC-0068,-0.08084997064042332,0.15131578947368418
GDC-0152,-0.007711519058504738,0.09600877192982454
GDC-0834,0.07530292553128629,-0.10350877192982455
GDC-0879,0.1129582092172518,-0.12890350877192983
GDC-0941,-0.057503451626754624,0.14425438596491227
GDC-0980,-0.11290663386470208,0.17557017543859643
GNF-2,0.03946027635840942,0.0
GSK-1059615,-0.09470855773240086,0.19289473684210523
GSK-1070916,-0.04723974805845759,0.1587280701754386
GSK-1292263,0.004720870539406789,0.0
GSK-1904529A,-0.040033231013236734,0.10000000000000003
GSK-2110183,-0.12405952036382334,0.21473684210526317
GSK-2126458,-0.0640981915515181,0.15447368421052626
GSK-2334470,-0.0062637571808612765,0.1204385964912281
GSK-256066,-0.029532563966673836,0.0968421052631579
GSK-2636771,0.01901239645463373,-0.09214912280701756
GSK-3-inhibitor-II,0.06617814639368719,-0.13548245614035087
GSK-429286A,-0.02091809845250421,0.07828947368421052
GSK-461364,-0.00776639634892552,0.07342105263157894
GSK-690693,-0.1659301909335323,0.19342105263157897
GSK-923295,-0.003510611619586759,0.0
GSK-J1,0.04997190441356613,0.0
GSK-J2,0.03454786336833955,0.0
GSK-J4,-0.05695398977662693,0.12592105263157896
GW-5074,-0.030381532968350305,0.11114035087719293
GW-842166,-0.032382445422899746,0.0
GW-843682X,-0.029149928839303108,0.0
Gossypetin,0.02693867313908184,0.0
HC-030031,0.06517101349303184,-0.12342105263157895
HG-14-10-04,-0.07742289754261623,0.17565789473684212
HG-5-113-01,-0.01399182642533845,0.0874561403508772
HG-5-88-01,-0.018827775438745527,0.0
HG-6-64-01,0.054472961286379275,-0.06421052631578947
HG-9-91-01,0.06633380655601279,0.0
HMN-214,0.02784337978514434,0.0
I-BET-151,0.0712818038339513,-0.0906578947368421
I-BET-762,0.04683917135333101,0.0
IB-MECA,0.00740804739152612,0.0
ICI-162846,0.039686060554016654,-0.15109649122807023
"ICI-185,282",-0.05621724262451552,0.11087719298245619
ICI-192605,0.03033639433366372,-0.07245614035087722
IKK-2-inhibitor-V,0.05670880215900381,0.0
IKK-inhibitor-X,-0.08592913802615983,0.12526315789473685
IOWH-032,0.08737257383559043,-0.13964912280701758
IOX2,0.003639131946068638,0.0
IPI-145,-0.008466014666114888,0.10903508771929823
JNJ-26481585,0.015086037532985716,-0.07723684210526317
JNJ-38877605,0.04601675999906922,0.0
JNK-9L,-0.035549882515562715,0.0
JNK-IN-5A,-0.058518185378243964,0.1309210526315789
JQ1-(+),0.024152037068988854,0.0
JQ1-(-),0.03531686275834559,0.0
JTC-801,-0.009706421011942667,0.0
JTE-907,-0.025289456316312908,0.07399122807017539
JW-7-24-1,-0.06005226821711842,0.14684210526315788
JW55,0.0750693990834813,-0.09442982456140356
JWE-035,-0.0005104933802887519,0.08140350877192981
KBG,-0.10679162909541438,0.17368421052631583
KD-023,0.10980350319772628,-0.15675438596491226
KD-025,-0.05042010967002722,0.0
KI-20227,0.038764760771479924,-0.0935964912280702
KIN001-043,0.13931918623251333,-0.16736842105263156
KIN001-055,-0.002998739262018823,0.0
KIN001-127,0.047424786000994465,-0.09162280701754388
KIN001-242,0.06761052385200558,-0.11964912280701756
KIN001-244,-0.1537113751194768,0.21929824561403505
KIN001-260,-0.017477977956012754,0.0
KIN001-266,0.025897060603637247,-0.11109649122807022
KIN001-269,0.05910646218786164,-0.11078947368421055
KIN001-270,0.09217428136896637,-0.15982456140350876
KN-62,-0.006121498229934176,0.0
KN-93,0.045408927280187826,-0.09184210526315786
KU-55933,0.03992340417122362,-0.09644736842105267
KU-60019,-0.019755066554644842,0.08526315789473682
KW-2449,-0.03972074601978805,0.0
KW-2478,-0.038406427886143645,0.1548684210526316
KX2-391,-0.046233748863054744,0.12864035087719305
L-655240,-0.06027036620072661,0.15631578947368419
L-690330,-0.0415866819003075,0.10320175438596493
L-NAME,0.006537238147139022,0.0
L-citrulline,-0.003843453909466072,0.0
L-ergothioneine,-0.06705236026320098,0.1412280701754386
LCL-161,-0.022123516991372955,0.08855263157894738
LCQ-908,0.0033857923941322905,0.0
LDN-193189,-0.03244821193029555,0.0
LGX-818,-0.010224457171288311,0.09289473684210528
LX-1031,-0.034479942421894866,0.06065789473684208
LXR-623,0.07721843701830709,-0.15078947368421053
LY-2090314,0.03726576243313002,0.0
LY-215490,-0.07487699524337028,0.1414035087719298
LY-2157299,-0.013059091217349343,0.08771929824561403
LY-2228820,-0.06233602606682639,0.13842105263157894
LY-2334737,0.03489709303504519,-0.09749999999999998
LY-2603618,0.0227194371780492,0.0
LY-2784544,-0.06480762817218609,0.10635964912280704
LY-2801653,-0.10705685668474511,0.1592105263157895
LY-2811376,0.019476328534203034,-0.12605263157894736
LY-2874455,0.007012009869039675,-0.0681140350877193
LY-2886721,-0.005088555450127554,-0.1201754385964912
LY-294002,-0.11557760933762568,0.14684210526315788
MBX-2982,0.045754931438420604,-0.1338157894736842
MC1568,0.014826980375999306,0.0
MD-920,-0.09269689215538572,0.14600877192982456
MDL-73005EF,-0.09998091625473478,0.14394736842105266
MF-101,-0.1086451858060493,0.16833333333333333
MG-132,-0.0020067519276740467,0.11048245614035088
MGCD-265,-0.04186083442088925,0.09482456140350876
MK-0752,-0.02288485479151177,0.08219298245614036
MK-0773,0.09116912446164098,-0.18456140350877195
MK-0812,0.009552375170838037,0.0
MK-0893,0.026763430521663842,0.0
MK-1775,-0.04857963943186255,0.12846491228070173
MK-2206,-0.12972466946296116,0.18162280701754382
MK-2461,0.047980257844409874,-0.07307017543859652
MK-3207,0.0326810156862031,-0.11293859649122803
MK-5108,-0.016155342696290775,0.0875
MK-8033,0.07531650408825168,-0.12140350877192979
MK-8245,0.06288469511209727,-0.1628070175438596
MLN-0128,-0.060336039837174026,0.1776315789473684
MLN-2480,0.02027076293567447,-0.11666666666666665
MLN-8054,-0.054326407571454696,0.13157894736842102
N6022,-0.023705556540850315,0.11179824561403509
NF-449,0.07429879870163446,-0.1343859649122807
NMS-1286937,-0.022295585886912616,0.12552631578947374
NPK76-II-72-1,0.01477245796465764,0.0
NSC-4644,-0.024908279872849937,0.0
NSI-189,0.030879948292250565,0.0
NU-7026,-0.10562176958825349,0.19986842105263158
NU-7441,0.09620496610955963,-0.11557017543859649
NVP-AEW541,-0.09937098532462066,0.14995614035087718
NVP-AUY922,-0.011883878731792806,0.10429824561403506
NVP-BEZ235,-0.08474149736167592,0.17219298245614034
NVP-BGJ398,-0.09454948559149462,0.15035087719298248
NVP-BHG712,-0.06807099386497908,0.0895175438596491
NVP-DPP728,0.06324188471371546,0.0
NVP-TAE226,-0.09590726113842885,0.17442982456140352
NVP-TAE684,0.022395539261216818,0.0
NXY-059,-0.04162598714921316,0.11109649122807022
O6-benzylguanine,0.03663664129214401,-0.08390350877192987
OCO-1112,0.0032228739738451757,0.0
ORE-1001,0.01961494493672579,-0.07210526315789476
ORG-9768,0.06389649853283834,-0.1285964912280702
OSI-027,-0.11421226611450716,0.17504385964912278
OSI-930,0.05429641184303711,0.0
OTS-167,-0.10466663417667976,0.12245614035087718
PA-824,-0.06595154610952712,0.10776315789473681
PCA-4248,0.10935498542978044,-0.14469298245614037
PCI-24781,-0.05422552829337722,0.10368421052631577
PD-0325901,-0.09338604893203148,0.0
PD-123319,0.03665567564312801,-0.09114035087719301
PD-153035,0.016252016191852837,0.06456140350877188
PD-173074,0.037309146006200285,-0.08960526315789472
PD-184352,-0.06265820547777001,0.0
PF-02545920,0.05694871981001771,0.0
PF-03084014,-0.0322193465450882,0.13201754385964917
PF-03758309,-0.06539061983319663,0.1205701754385965
PF-03814735,-0.0923438853117746,0.1660964912280702
PF-04136309,-0.011273763074889746,-0.06092105263157899
PF-04217903,0.09143395723527599,-0.14403508771929824
PF-04447943,0.0012916568810893377,-0.08394736842105266
PF-04457845,-0.09889193452814847,0.18328947368421053
PF-04620110,0.04942689437955652,-0.12197368421052628
PF-04691502,-0.08011975724031521,0.15561403508771932
PF-431396,-0.0917363161160494,0.0
PF-477736,0.029658183159959283,0.0
PF-562271,-0.060217930531533174,0.0
PF-573228,-0.011234196321325907,0.0
PFI-1,0.07804676952769146,-0.09061403508771929
PH-797804,-0.09143404984402323,0.14171052631578948
PHA-665752,0.002864656462636502,-0.07609649122807016
PHA-767491,0.007465877900896052,0.0
PHA-793887,-0.08536270007619318,0.12653508771929828
PHA-848125,-0.009577781898129672,0.12583333333333332
PI-103,-0.09635120452660192,0.19214912280701757
PIK-93,-0.04302284882103294,0.10973684210526313
PK-11195,0.004755696250114014,0.0
PKI-179,-0.0883528030979069,0.15956140350877193
PLX-4720,0.011982260679390967,0.0
PRX-08066,-0.014543610531005436,0.0
PS-178990,0.01711596926586271,-0.07640350877192986
PSI-6130,-0.05713434364205016,0.1614473684210526
PSI-7976,0.018576210570968536,-0.10899122807017544
PX-12,-0.041629144907407024,0.12478070175438596
QL-X-138,-0.08604600905758893,0.20618421052631586
QL-XI-92,-0.002080238961671767,0.0
QL-XII-47,-0.01239022299377947,0.1498684210526316
R-428,0.034144357740799,-0.11947368421052632
R-547,-0.06277291761969442,0.1286842105263158
RAF-265,0.013804865133361337,0.10517543859649126
REV-5901,-0.0775516123700042,0.09307017543859647
RG-108,-0.07493479801925725,0.12364035087719294
RG-2833,-0.07368579049631808,0.12929824561403508
RG-4733,0.021985669637873805,0.0
RGFP-966,-0.05553435316997582,0.0
RHO-kinase-inhibitor-III[rockout],-0.024435534083746012,0.10504385964912288
RS-127445,-0.061365164351697615,0.1450438596491228
RU-58841,0.03485878553469438,-0.0977631578947368
Ro-4987655,-0.08868365163301649,0.0
S-18986,0.08585602534871872,-0.186578947368421
S-ruxolitinib,-0.07388720639115208,0.1155263157894737
SAR-245408,0.0024804611009522784,0.0
SAR-245409,0.031102259146538355,-0.08881578947368426
SB-203580,-0.020458938731309082,0.0
SB-216763,0.0895631606228869,-0.1758333333333333
SB-239063,-0.02880373322302556,0.0
SB-242235,-0.1675505990175351,0.26938596491228073
SB-271046,0.08694011083126547,-0.1405263157894737
SB-525334,0.11905723652881155,-0.14157894736842108
SB-590885,0.05482574313593864,-0.11491228070175435
SB-683698,0.034828653583057,-0.14004385964912278
SB-705498,-0.03546480638636521,0.0
SB-743921,-0.018094538761455847,0.10728070175438595
SB-756050,-0.07684737206779872,0.1542982456140351
SB-939,-0.047093493537996724,0.07912280701754387
SC-12267,0.019624743399174263,0.0
SCH-28080,0.017624454823961876,0.0
SDZ-NKT-343,0.0389378715666146,-0.1400877192982456
SEP-227900,-0.0762873167680838,0.1324122807017544
SGI-1776,0.0778752866144236,-0.14092105263157892
SGX523,0.027595356099530566,-0.09241228070175436
SK&F-10047-(+),-0.06855073116830696,0.10574561403508773
SN-38,-0.03098414810812561,0.08298245614035088
SNX-2112,-0.06980429933332155,0.16206140350877193
SR-2640,-0.058767655809027305,0.14802631578947367
SR-27897,0.04340112212053056,-0.11548245614035088
SR-33805,0.06585058796304358,-0.16517543859649125
SR-57227A,0.08594711245628316,-0.12916666666666662
ST-1859,-0.08447205735974884,0.13855263157894737
STA-5326,0.054515533499193324,0.0
SU-014813,0.07203155100084355,-0.1362280701754386
SU-11274,0.013678560041087444,-0.07122807017543858
SU-11652,-0.03792914692265429,0.07311403508771927
SYK-inhibitor,0.08902104641119161,-0.14166666666666666
T-5224,0.07115409769643746,-0.11644736842105266
TAK-285,-0.06091168448408439,0.17929824561403507
TAK-715,-0.005264479722701231,0.0
TAK-733,-0.09781305770703792,0.13412280701754387
TAK-875,0.07169350058254555,-0.12684210526315787
TAS-103,-0.0703769525402412,0.12978070175438594
TG-100115,0.01591660348035671,-0.05745614035087719
TG-100801,0.1266569717847658,-0.11592105263157897
TG-101348,0.09825940451815406,-0.13570175438596493
TGX-221,0.0063718399689450715,0.0
TH-302,0.059000330207186986,-0.1610526315789474
THZ-2-98-01,0.07680744497405863,-0.12000000000000002
TIC10,0.0978147760439449,-0.14618421052631575
TPCA-1,-0.06163624790102365,0.09456140350877193
TTNPB,0.013570294523510695,-0.06671052631578946
TWS-119,0.049721000434654584,0.0
UK-383367,-0.0017820466506857455,0.0
UNC-0321,0.06260248154793796,-0.09026315789473682
UNC-0638,0.07140417008409053,-0.12451754385964911
UNC-1215,0.019207616307559627,0.0
UNC-669,0.06302880698708037,-0.12109649122807017
VE-821,0.11118688147321015,-0.14960526315789474
VE-822,0.03448582432214757,-0.12017543859649121
VGX-1027,-0.0022307764099880325,0.0
VP-20629,-0.08308638530625358,0.18219298245614035
VT-464,0.019642024896533255,-0.09850877192982456
VTP-27999,0.048501771211273435,-0.12285087719298246
VX-222,0.08662698159908659,-0.11403508771929827
VX-661,0.05093849863152155,0.0
VX-745,-0.05000752137252095,0.0
VX-765,-0.05019772300188064,0.07451754385964912
WAY-362450,-0.010579360497161997,0.0
WH-4-025,0.06124125159351858,0.0
WYE-125132,-0.0810506383570023,0.15679824561403505
WZ-3105,-0.06522321852445197,0.0
WZ-4-145,-0.09980035108601272,0.0
WZ-4002,-0.0872455413480155,0.10478070175438597
WZ-7043,0.06454548869806795,-0.15627192982456142
XBD-173,-0.10067928210114839,0.18096491228070172
XL-147,-0.059619276108412236,0.0
XL-888,-0.09251159172982602,0.1762719298245614
XMD-1150,0.10732266994014542,-0.1455263157894737
XMD-1499,-0.016131838465836625,0.0
XMD-16144,0.07707889000920441,-0.125219298245614
XMD-885,0.03481831433480404,-0.07030701754385965
XMD-892,0.04686984822144637,-0.09298245614035089
XMD11-85H,0.07738074998798598,-0.10285087719298248
Y-26763,0.0815756864108374,-0.15811403508771932
Y-27152,0.055581178242184566,-0.1422368421052631
Y-27632,0.06449565411709243,0.0
Y-39983,0.07412362721400395,0.0
YM-155,-0.036588942844357736,0.1226315789473684
YM-201636,0.05621580459791614,-0.09732456140350881
YM-976,0.06032743759529494,0.0
Z160,0.059298269639916155,-0.08995614035087715
ZD-7114,-0.06921352970333879,0.13478070175438597
ZD-7288,-0.04726962980496524,0.1175
ZK-200775,-0.040705961337796095,0.0
ZK-811752,-0.002762248969428117,-0.0675438596491228
ZK-93423,0.059102731424212046,-0.12425438596491231
ZK-93426,0.018651705351173345,-0.1006140350877193
ZM-447439,0.01882910761438503,-0.10486842105263158
ZSTK-474,-0.06954514952676086,0.15662280701754389
abacavir,-0.0752059093960572,0.17285087719298248
abiraterone-acetate,-0.006703169809531022,0.0
acarbose,-0.001143858532676388,0.050219298245614
acebutolol,0.06944419830162257,-0.10793859649122803
acecainide,0.062066766396878935,-0.11013157894736839
acenocoumarol,-0.05967613995275556,0.13184210526315793
acetazolamide,-0.0028374352695338667,-0.0731140350877193
acetylcysteine,-0.02870157796211347,0.0724561403508772
acexamic-acid,0.09734503953060981,-0.1737719298245614
acifran,-0.0027634450341949327,0.0
acipimox,-0.10094175047432058,0.18478070175438593
acivicin,-0.04875808301110202,0.14214912280701764
aclidinium,-0.08992834064692787,0.16728070175438597
acrivastine,-0.07376301602818418,0.12372807017543858
actarit,0.05013464782075358,-0.13508771929824567
acyclovir,-0.03176944760927822,0.0
adapalene,-0.008229242603339506,0.09057017543859655
adarotene,-0.07451825845368067,0.1375438596491228
adatanserin,0.10788539910795579,-0.15890350877192982
adenosine,-0.05006147710310437,0.10276315789473683
adoprazine,-0.06261029048346232,0.10763157894736838
afatinib,0.004619962657084909,0.061184210526315785
afloqualone,0.03775565016319873,-0.13245614035087722
agomelatine,-0.03865268070343916,0.11157894736842108
alagebrium,0.04297439693245839,-0.05473684210526317
alaproclate,0.03357524866665539,-0.12135964912280704
albendazole,-0.05427073418836004,0.17302631578947367
alectinib,-0.03880768398860563,0.09978070175438596
alisertib,-0.05290328587449757,0.12684210526315792
aliskiren,0.04976559669443705,-0.11833333333333336
alizapride,0.08037048751802041,-0.15649122807017543
allopurinol,-0.034527037297266173,0.11403508771929824
almitrine,-0.04735198045053002,0.08732456140350875
almorexant,0.08426522848681052,-0.1308333333333333
alpelisib,-0.04708334892314758,0.12043859649122804
alprostadil,0.06648204498844182,-0.1419736842105263
altanserin,0.039398232750884415,-0.0969736842105263
altrenogest,-0.082868578975583,0.12197368421052637
altretamine,0.04241781915806509,-0.07653508771929826
alvespimycin,-0.05976653691155853,0.16346491228070176
alvimopan,-0.1279043573330127,0.19280701754385965
alvocidib,-0.06911069046905108,0.062324561403508755
amantadine,0.025974529720483655,-0.10903508771929825
ambrisentan,-0.01593576079736948,0.0
ambroxol,-0.05147463252558703,0.1262280701754386
amcinonide,0.014046778709365723,0.0
amfepramone,0.03005797176994825,0.0
amikacin,-0.05604301171372012,0.1535087719298246
amiloride,0.004132141461120672,-0.10258771929824562
amineptine,-0.10225107938288386,0.18364035087719302
aminocaproic-acid,0.027596677398097565,-0.08894736842105266
aminoglutethimide,-0.043258084310377455,0.06859649122807021
aminoguanidine,-0.031759526246321834,0.15228070175438596
aminosalicylic-acid,-0.025092077037065858,0.11491228070175441
amiodarone,0.05851632782662318,-0.13057017543859648
amiprilose,0.026779904995965473,-0.12206140350877198
amitifadine,0.05044928785887142,-0.13644736842105262
amitriptyline,-0.0008317298135666782,0.0
amlexanox,0.061217157113789895,-0.1181578947368421
amlodipine,0.07292894130198935,-0.11723684210526314
ammonium-glycyrrhizinate,0.05321388302109415,-0.09846491228070173
amodiaquine,0.08274232064009596,-0.10267543859649124
amonafide,0.018648949164859957,-0.07583333333333332
amoxapine,0.12832265316082242,-0.22263157894736843
ampalex,-0.05537923091189177,0.14692982456140355
amrinone,0.063400211120329,-0.13026315789473683
amsacrine,-0.041413422368544756,0.0
amtolmetin-guacil,-0.01161990029771998,0.0
amuvatinib,0.016983024428891717,0.0
anacardic-acid,0.05684304699081306,-0.1083333333333333
anacetrapib,0.08332011381367196,-0.14701754385964916
anagrelide,0.02007182756111466,0.10315789473684209
anamorelin,-0.0068318873668315756,0.08008771929824565
anandamide,0.061745862576801765,-0.15144736842105266
anastrozole,0.036182387826003026,0.0
andarine,-0.03685987648480471,0.08894736842105264
andrographolide,0.05356429363296753,-0.10793859649122807
anecortave-acetate,0.0013108478349252869,0.0
anidulafungin,0.07208913736977977,-0.13828947368421052
aniracetam,-0.04452099385162474,0.10192982456140351
anisodamine,-0.07133803418931003,0.12052631578947368
apabetalone,0.12349538785487028,-0.1658333333333333
apafant,-0.01964470509067965,0.0
aphidicolin,-0.07470872197871194,0.0
apixaban,-0.024674649107281673,0.1049122807017544
apocynin,-0.0588726587236044,0.176359649122807
apremilast,-0.07021131004215907,0.17508771929824563
aprepitant,-0.10338550408703304,0.18421052631578946
arbutin,-0.0180209566126323,0.0
argatroban,0.01033833901865201,0.0
arglabin,0.029346763947487992,-0.13969298245614034
aripiprazole,0.05572983958809423,-0.11697368421052634
armodafinil,-0.08443130793603522,0.14
arofylline,0.10485241802823601,-0.1464473684210526
artesunate,0.055496920221760136,-0.12697368421052635
asenapine,0.031673645941835575,-0.10175438596491226
aspirin,-0.08366744144709916,0.12241228070175438
asymmetrical-dimethylarginine,-0.04468922928487816,0.1053508771929825
ataluren,-0.06396771314928762,0.0
atenolol-(+/-),-0.021218413559563942,0.10162280701754385
atipamezole,0.040784719591618356,-0.1276315789473684
atomoxetine,0.0361168626925146,-0.08535087719298246
atorvastatin,0.013778064268967743,0.0
atovaquone,0.037899552175280106,-0.10706140350877194
atracurium,0.016923960957354538,0.0
atrasentan,-0.04720275259422986,0.05298245614035091
aurora-a-inhibitor-i,-0.04368372689726732,0.0
avagacestat,-0.05259341722522103,0.09171052631578949
avanafil,0.05735865895920854,-0.1448684210526316
avasimibe,-0.04826294110173611,0.15385964912280703
azacitidine,-0.006218973406781114,0.14741228070175433
azathioprine,-0.021305353401386458,0.0
azelaic-acid,0.038050972237716904,0.0
azelastine,0.03382312690890593,-0.11039473684210527
azithromycin,-0.003917251607258939,0.0
bafilomycin a1,0.09926703457067133,-0.10302631578947369
baicalin,0.01316542860487279,0.0
balaglitazone,-0.03868156960231937,0.1432017543859649
balapiravir,0.08815199496047078,-0.15486842105263152
balicatib,-0.05623820486756901,0.14754385964912278
balsalazide,0.09934957219828382,-0.15684210526315792
bambuterol,0.009697265791483167,-0.09811403508771933
barasertib,0.006215680594058701,-0.07219298245614036
barasertib-HQPA,0.0012228753625869362,-0.09403508771929828
bardoxolone-methyl,0.04331896658896925,-0.08289473684210527
baricitinib,0.007478500619618339,0.0
basimglurant,0.013383167736781845,0.0
batimastat,-0.08863071852645098,0.12399122807017543
bavisant,-0.05354541353462668,0.1011842105263158
bazedoxifene,0.011505939694469119,-0.10868421052631574
beclomethasone-dipropionate,0.05177238354058097,0.0
belinostat,-0.03489548437010226,0.0
bemegride,0.045799557424047385,-0.10210526315789474
benazepril,0.04926619209844385,-0.11736842105263162
bendamustine,-0.03147722606347104,0.0
bendroflumethiazide,-0.05086198166987551,0.13903508771929826
benfluorex,0.06779933013206055,-0.1396491228070176
benzamil,0.002287029470043964,0.06271929824561406
benzbromarone,-0.08571762421924177,0.1262719298245614
benzotript,-0.010168231241546232,0.0
benzthiazide,0.025134120899001015,-0.06162280701754387
benzydamine,-0.04128304496630228,0.11307017543859646
benzylpenicillin,-0.017679354182525725,-0.08109649122807017
bepotastine,-0.08150346597222202,0.13486842105263153
berberine,0.07528706160048655,-0.14026315789473687
betahistine,-0.001729705919848224,0.0
betrixaban,-0.007525817402526082,0.07149122807017547
betulinic-acid,-0.09090188018588134,0.18096491228070175
bevirimat-dimeglumine,-0.010297147525892659,0.0909210526315789
bexarotene,-0.06818614440763471,0.14925438596491225
bezafibrate,0.09086662151769236,-0.15859649122807018
bicalutamide,0.01899921073183737,-0.07916666666666665
bifemelane,-0.06705760797639165,0.14021929824561408
bifonazole,-0.06896393638318322,0.1105263157894737
bimatoprost,0.04084779511264465,-0.08951754385964913
bindarit,-0.0503494077511211,0.11535087719298245
binimetinib,-0.0811952606072689,0.0
biperiden,0.0038109498976027045,-0.1313157894736842
birinapant,0.020028143327895858,-0.05912280701754387
bisindolylmaleimide,0.07793622064112014,-0.13640350877192983
bisoprolol,0.05676279005984372,-0.16570175438596485
bitopertin,0.08780553032692572,-0.11561403508771934
blonanserin,0.050501843367992516,-0.10210526315789471
bms-906024,0.037686448326322716,-0.10877192982456141
bopindolol,0.02315117247944646,-0.0668421052631579
bortezomib,0.0004365053675187249,0.09793859649122805
bosentan,-0.046090826408954774,0.11973684210526317
bosutinib,-0.06964112281079037,0.09153508771929822
brequinar,-0.045749938974266637,0.0
bretazenil,0.010083162772372709,-0.07618421052631583
brexpiprazole,-0.04883771202520665,0.11991228070175441
brivanib,-0.05915183616339814,0.0
brivudine,0.028400990584829536,-0.09407894736842107
bromocriptine,0.050759437653343446,-0.13916666666666666
bropirimine,-0.027890092632894402,0.0
broxuridine,-0.029216308715938485,0.0
bruceantin,0.009895713144750656,0.1269298245614035
bucladesine,-0.09349793334997994,0.16412280701754386
budipine,-0.04475737451634395,0.13464912280701757
buflomedil,-0.04745925664808946,0.06293859649122813
bumetanide,0.07422808885453508,-0.1258771929824562
buparlisib,-0.13515709065728138,0.2522368421052632
bupivacaine,0.06672150546468986,-0.12938596491228072
bupropion,-0.04350280336972191,0.0
buspirone,-0.04599881302404527,0.0
busulfan,-0.0556163464449776,0.08530701754385961
butaclamol,0.02857561332536521,-0.10964912280701752
butoconazole,0.07596606642662936,-0.11105263157894735
butorphanol-(+)-tartrate,0.08466219305139204,-0.14605263157894738
cabazitaxel,-0.05059291167285832,0.12052631578947365
cabergoline,-0.0671057206337259,0.16245614035087722
cabozantinib,-0.000977282452380733,0.0
caffeine,0.07255284760419234,-0.11276315789473684
calcitriol,0.02657080436651083,0.0
calpain inhibitor ii,0.04556788516125788,0.0
calpeptin,-0.05443039256086029,0.09399122807017543
camicinal,-0.03345971225835245,0.06061403508771929
camostat-mesilate,0.0416888044883471,0.0
camptothecin,0.003064734259866703,0.06333333333333332
canagliflozin,-0.03270409365520422,0.0
candesartan,0.11190191581083822,-0.15276315789473682
canertinib,0.022026604252219348,0.0
capecitabine,0.02838676910723371,-0.0817982456140351
capsaicin,-0.026578672394059182,0.07706140350877191
carbachol,0.07126593647524222,-0.17403508771929826
carbamazepine,-0.1101314938652379,0.18030701754385964
carbenoxolone,-0.03871175631975432,0.08491228070175438
carbimazole,-0.06580722646816896,0.1405701754385965
carfilzomib,-0.04224988675871401,0.13701754385964912
carglumic-acid,-0.022013330386296073,0.11171052631578948
cariporide,0.06731173919011145,-0.14381578947368417
cariprazine,0.04395671124571781,-0.10565789473684215
carisoprodol,-0.04900526255924086,0.09548245614035092
carprofen,0.08944643345923414,-0.13517543859649125
carvedilol,0.03139315746611351,-0.14048245614035085
castanospermine,0.09767271523582295,-0.1825438596491228
cediranib,0.0021632677655875794,0.0
cefdinir,-0.0873434285170172,0.1681140350877193
cefepime,-0.0676673336465697,0.1464473684210526
cefoperazone,-0.024680100155909133,0.0
cefotetan,0.009219490322596816,0.07771929824561402
cefozopran,0.0491176253227463,-0.11732456140350878
celastrol,0.003573338347811118,0.0
celecoxib,0.09167871634170424,-0.1400438596491228
cepharanthine,0.092771203938561,0.0
cevimeline,0.08727571385367199,-0.14758771929824563
chelerythrine,-0.07241086877056627,0.133421052631579
chenodiol,-0.10552635204335344,0.19894736842105262
chlorambucil,-0.008225576891116072,0.04644736842105261
chloramphenicol,0.022405153517864304,0.0
chlormezanone,-0.09335909151755488,0.18736842105263155
chloroquine,0.011961688279475365,0.0
chloroxine,0.08466503665526087,-0.13622807017543864
chlorphenamine,0.0010033740662210597,0.0
chlorpromazine,-0.010024369788207681,-0.12250000000000003
chlorpropamide,-0.10410921610877015,0.17153508771929826
chlorprothixene,0.045764877458638165,-0.131140350877193
chlorthalidone,-0.06857090753587579,0.1329824561403509
cholic-acid,0.08863335550693333,-0.1617543859649123
choline-alfoscerate,0.08213982319549257,-0.14425438596491227
chrysin,-0.018500826654752275,0.08758771929824566
cianidanol,0.05170765190939728,-0.12043859649122807
ciclesonide,0.016389544141506195,0.0
ciglitazone,-0.021148016425223855,-0.09710526315789475
cilengitide,0.011880569288364609,-0.06622807017543858
cilomilast,0.04149990396500178,0.0
cilostazol,0.053177545540383425,-0.12758771929824558
cimetidine,0.003955363309912702,0.0
cinaciguat,-0.08736295221809677,0.16416666666666663
cinepazide,0.07217942115449898,-0.16355263157894737
cinnarizine,-0.012538733957105476,0.07583333333333336
cinoxacin,0.08923752053805216,-0.13561403508771933
ciprofloxacin,0.02283832056091398,-0.08973684210526317
cisapride,0.008699402356164027,0.0
citalopram,0.014940609121566209,-0.08307017543859649
cladribine,-0.08215462261286197,0.10942982456140349
clarithromycin,0.07430993262097009,-0.13574561403508772
clemizole,0.06464813085651866,-0.1362280701754386
clenbuterol,0.04279500164357965,0.0
climbazole,-0.018114437035028155,0.10657894736842105
clinafloxacin,0.020180799609423872,-0.11631578947368426
clindamycin,-0.03822450929522964,0.13122807017543858
clinofibrate,-0.04191422670490776,0.0
clioquinol,0.085300369541401,-0.13328947368421057
clobetasol,0.07306087956777091,0.0
clofarabine,-0.05043819124376937,0.0
clofazimine,-0.0005419214749596207,0.0
clofibrate,0.002536023055937228,-0.07982456140350876
clofibric-acid,-0.02945748615108759,0.1364473684210526
clofoctol,-0.00676823942916383,0.0
clomethiazole,0.03292460865503417,-0.065
clomifene,0.034858550365404084,0.0
clomipramine,0.007303656348151235,-0.11956140350877192
clonazepam,-0.02511963203123203,0.06649122807017543
clonidine,-0.04298114306102615,0.08771929824561403
closantel,0.015162423600662398,-0.09697368421052632
clotrimazole,-0.09866029034915352,0.1550438596491228
clozapine,-0.09010936320189566,0.20403508771929824
cobicistat,-0.040747166745471235,0.10328947368421054
cobimetinib,-0.1098629319269279,0.14820175438596492
colchicine,-0.06786232401741826,0.13210526315789478
colforsin-daproate,0.05169537420914045,-0.11894736842105266
combretastatin-A-4,-0.047464756338216084,0.11087719298245607
compound e,0.03676876924250527,-0.09201754385964911
conivaptan,-0.08552269814828328,0.18482456140350878
cordycepin,-0.01920174408703434,0.0
cpi-169,-0.0411344309980135,0.10815789473684209
crizotinib,-0.012143597095871855,0.08894736842105261
cromoglicic-acid,0.09040790603452631,-0.12758771929824558
curcumin,0.061693585477314225,-0.10907894736842107
cutamesine,-0.03479860858023481,0.0
cyanocobalamin,-0.11988741386949618,0.17921052631578943
cyclizine,-0.0500512520710196,0.13877192982456138
cyclobenzaprine,0.07431298573359497,-0.14995614035087718
cyclosporin-a,-0.03979981634262517,0.10758771929824562
cyproheptadine,0.07050765266404013,-0.11429824561403512
cyproterone-acetate,0.09433800430403877,-0.14789473684210527
cytarabine,0.028676655527853066,-0.09903508771929821
cytisine,-0.06561525944111486,0.13271929824561407
cytochalasin-b,-0.023227756388416124,0.10714912280701758
dabigatran-etexilate,0.027884188682937096,-0.11548245614035088
dabrafenib,0.10394348940318159,0.0
dacarbazine,-0.055726350601801464,0.09271929824561403
dacinostat,0.012919543338432147,-0.07592105263157896
dacomitinib,0.10355371059757176,-0.16688596491228075
dalfampridine,0.05185707266225257,-0.13587719298245615
daminozide,0.059469223279684555,-0.14
danazol,-0.07427242716965984,0.1662719298245614
danegaptide,-0.008588638895863778,0.0
dantrolene,-0.06606576138229989,0.1299561403508772
danusertib,-0.07560451900203673,0.1719298245614035
dapagliflozin,0.01004839866172202,-0.07618421052631577
dapivirine,-0.012285266190109735,0.05793859649122807
dapsone,-0.023154280803096665,0.0
darapladib,-0.10716815453951047,0.1331140350877193
darifenacin,-0.007886338077756561,0.0
darunavir,0.06799806076236,-0.13048245614035087
dasabuvir,-0.045572702129785224,0.10921052631578945
dasatinib,0.0793853830184591,0.0
daunorubicin,-0.09035562727981876,0.13298245614035087
dazmegrel,0.03955721704832445,-0.08210526315789476
dazoxiben,-0.05808911062471182,0.1205263157894737
decitabine,-0.09039580337533017,0.12100877192982457
defactinib,-0.09634873710920255,0.1745614035087719
deferasirox,-0.034134535263431166,0.0
deferiprone,0.006317621147327093,0.09342105263157896
deforolimus,-0.12147118128877289,0.148640350877193
dehydroepiandrosterone,0.024819024875886428,-0.12135964912280703
delanzomib,0.00880342962888842,0.11793859649122809
delivert,0.04645055114411927,-0.12570175438596493
deoxycholic-acid,-0.06332205804962161,0.15407894736842107
dequalinium,-0.02089412304888421,0.12596491228070172
desmopressin-acetate,0.02226483036520884,-0.10508771929824562
desoxypeganine,0.04473115870966647,-0.10710526315789473
desvenlafaxine,-0.0652250604025487,0.1203070175438597
dexamethasone,0.0017948226146033174,0.1174561403508772
dexamethasone-acetate,-0.0660311826693775,0.11855263157894741
dexfenfluramine,0.06571488540266932,-0.14364035087719298
dexloxiglumide,-0.07542141374485335,0.1838157894736842
dexniguldipine,-0.0679438168572596,0.11640350877192979
dextromethorphan,0.08949545195260093,-0.13004385964912282
diacerein,0.04823306877918187,-0.09298245614035092
diazepam,0.05465001982401689,-0.10614035087719302
diazoxide,-0.08527147337835654,0.15995614035087716
diclofenac,-0.02404711090976217,-0.054692982456140404
diclofensine,0.07982656492678619,-0.13899122807017544
dicloxacillin,-0.0017929226938999722,0.0
dicoumarol,0.02479741248856211,0.0
dideoxyadenosine,0.09671256923125716,-0.185
dienogest,-0.04536675786835648,0.10877192982456138
diethylcarbamazine,-0.041743636037589085,0.0
diethylstilbestrol,-0.03793197153333472,0.08675438596491225
diflunisal,0.09035815366235371,-0.14105263157894737
digoxin,-0.0376711830714423,0.10166666666666667
dihydroergocristine,-0.013049437548695074,0.07456140350877198
dihydroergotamine,0.04616052500284221,-0.0562280701754386
dilazep,0.05460397778736027,-0.09631578947368424
diltiazem,0.08067210867665967,-0.14907894736842103
dimesna,0.003323670702422595,0.0
dimethyl-fumarate,-0.02864346402323203,0.12789473684210526
diminazene-aceturate,-0.05899413228011922,0.14460526315789468
dinaciclib,-0.08694534965620371,0.0937719298245614
dinoprost,-0.025580123114979352,0.11789473684210525
diosmin,-0.025169971852052855,-0.08986842105263157
diphenidol,0.08154438357383603,-0.127280701754386
diphenylpyraline,-0.07797429540066551,0.1505701754385965
dipraglurant,0.06210082336522842,-0.1457456140350877
dipyridamole,-0.03525983383155936,0.10666666666666669
disopyramide,-0.0271127052248924,0.0
disulfiram,-0.022066665304721077,0.08250000000000002
docetaxel,-0.0364277720577234,0.09140350877192982
dofequidar,-0.06883334828671413,0.1135964912280702
dolasetron,0.013814471497396437,-0.08802631578947367
dolastatin-10,-0.05808571067943942,0.11907894736842103
dolutegravir,-0.07397840620930182,0.14557017543859646
donepezil,0.02564034709398078,-0.12780701754385965
donitriptan,0.06184965243909388,-0.10021929824561404
dopamine,-0.0037013620274749057,0.0
doramapimod,-0.13385181687961306,0.14548245614035085
dorzolamide,0.07079407272534607,-0.1242105263157895
dosulepin,0.047029701225434054,-0.12627192982456142
dovitinib,-0.047774693246217484,0.10061403508771932
doxapram,-0.01991830123646548,0.08017543859649118
doxazosin,0.0860191677406499,-0.11166666666666664
doxepin,-0.05521596041371809,0.13267543859649122
doxifluridine,0.04940151551028665,-0.11100877192982458
doxofylline,0.08830339142226346,-0.13671052631578945
doxorubicin,-0.08088838412020187,0.11359649122807017
doxycycline,0.0696991783881187,-0.12899122807017543
dronedarone,0.005885377706254878,0.0
droperidol,-0.04888937449745359,0.0
drospirenone,0.07593294017500593,-0.12114035087719299
duloxetine,0.09751678742281798,-0.17903508771929824
dutasteride,-0.03402562926670007,0.11469298245614035
ebselen,-0.006850050900097681,-0.07
ecabet,0.0483839584600927,-0.11043859649122809
econazole,0.09359584846565783,-0.13539473684210526
edoxaban,0.027546792693753253,-0.09675438596491226
edoxudine,0.013097839209506653,0.0
efaproxiral,-0.061222883824645476,0.16192982456140348
efatutazone,0.003493185107423434,0.0
efavirenz,-0.05938501588025847,0.12982456140350873
eflornithine,0.03691074638139808,-0.09425438596491231
elacridar,-0.012375542870204152,0.1089473684210526
elesclomol,0.04933908364440407,-0.08548245614035085
ellagic-acid,-0.0661396352233955,0.15035087719298246
elvitegravir,0.07771395368736263,-0.16289473684210523
emedastine,0.07569320352272618,-0.13307017543859648
empagliflozin,0.05453319604386315,-0.130219298245614
emtricitabine,-0.058919768604987786,0.12096491228070178
enalapril,-0.03077001955942585,0.0
enoxacin,0.059041380212939414,-0.11837719298245614
enoxolone,-0.04325272772868201,0.09289473684210525
enprofylline,0.057559549233611326,-0.1266228070175439
entecavir,-0.05734473082754598,0.10885964912280702
entinostat,-0.1192949971628419,0.0
enzalutamide,0.04824708776740251,-0.09473684210526315
enzastaurin,0.06626667115233024,-0.11657894736842106
eperezolid,0.03402941358495795,0.0
epigallocatechin-gallate-(-),0.06377266373823094,-0.11697368421052637
epinastine,-0.030782010293116335,0.0
epinephrine,-0.07493359196309758,0.1740350877192983
epirizole,-0.04446930332430247,0.12039473684210528
epirubicin,-0.07360727675594435,0.0954385964912281
epitiostanol,-0.00977740281583173,0.10293859649122811
eplerenone,0.0009106404021972228,-0.06228070175438599
epothilone-b,-0.03403778379423767,0.13526315789473684
eptifibatide,0.01918922765012927,-0.11320175438596493
epz-5676,-0.04170560424800873,0.12894736842105264
epz004777,-0.03414508585217367,0.0
equol,0.00406321710822702,0.0
ercalcitriol,0.027162349851469182,0.0
erlotinib,-0.06990264907638673,0.09780701754385962
erteberel,0.01561175255977741,0.06833333333333336
erythromycin,0.015330951505535557,0.0
erythromycin-ethylsuccinate,-0.030684591545996266,0.13736842105263156
escitalopram,0.05875717906254404,-0.0907894736842105
esculin,0.05185914638617408,-0.12504385964912282
esmolol,0.06377334386910133,-0.12495614035087718
estradiol,-0.04674350513801051,0.16219298245614033
estramustine,0.07056218545518794,-0.13127192982456137
estramustine-phosphate,-0.08664132350984823,0.15530701754385962
estriol,-0.037977660310251425,0.11026315789473685
estrone,0.039807870830914804,-0.09302631578947368
etacrynic-acid,0.033721658431945786,-0.08337719298245616
etanidazole,0.046047707719148276,-0.1294736842105263
etazolate,-0.06743965665836088,0.15000000000000002
ethinyl-estradiol,-0.04200832081084039,0.11618421052631578
ethylenediaminetetraacetic-acid,-0.013973839078110638,0.10521929824561407
etizolam,0.045337329290268354,-0.10394736842105262
etodolac,-0.07079785709558319,0.18188596491228068
etofenamate,-0.020903047350792958,0.13166666666666665
etofylline-clofibrate,-0.031304208318667086,0.0
etomidate,0.03271030410524971,-0.08447368421052631
etomoxir,0.01208903205884372,0.0
etoposide,-0.06816066690503123,0.11478070175438598
etoricoxib,-0.04288862908598953,0.12175438596491234
etravirine,0.07798235900278237,-0.13771929824561405
eugenol,-0.03804104465798814,0.06399122807017545
everolimus,-0.1433036698815852,0.18368421052631578
exalamide,0.03948224014263819,-0.10723684210526313
exemestane,-0.014217193778237379,0.10201754385964915
exherin,0.07737712443001116,-0.15543859649122804
exifone,0.06323612725089707,-0.09478070175438598
fadrozole,-0.010036138658566618,0.07991228070175438
famciclovir,-0.06585448771771196,0.1456140350877193
famotidine,0.03191262001923373,0.0
faropenem,-0.009080749834390776,-0.08276315789473684
fasudil,-0.050690745557607914,0.10714912280701756
favipiravir,0.008213823887090474,0.060219298245614006
fdcyd,-0.05666886632463527,0.10921052631578948
febuxostat,0.0372985191476862,-0.1358333333333333
felbamate,0.020017058055733523,-0.0775438596491228
felbinac,-0.09232793074116054,0.1931578947368421
felodipine,0.04544467942023337,-0.11385964912280706
fenobam,0.04525663512309451,-0.12271929824561402
fenoldopam,-0.012059283837908977,0.1074561403508772
fenoterol,-0.021586293157445254,0.0
fentiazac,0.025800666326359908,-0.10714912280701755
fenticonazole,-0.04343210664913574,0.08938596491228071
fexofenadine,0.09104840898875527,-0.14385964912280702
fiacitabine,0.039519999380500256,-0.11140350877192978
fidarestat,0.022050915625868688,-0.09833333333333333
fidaxomicin,0.08032597426840148,-0.10324561403508775
filgotinib,0.02512823908262524,-0.11701754385964919
finasteride,-0.06628721478577637,0.1760526315789474
fingolimod,0.08007538585044387,-0.13771929824561405
fipronil,-0.06748267657831222,0.09938596491228074
firategrast,-0.0748161139686525,0.12078947368421053
flavoxate,0.03951515817880693,-0.10508771929824562
flecainide,0.042357816107052394,0.0
floxuridine,-0.05351941756893144,0.0
fluconazole,-0.026592322244596733,0.07179824561403508
fludarabine-phosphate,0.059029221699410606,-0.13421052631578945
fludroxycortide,0.030594670289558777,0.0
flumatinib,-0.0022920066431626482,0.10039473684210526
flumazenil,-0.033152814938987446,0.0
fluocinolone-acetonide,-0.07699698406635441,0.1328947368421053
fluorometholone,-0.024075649655760374,0.0
fluorouracil,0.010826807120904463,-0.06407894736842108
fluoxetine,-0.053760330055393,0.11280701754385963
fluphenazine,0.06408566132278312,-0.15719298245614036
fluspirilene,0.07346122907674826,-0.13535087719298247
flutamide,1.561899704697977e-05,0.0
fluticasone-propionate,-0.01445813067341881,0.13118421052631574
flutrimazole,-0.031132421006748543,0.14078947368421058
fluvoxamine,0.06517625329904655,-0.10337719298245615
folic-acid,-0.0469693511357997,0.0
fomepizole,0.02289957432988762,0.0
fomocaine,-0.035978278655534886,0.11807017543859648
foretinib,-0.053058117580142033,0.12008771929824563
formestane,-0.03255185280585668,0.11552631578947367
formoterol,0.0880483821017786,-0.18500000000000003
forskolin,0.12404187099320264,-0.18083333333333332
fosfomycin,0.031198850444116782,-0.10785087719298247
fosinopril,0.09116137478302161,-0.1564473684210526
fostamatinib,0.09654111211215492,-0.17921052631578943
ftorafur,-0.05478363421076117,0.11728070175438596
fulvestrant,-0.039494277319446776,0.13578947368421052
furosemide,0.09256970979734824,-0.16223684210526312
fusidic-acid,0.082950568482355,-0.12644736842105264
gabapentin,0.02173006202365732,-0.08780701754385964
gaboxadol,0.024483685013654756,0.0
galeterone,-0.06080314863315402,0.12469298245614038
gallopamil,0.10883100632180637,-0.17614035087719299
ganaxolone,0.027856329389556678,0.0
ganciclovir,-0.03432921124502761,0.10267543859649124
ganetespib,-0.06187166489504557,0.15337719298245617
garcinol,0.060054097575174555,0.0
gatifloxacin,0.0038533606507889302,0.0
gefitinib,0.03539982622975155,-0.12096491228070172
geldanamycin,-0.00405295819610601,0.10087719298245612
gemcitabine,-0.0809452274690263,0.0
gemfibrozil,0.008208176229926681,-0.10837719298245613
gemifloxacin,-0.011881814092742507,0.0
genistein,-0.03858577099364221,0.09894736842105264
genz-644282,0.012660955133968487,0.0
gestrinone,-0.06927433046721607,0.1428508771929825
gimeracil,0.029735956781575118,-0.09530701754385963
ginkgetin,0.09110034954207497,-0.17978070175438596
ginkgolide-b,0.08504220560228931,-0.16692982456140348
glafenine,0.09220076240213132,-0.1387280701754386
glasdegib,0.020408040488500607,0.0
glibenclamide,0.0642250433739118,-0.12833333333333333
gliclazide,-0.06848353344818837,0.15293859649122807
glimepiride,-0.05240342834759553,0.0742543859649123
glipizide,0.018434832027574614,0.0
gliquidone,-0.003514414854751051,0.1004385964912281
glycitein,0.06302861564440086,-0.1316228070175439
glycopyrrolate,0.026026108271733666,-0.09916666666666665
golvatinib,0.07169107247923928,-0.12745614035087716
goserelin-acetate,0.050938919985947885,-0.12219298245614038
granisetron,0.06746771050743851,-0.1382894736842105
grazoprevir,-0.012816744037943386,0.0
griseofulvin,-0.0685194555030539,0.11934210526315792
gsk126,-0.08414406174245403,0.15350877192982457
guanaben-acetate,-0.009680402169140036,0.0
guanadrel,0.01992833846908928,0.0
guanethidine,-0.0002532123764082366,0.0
halcinonide,-0.031046596816648158,0.08539473684210527
halofantrine,-0.048769079030431116,0.10605263157894737
haloperidol,0.02267207056442818,-0.07078947368421053
hesperidin,0.0065447985346245635,-0.11872807017543863
hexachlorophene,-0.01734713419625312,0.0
histamine,0.11324057925028728,-0.16201754385964912
homochlorcyclizine,-0.04474400659507363,0.08978070175438599
homoharringtonine,0.03499429798315216,0.0
honokiol,-0.04994244044890412,0.1063157894736842
hydrocortisone,0.033991908881480806,-0.060175438596491236
hydroflumethiazide,0.004435029374231037,-0.08916666666666664
hydroxyurea,-0.011531647740582286,0.0
hymecromone,0.010923178828711832,-0.18890350877192985
hypericin,0.0383277423888451,-0.13785087719298245
ibrutinib,0.11746777341978205,-0.15609649122807015
ibudilast,0.06843857522808507,-0.1318421052631579
ibuprofen,0.06025896048727854,-0.11618421052631578
ibutamoren,-0.04652302376476823,0.11429824561403507
ibutilide,0.05147197358670259,-0.09833333333333327
idalopirdine,-8.951517669314036e-05,0.0
idasanutlin,-0.08794033394624055,0.1492982456140351
idebenone,0.06661942582440583,-0.14070175438596494
idelalisib,-0.016289568781762118,0.0
idoxuridin,0.02898682323005546,-0.15969298245614033
ifenprodil,-0.05106807327302201,0.1281140350877193
ifosfamide,-0.06966870166626034,0.16333333333333336
iguratimod,0.0017626762859287986,0.07302631578947366
ilomastat,-0.04949385743214982,0.12184210526315789
imatinib,0.04103444398913424,-0.09653508771929824
imexon,0.006437595463456974,-0.07530701754385963
imiloxan,0.03766011678779594,-0.13592105263157894
imipramine,0.008084534366493834,-0.0681578947368421
imiquimod,0.04226847390431748,-0.09912280701754389
indacaterol,0.014671985993594622,-0.11438596491228067
indapamide,-0.0961825507478097,0.13157894736842105
indibulin,-0.0008873587565521545,0.08894736842105261
indinavir,0.07639334119774593,-0.11561403508771934
indiplon,0.008083216490261627,0.0
indirubin,0.048344981090737565,-0.10412280701754387
indobufen,-0.028332247556380977,0.0
indole-3-carbinol,0.009212081998998088,0.0
indometacin,0.0840821313861308,-0.11570175438596493
indoprofen,0.020983128023698477,0.0
indoramin,0.044585402592988176,-0.13035087719298244
indoximod,-0.029993561379436973,0.0
ingenol-mebutate,-0.09236313610063744,0.1312719298245614
iniparib,0.014087020320939933,0.0
inosine,0.015133719457462025,0.0
inositol,-0.07839833791236063,0.166578947368421
ipratropium,0.04043996314220227,-0.08741228070175439
ipriflavone,-0.024831234030799027,0.0
irbesartan,-0.0297548629649323,0.0
irinotecan,-0.0012467451871032197,0.0
irsogladine,0.04390407316512963,-0.10214912280701756
isbufylline,0.022506977402536082,-0.07828947368421053
ischemin,-0.08289963989340893,0.16473684210526313
isoconazole,-0.08095092605579857,0.12153508771929826
isofloxythepin,-0.058994969244550895,0.1712719298245614
isoniazid,-0.05818060706040939,0.10403508771929826
isosorbide-mononitrate,-0.011456567649533182,0.0
isradipine,-0.05777231086071837,0.10714912280701755
istaroxime,0.001376793628600273,-0.10657894736842105
itopride,-0.012292707509074312,-0.10188596491228069
itraconazole,0.0001388624031683211,0.0
ivabradine,-0.08693004339533555,0.15526315789473683
ivacaftor,-0.0065658957117227705,0.06938596491228068
ivermectin,-0.01961242401152564,0.0
ixabepilone,-0.04415576406773932,0.11504385964912284
ixazomib,0.001441377213642865,0.10907894736842105
ixazomib-citrate,0.011931500239675319,0.13030701754385965
josamycin,-0.024125948641412792,0.0
kakonein,-0.018595724707315405,0.08008771929824562
ketanserin,-0.0703618995870601,0.0842982456140351
ketoconazole,0.0697979797395488,-0.14833333333333334
ketoprofen,-0.04585257851820233,0.09837719298245617
ketorolac,0.07405062193373894,-0.13026315789473686
ketotifen,0.07603174936316728,-0.14688596491228073
labetalol,0.06655431133693286,-0.12043859649122805
lacidipine,0.0025118305756644116,0.13877192982456135
lacitol,0.04959027499467372,-0.10157894736842106
lacosamide,-0.10537674070449968,0.16666666666666669
lafutidine,-0.03506811109733641,0.10789473684210527
lamivudine,-0.026250146424567775,0.08197368421052631
lamotrigine,-0.038417146978481455,0.0
lapatinib,0.029040781006575787,0.0
laropiprant,0.001922604518882763,0.0
lasalocid,-0.06556555268229801,0.15640350877192982
latanoprost,0.05425306301712516,-0.1142982456140351
ledipasvir,0.024742611241489392,0.0632894736842105
leflunomide,-0.006424049592511683,0.0
lenalidomide,-0.08379945023337668,0.09622807017543861
lenvatinib,-0.041811728066441775,0.06355263157894737
lerisetron,0.03090984663456593,-0.09346491228070178
lersivirine,-0.09762814983319155,0.19464912280701752
lesinurad,0.021098651413025114,0.0
lestaurtinib,-0.07644139922926838,0.13061403508771932
letermovir,0.014921617557547742,-0.11587719298245613
letrozole,0.06911753968836774,-0.11881578947368421
levalbuterol,0.1381269495365475,-0.13359649122807019
levamisole,-0.02129822062095688,0.0800877192982456
levcromakalim,-0.0757691256451107,0.13969298245614034
levetiracetam,-0.06545790144207195,0.1439473684210526
levobunolol,-0.006253570699122142,0.0
levocabastine,-0.04044929034088855,0.10947368421052628
levocetirizine,-0.06591670624574841,0.14995614035087718
levofloxacin,-0.04719258135813252,0.12078947368421056
levomequitazine,-0.013892670735257334,0.0
levonorgestrel,-0.051415147662362604,0.13903508771929823
levosimendan,0.016072112755398972,0.0
levothyroxine,0.004379155294421659,0.0
licarbazepine,-0.09802631742787044,0.0
licochalcone-a,0.06416880651779776,-0.13921052631578948
lidamidine,0.03248455965184745,-0.08043859649122806
lidocaine,0.052359546729956935,-0.09583333333333331
lidoflazine,-0.04236292785203929,0.10385964912280704
linagliptin,0.02455522878182367,0.0
linezolid,0.0062294497784123,-0.09986842105263155
linifanib,-0.05181626842050406,0.0
linopirdine,0.0742516331896111,-0.17052631578947372
linsidomine,-0.09640975126440304,0.20600877192982456
linsitinib,-0.0949454537982889,0.175
liranaftate,-0.05439752400245292,0.0
lirimilast,0.03438855309589265,0.0
lisinopril,-0.09439560280880764,0.17846491228070177
lisofylline,0.054501060804387956,-0.12385964912280698
lobenzarit,-0.025548753858065383,0.0
lodoxamide,0.07407844923808832,-0.13925438596491227
lofexidine,0.006463851180962463,-0.04780701754385964
lomeguatrib,0.08546003014715652,-0.16219298245614036
lomerizine,0.05960856136444208,-0.11833333333333335
lomitapide,0.08158190423092246,-0.15868421052631582
lonafarnib,-0.1121301291223177,0.1300438596491228
lonidamine,0.02087048746401053,0.0
loperamide,0.023522213878010557,0.0
lopinavir,-0.04591674770464206,0.11758771929824559
loratadine,0.10102063320580973,-0.17991228070175438
lorazepam,-0.0001869412649815036,0.0
lorcaserin,0.08130088359158757,-0.16013157894736843
lorglumide,-0.01785986071265248,0.0
losartan,0.011079089070122696,-0.07662280701754387
losmapimod,-0.05457271374445904,0.09228070175438596
loxoprofen,0.007791411229568338,0.0
lucitanib,-0.09876331189055573,0.13776315789473687
luliconazole,0.10298106266053948,-0.171578947368421
lumacaftor,0.019925290528024768,0.0
lupanine,-0.09777568634386492,0.15482456140350878
lurasidone,-0.07285111992777824,0.20701754385964907
luteolin,0.06551010655478089,0.0
mCPP,0.05833191002171145,-0.10486842105263157
macitentan,-0.11040021925154303,0.1815789473684211
malotilate,-0.104591865430399,0.19697368421052625
mannitol-D,0.04825817022428363,-0.13144736842105262
manumycin-a,0.07576947481369609,-0.1106140350877193
maprotiline,-0.06494830429778246,0.08429824561403507
maraviroc,-0.03738661692454588,0.0
maribavir,0.05150928981936852,-0.10714912280701752
marimastat,0.08542145050647348,-0.13885964912280702
masitinib,0.06207253438858517,-0.13864035087719295
masoprocol,-0.05716125621880473,0.15587719298245617
maxacalcitol,-0.056211534172454294,0.12780701754385967
mazindol,0.06302697246043461,-0.131359649122807
mebendazole,-0.018229318939258284,0.08785087719298246
mecamylamine,-0.03299896078318933,0.10793859649122806
meclizine,-0.07382764206786216,0.12736842105263152
meclofenamic-acid,-0.08439896204111892,0.14254385964912278
medetomidine,0.07574096446981994,-0.14675438596491225
medroxyprogesterone-acetate,-0.05412494966327896,0.09912280701754386
medrysone,0.0464822009711334,-0.09074561403508771
mefloquine,-0.02965611284256793,0.12403508771929822
meglitinide,-0.05911280559242462,0.15947368421052632
meisoindigo,-0.05917330572556661,0.0944298245614035
melatonin,-0.0015511541129231787,0.0
meloxicam,-0.08627063975061833,0.17337719298245613
melperone,-0.02293427598267559,0.09258771929824561
menadione,0.08309484945478224,-0.09004385964912281
mepacrine,-0.0540531850018366,0.12828947368421056
mepazine,-0.025219152745326483,-0.06219298245614034
mephentermine,-0.009714314923833239,0.09157894736842104
mepivacaine,-0.07438662143619665,0.18456140350877193
meptazinol,-0.021140016645708977,0.082719298245614
mepyramine,0.017941553826107053,-0.08570175438596492
merbarone,0.07202751991274765,-0.1558333333333333
mercaptopurine,-0.06608213864000094,0.07337719298245615
mericitabine,0.06599838473161093,-0.13271929824561401
merimepodib,0.008496049355254592,0.05184210526315791
mestinon,0.010969334217411312,-0.10552631578947369
mestranol,0.016564349881848104,-0.10157894736842107
mesulergine,-0.03311597994075194,0.0950877192982456
metamizole,0.06499114246934475,-0.13517543859649125
metatinib,-0.10099769345436499,0.15355263157894736
metenkephalin,0.05772531929564797,-0.1031578947368421
metergoline,0.08533820657965162,-0.16942982456140354
metformin,-0.06229809939972116,0.1704824561403509
methazolamide,-0.009146901618017695,0.0
methimazole,0.022327505628917898,0.0
methiopril,0.05964369612637222,-0.13776315789473687
methocarbamol,-0.08749498720785523,0.15609649122807012
methoxsalen,0.02297638844426892,-0.11328947368421055
methyldopa,0.05059515617984493,-0.12385964912280703
methylnaltrexone,0.03944850182886408,0.0
methylprednisolone,-0.026913657683073123,0.11478070175438598
methylstat,-0.0909137057262391,0.16122807017543864
metixene,0.033740541478624944,0.0
metoclopramide,0.03534186712188422,-0.1275438596491228
metolazone,0.08268762500097321,-0.14100877192982453
metoprolol,-0.03776766687574192,0.16885964912280704
metronidazole,-0.04290193723573563,0.13666666666666666
mianserin,0.025283989381079962,-0.12596491228070178
mibampator,-0.09039260513366848,0.12
mibefradil,0.112045088647029,-0.13517543859649128
miconazole,0.042867968934417196,-0.08960526315789472
midodrine,-0.05396046146914774,0.1281140350877193
midostaurin,-0.08148329397574788,0.11263157894736847
mifobate,0.03525100031190829,-0.10846491228070176
miglitol,0.035922820141251345,-0.12653508771929828
miglustat,-0.019045189028005716,0.0
milacemide,0.018903360800341544,-0.12096491228070178
milnacipran,0.02164236303923651,0.0
milrinone,0.05079804044079086,-0.059342105263157946
miltefosine,0.06819165465737953,-0.12320175438596495
minaprine,0.03698762118054753,0.0
minoxidil,0.06875012176817116,-0.15877192982456143
mirodenafil,0.06953013387949669,-0.11241228070175435
mirtazapine,0.07216208115319295,-0.1484649122807018
mitiglinide,0.07623497826512388,-0.1524122807017544
mitomycin-c,-0.035221501596783576,0.0
mitoxantrone,-0.07201651377888543,0.1068859649122807
mizolastine,-0.03296312112181849,0.0
mocetinostat,-0.10539169910906217,0.0
moclobemide,0.08464443461795228,-0.16486842105263158
molindone,-0.04098787442648452,0.08504385964912281
molsidomine,-0.05535516811190402,0.14723684210526317
moracizine,-0.021424433512812854,0.0
motesanib,0.07538888602254293,-0.14122807017543862
moxidectin,-0.004102688369199442,-0.0748245614035088
moxifloxacin,-0.009242586487463853,-0.08960526315789474
moxisylyte,0.045393612439060496,-0.10004385964912277
moxonidine,0.035250433186560765,-0.12157894736842104
mozavaptan,-0.04565224851645932,0.13368421052631577
mubritinib,-0.10812957549991131,0.16802631578947363
mycophenolate-mofetil,-0.12489733428052033,0.18956140350877193
mycophenolic-acid,-0.07384310586628721,0.0
nafamostat,0.06060369249940019,-0.0882017543859649
naftidrofuryl,-0.11041834611753928,0.1857017543859649
naftifine,-0.06768641923481682,0.13942982456140351
naftopidil,-0.05215959118632802,0.11855263157894735
nalbuphine,-0.05984138274349542,0.18131578947368418
nandrolone,0.028713029966322755,0.0
naphazoline,0.08821455842330317,-0.09780701754385968
naproxen,-0.012739535401699704,0.0
naringenin,-0.05486333004542476,0.12000000000000002
narlaprevir,0.09100143558289901,-0.14144736842105263
nateglinide,-0.08358540875643306,0.1657456140350877
navitoclax,-0.0681948840108034,0.1291666666666667
nebivolol,0.04162075090928359,-0.1437719298245614
nefazodone,-0.07407012902809379,0.15552631578947365
nefiracetam,0.02016056005269198,-0.11763157894736843
nefopam,0.008203829895627528,0.0
nelarabine,-0.048311353470837745,0.11706140350877192
nemonapride,-0.03739417138471253,0.16087719298245617
neostigmine,-0.11325028514182868,0.19688596491228066
nepafenac,-0.019902445149347508,0.08364035087719301
neratinib,-0.026439776513297587,0.12289473684210522
nesbuvir,-0.08680641557932366,0.16815789473684212
netupitant,-0.03865509836590758,0.08228070175438595
nevirapine,0.0027147214479234204,0.0
niacin,0.0021853471864460524,0.0
nicaraven,-0.015508512109294893,0.08197368421052628
nicardipine,0.00015055630478572838,0.0
nicergoline,0.08487526880559346,-0.16184210526315787
niclosamide,0.020618460991578734,0.0
nicotinamide,0.05997671394163112,-0.15109649122807017
nicotine,0.008501580540176037,0.0
niguldipine,0.038378456788969784,-0.098640350877193
nikethamide,0.00944305381025451,0.0
nilotinib,0.0028109629274225994,-0.05394736842105263
nimesulide,-0.05970291742772929,0.13947368421052636
nimodipine,-0.016586712968607392,0.0
nintedanib,-0.04939688552717959,0.11513157894736836
nisoxetine,-0.007039106389283223,-0.06964912280701757
nitrendipine,-0.012580847248531934,0.0
nizofenone,-0.0760935458611335,0.13096491228070178
norethindrone,0.05846948552954785,0.0
norethisterone,0.05864333953369092,-0.11017543859649126
norfloxacin,0.006589724657554591,0.0
norgestrel,-0.0492478668766507,0.10096491228070179
nortriptyline,0.00734958665377282,-0.14824561403508774
noscapine,0.04038401486103475,-0.12100877192982454
novobiocin,-0.09653000758343613,0.1565350877192982
nutlin-3,-0.0912683410712576,0.14421052631578943
odanacatib,-0.008977446267655129,0.06039473684210531
ofloxacin,-0.06518235397051739,0.10890350877192981
oglemilast,-0.08909167689682645,0.16267543859649122
okadaic acid,0.03858569309358211,0.12381578947368418
olanzapine,-0.12963841314154265,0.19324561403508775
olaparib,-0.04283211004358979,0.0
olmesartan-medoxomil,-0.001568047403808089,0.0
olprinone,0.05332160390174874,-0.14557017543859646
omecamtiv-mecarbil,-0.13165044010175253,0.1418859649122807
omeprazole,0.007384195842259995,0.0
ondansetron,0.05881488817571024,-0.1349122807017544
oprozomib,-0.003754565762399645,0.11956140350877195
orantinib,-0.023944900194297424,0.09504385964912282
orlistat,0.0900623966705935,-0.1255701754385965
ornidazole,-0.13103052646441068,0.18820175438596493
orphenadrine,0.05969198711499725,-0.09236842105263157
orteronel,-0.07179610036176683,0.15789473684210523
oseltamivir-carboxylate,-0.06503276896825569,0.10241228070175437
osimertinib,-0.07113554073447903,0.10688596491228064
ostarine,-0.034778511421062794,-0.08359649122807022
otamixaban,0.07454650167409785,-0.15092105263157898
otilonium,0.060986829402222394,-0.13464912280701755
oxandrolone,-0.08873510944427347,0.21254385964912284
oxaprozin,-0.0577356588945753,0.08741228070175439
oxatomide,-0.02709946253933923,0.09969298245614033
oxfendazole,-0.05412116851434033,0.14065789473684215
oxiconazole,-0.042945540850858284,0.13280701754385968
oxiperomide,0.0530771723299266,-0.07614035087719301
oxybenzone,0.0372326392205924,0.0
oxybuprocaine,-0.025596100137592795,0.11043859649122809
oxybutynin,-0.003267716075566454,0.06868421052631574
oxymetazoline,0.06892577383085527,-0.12635964912280706
oxypurinol,0.022346538008771847,-0.07728070175438595
ozagrel,-0.07844027788662959,0.1517543859649123
paclitaxel,-0.041539497428483764,0.11521929824561403
palbociclib,-0.0512853765617764,0.0
palmitoylethanolamide,-0.059180925760014116,0.15342105263157899
palomid-529,-0.015771788693251052,0.09276315789473685
palonosetron,0.02954112902409348,0.0
palovarotene,0.07392628925225024,-0.12508771929824564
pantoprazole,0.07778173644807489,-0.13864035087719295
papaverine,-0.06435428324821889,0.14644736842105263
paracetamol,-0.05453185200640366,0.0
paricalcitol,-0.03071847501117107,0.0
paroxetine,0.07145909056875815,-0.12793859649122807
pasireotide,-0.035389498954319934,0.11986842105263151
pazopanib,0.10773827662010421,0.0
pazufloxacin,0.004400091861483538,-0.06736842105263158
pelitinib,0.038224445385150164,0.0
pemirolast,0.046556325964123464,-0.10412280701754384
penciclovir,0.03270283730442466,-0.09763157894736844
penfluridol,-0.03157325145666839,0.10206140350877192
penicillin-v-potassium,-0.1137480205126011,0.2200438596491228
penitrem-a,-0.04910009043189331,0.1170175438596491
pentamidine,0.06828215988016047,-0.12162280701754391
pentobarbital,0.0035711383845920784,0.14311403508771933
pentoxifylline,0.04220079991564549,-0.128859649122807
perampanel,0.0046477236356686335,0.14179824561403506
perhexiline,0.085906413683181,-0.15771929824561406
perindopril,-0.05534627676597239,0.09622807017543858
pevonedistat,-0.04627634250877876,0.11947368421052634
phenazone,0.0742552762819555,-0.14741228070175438
phenformin,-0.08113884153777726,0.12789473684210526
phenprocoumon,-0.00405624249622796,0.0
phensuximide,-0.014983562993908107,0.0
phentermine,0.010625624111133485,-0.12837719298245615
phentolamine,0.05310478288873647,-0.1075877192982456
phenylacetylglutamine,0.0579831101622153,-0.10122807017543865
phenylbutazone,0.009997241650545236,-0.06434210526315792
phenylbutyrate,-0.06950699538511344,0.15692982456140356
phenylephrine,-0.06981716222303805,0.11640350877192981
phenytoin,-0.07698204200199267,0.15763157894736846
phorbol-myristate-acetate,-0.07300751347512767,0.09526315789473688
physostigmine,-0.09242576533580232,0.14767543859649124
pibenzimol,0.02640781173355657,0.0
piclamilast,0.04076928167734527,-0.056666666666666664
picolinic-acid,0.08927292140920612,-0.13684210526315793
picotamide,0.014871448826639969,0.07162280701754384
pidotimod,0.05162822775386551,-0.12978070175438594
piketoprofen,0.013060402965753686,0.0
pilaralisib,-0.02888765458138238,0.10184210526315796
pilocarpine,-0.07348437369738076,0.1573684210526316
pimavanserin,-0.02173957706145823,0.09824561403508773
pimecrolimus,-0.06973357848114844,0.12508771929824564
pimobendan,0.02874742779830735,-0.05649122807017545
pimozide,0.020873330106248093,0.09342105263157893
pinacidil,-0.1131677272635631,0.18776315789473683
pinaverium,-0.053105737516022974,0.16109649122807013
pindolol,-0.10357386092649215,0.17307017543859646
pinitol,0.0016336110229437867,-0.0820175438596491
pioglitazone,0.06961123289953183,-0.11710526315789475
piperidolate,-0.09531537590356128,0.18043859649122804
piracetam,0.030844892568057947,-0.1078508771929825
pirenoxine,0.006793027121980175,0.0
pirenzepine,0.013591589174215789,0.0
piretanide,0.07582752096832472,-0.0968859649122807
pirfenidone,0.01934733366196767,-0.10785087719298249
piribedil,-0.01705714428597092,0.0
piroxicam,0.018923557503705415,-0.10035087719298247
pitavastatin,-0.04780235706544238,0.13460526315789473
podophyllotoxin,-0.08641058049159883,0.14381578947368423
pomalidomide,0.059659612245737126,-0.15416666666666662
ponatinib,-0.07307223649635944,0.12364035087719297
potassium-canrenoate,0.0905036194835168,-0.16460526315789473
pralatrexate,-0.048058705554674216,0.0
pramipexole,0.043039532521725654,-0.10315789473684209
pranlukast,-0.02362771601794713,0.0
pravastatin,-0.012104074755624764,0.09605263157894733
praziquantel,-0.05369146735232663,0.0
prazosin,-0.011065786171869183,0.09298245614035083
prednisone,-0.09108817281225264,0.17280701754385963
pregnenolone,0.03168709442298719,0.0
preladenant,0.0415616987843114,-0.08903508771929824
primaquine,-0.07438029962942477,0.16627192982456138
primidone,-0.025332388863855058,0.0
pritelivir,-0.04179255931191978,0.14201754385964918
probenecid,-0.011769585790819392,-0.08456140350877195
probucol,0.07788497194890262,-0.1529385964912281
procainamide,0.08445200391517936,-0.16767543859649123
procaine,-0.0376181599033162,0.1109649122807018
prochlorperazine,-0.0856895870030851,0.1457456140350877
progesterone,-0.014973655485095947,0.0
proglumide,-0.07722915124273018,0.16368421052631574
proguanil,-0.05639218731981724,0.11302631578947367
propafenone,-0.10226029541156816,0.1289473684210527
propentofylline,-0.0487145602802012,0.0795175438596491
propranolol,0.031426568980534586,-0.12214912280701751
propylthiouracil,0.00125262497641886,0.0
protirelin,-0.01275329299158378,0.0
protriptyline,-0.03499165595445945,0.11728070175438593
pterostilbene,-0.010929041207524592,0.07578947368421052
pyrazinamide,0.0886317585483968,-0.10407894736842105
pyrazinoylguanidine,-0.0949991122373222,0.14662280701754393
pyrazolanthrone,0.01847233380462206,0.0
pyrimethamine,-0.01733594963234741,0.0
quercetin,-0.09180852317500558,0.14399122807017542
quetiapine,-0.10560857097553428,0.17149122807017542
quiflapon,0.0639442413679257,-0.12228070175438595
quinapril,0.12197823361047448,-0.17986842105263157
quinidine,0.007534797902636915,0.0
quinine,-0.09318554035857023,0.18513157894736845
quizartinib,-0.08049235088246828,0.15039473684210528
r(-)-apomorphine,0.10747121621411981,-0.14127192982456144
rabeprazole,0.09381042833871814,-0.1872807017543859
racecadotril,-0.04454448423463633,0.13039473684210526
raclopride,-0.010682630562131926,0.0
radezolid,-0.1044587560436204,0.17070175438596485
radicicol,0.019430902961457962,0.0
raloxifene,0.043418940040720146,-0.09206140350877196
raltegravir,-0.04905305193390232,0.07925438596491224
ramatroban,0.0247700481149464,-0.10557017543859651
ramelteon,-0.04825482359107073,0.09644736842105261
ramipril,-0.02419967719162031,0.0
ranitidine,0.09614630493330116,-0.14381578947368423
ranolazine,0.020860598002609435,0.0
rasagiline,0.025245855723810218,0.0
rebamipide,-0.047461816563069636,0.1207894736842105
rebastinib,-0.16599006240265218,0.1545614035087719
reboxetine,-0.005982848687870555,0.0
refametinib,-0.10749647734324598,0.14342105263157895
regadenoson,-0.02013148074114025,0.09521929824561404
regorafenib,0.015510293690747814,-0.07859649122807016
relcovaptan,-0.04241657134557119,0.10521929824561399
repaglinide,0.08923695552350591,-0.16798245614035087
reparixin,0.03912167447273268,-0.08978070175438593
resatorvid,-0.06889405472068968,0.14719298245614038
reserpine,-0.06253843361641469,0.14
resiquimod,-0.034618602427648804,0.11074561403508776
resminostat,-0.04443660490509476,0.0
resorcinol,0.012386276482740785,-0.07627192982456141
resveratrol,0.05220937154986897,-0.12149122807017547
retapamulin,0.028257531012969843,-0.11701754385964913
retigabine,-0.06273333742342026,0.1095175438596491
ribavirin,-0.004387847403604259,0.0
rifabutin,-0.0033232402519236454,0.0
rifaximin,0.0011896634288501781,0.09035087719298243
rigosertib,-0.09248762216909465,0.1524122807017544
rilmenidine,-0.02299399496769088,0.0
rilpivirine,0.038931130453764666,-0.0875877192982456
riluzole,-0.043686483574412745,0.14429824561403506
rimantadine,0.06852341771044185,-0.14912280701754388
rimcazole,-0.03706539477791878,0.11864035087719296
rimexolone,0.04169681859476228,0.0
rimonabant,0.09104180270586434,-0.08850877192982452
riociguat,0.08951634243007552,-0.15008771929824566
ripasudil,-0.053838439151189826,0.11938596491228068
risperidone,-0.08079701926492767,0.14250000000000002
ritodrine,0.01643560179327101,0.0
ritonavir,0.11540474018445258,-0.218640350877193
rivaroxaban,-0.01671433132833364,0.07912280701754382
rizatriptan,-0.017832169734000026,0.06421052631578947
rociletinib,-0.007985493579002747,0.0
rocuronium,0.0726094302077274,-0.14197368421052636
roflumilast,0.034168848792762975,0.06092105263157896
rolipram,-0.0081622314208769,-0.06947368421052635
romidepsin,0.012780180791017516,0.0
rondual-kinase-inhibitor,0.0033822396385133164,-0.10811403508771933
ropinirole,-0.1170413909912811,0.1712719298245614
roquinimex,-0.08942877385270459,0.1456140350877193
roscovitine,0.009939220855097861,0.0
rosiglitazone,-0.010797579309147765,0.0
rosuvastatin,0.09755988699504423,-0.14912280701754388
rotigotine,-0.0409073247316367,0.11249999999999999
rottlerin,0.061605167027689714,-0.08644736842105263
rotundine,-0.05937367189173516,0.0
roxithromycin,-0.07114256611936116,0.14596491228070177
rucaparib,-0.11779570080897295,0.1717543859649123
rucinol,0.1059270981927883,-0.18412280701754388
rufinamide,-0.0295990662789221,0.12407894736842101
rupatadine,-0.10607432137744095,0.17078947368421052
rutin,0.00042491023783194226,0.0
ruxolitinib,0.009440551100286057,0.0
sacubitril,0.04654385321821684,-0.10719298245614035
safinamide,-0.06668948712559564,0.12929824561403513
safingol,-0.0525930950488377,0.0
salermide,0.01393091540799612,0.0
salirasib,-0.016463028734753374,0.10881578947368425
salvinorin-a,-0.01763246980964388,0.0
saquinavir,0.08106020064205358,-0.1392543859649123
saracatinib,0.1077315992696089,-0.1276754385964912
sarcosine,-0.035779749659617985,0.09100877192982457
sarsagenin,-0.0655832346744542,0.16381578947368425
sasapyrine,-0.02224399540225089,0.09706140350877193
saxagliptin,-0.0608807918236993,0.15478070175438594
sch 900776,0.0211574174679112,0.0
scopolamine,-0.047287051952192016,0.13100877192982452
secnidazole,0.08986054684616057,-0.14526315789473682
selamectin,0.014400371825162957,0.0
selegiline,0.08186572477075958,-0.14258771929824562
selinexor,-0.09996916524065229,0.15070175438596495
selumetinib,-0.05700304938012493,0.0
semagacestat,0.024427122157029062,0.0
semaxanib,0.05789077268552735,-0.09732456140350873
senicapoc,0.04474824992846415,-0.06793859649122808
seocalcitol,-0.028639364508418468,0.0
serdemetan,-0.03297862003848701,0.0
sertaconazole,0.04049252104800575,-0.14026315789473687
sertindole,0.013370102663659962,0.0
sertraline,-0.012146180101864952,0.06723684210526314
setiptiline,-0.08144396506520617,0.1404385964912281
siguazodan,-0.08040648032110101,0.1835087719298245
sildenafil,-0.02810758469233625,0.1175877192982456
simeprevir,0.09134188757259558,-0.09495614035087724
simvastatin,0.0011733272252745953,0.0
siramesine,0.07394842768148775,-0.10478070175438597
sirolimus,-0.14242379607803604,0.15666666666666665
sitagliptin,-0.03234517901076823,0.05166666666666669
smer-3,0.055421929932850805,-0.08526315789473685
sobetirome,0.003457919920142252,0.0
sodium-gualenate,-0.09107953529133984,0.16333333333333333
sodium-tanshinone-ii-a-sulfonate,0.08565157625864021,-0.15666666666666665
sofalcone,0.1439259264128701,-0.20078947368421052
solifenacin-succinate,-0.005285446825335298,0.06267543859649119
sorafenib,-0.0523482501438192,0.0
sorbinil,-0.026696561541484837,0.0
sotalol,0.0014096979027024019,0.0
sotrastaurin,0.0074557896207767356,-0.1307894736842105
sparfloxacin,-0.09531877073219339,0.16842105263157897
spironolactone,-0.10090868638708532,0.1720175438596491
staurosporine,-0.06138889663105749,0.0
stavudine,0.0009457670947586043,-0.08429824561403515
sufentanil,0.01510211773409295,0.0
sulbactam,0.006122857295521725,-0.08070175438596491
sulbutiamine,0.0227771795875591,-0.061140350877192995
sulfadoxine,-0.0559313459146235,0.08583333333333332
sulfafurazole,-0.018701186254520597,0.10214912280701752
sulfasalazine,0.08764334111395342,-0.12482456140350875
sulforaphane,0.019555875660532636,0.0
sulmazole,-0.005002749836313388,0.052324561403508746
sulpiride,-0.09600556652408558,0.14785087719298243
sumatriptan,-0.086385855969132,0.14114035087719298
sunitinib,0.08777503584466351,-0.15403508771929822
suprofen,0.08519504525855724,-0.11228070175438598
suvorexant,0.02535337642257531,-0.09995614035087713
swainsonine,0.020136294002261128,-0.0632894736842105
tacalcitol,-0.035377677879171815,0.10609649122807019
tacedinaline,-0.05448109554564831,0.0
tacrine,-0.005705745031222357,0.0
tacrolimus,-0.025391440817042716,0.0
tadalafil,-0.04362228329092923,0.0
tafamidis-meglumine,0.07713388209053648,-0.10232456140350873
tagatose,-0.053952927010954964,0.1535964912280702
taladegib,-0.05404690837978849,0.0912280701754386
talazoparib,-0.047395185251309466,0.08171052631578948
talinolol,-0.006714211773101781,-0.09486842105263159
talmapimod,-0.026701113484411964,-0.06144736842105264
talnetant,-0.07322062906710156,0.17785087719298245
taltirelin,-0.057056524206541955,0.12157894736842104
tamibarotene,-0.09085725299353614,0.20315789473684212
tamoxifen,-0.012960637622992717,0.0
tamsulosin,0.05650369970052293,-0.11653508771929828
tanaproget,0.0019501076173689602,0.06675438596491229
tandutinib,-0.02244758439239031,0.0
tanespimycin,-0.0672936993034953,0.15315789473684216
taranabant,-0.06372105059805047,0.13710526315789476
targinine,-0.03140011550892582,0.09526315789473683
taselisib,-0.10619574175541704,0.175
tasisulam,-0.027723446215266574,0.07793859649122808
tasquinimod,0.05212659286535832,-0.10464912280701755
tazarotene,0.041684182040164545,-0.09456140350877185
tazobactam,0.01111632735508204,0.0
tebipenem,-0.02953690308805407,0.0
tecastemizole,-0.0213286076591992,-0.06741228070175438
tedizolid,-0.01947269998375544,0.0
tegobuvir,0.09096094609733871,-0.1245614035087719
telatinib,-0.01382752334999864,0.0693421052631579
telbivudine,-0.04488268535053499,0.12539473684210525
telcagepant,0.015504982951282697,-0.11899122807017543
telmesteine,0.05548741853838344,-0.09451754385964913
telmisartan,0.08359546420466522,-0.15254385964912281
telotristat,-0.03732032969964576,0.07377192982456138
temazepam,-0.056602572864619706,0.0
temoporfin,-0.013715889309667639,0.11469298245614035
temozolomide,0.02552714802982129,-0.0824122807017544
temsirolimus,-0.16773708632009549,0.19381578947368425
teneligliptin,0.01625003134175378,-0.09350877192982454
tenidap,-0.09705620506869142,0.17508771929824563
terbinafine,0.05796988469441933,0.0
teriflunomide,-0.0065710857156165,0.0
teroxirone,-0.010884423052689714,0.05105263157894738
tesaglitazar,-0.008913993353877235,0.12824561403508772
testosterone,0.0946840243957751,-0.09289473684210525
tetrabenazine,-0.0036679467694555774,0.0
tetracaine,0.0537443705167939,-0.12609649122807015
tetradecylthioacetic-acid,-0.00020984400341223915,0.0
tetrahydrouridine,-0.10073097082130682,0.17776315789473682
tetrindole,0.0920646503617016,-0.16969298245614034
thalidomide,-0.09798141286291338,0.19149122807017546
theobromine,-0.050759789996891326,0.11271929824561405
theophylline,-0.08202933362839931,0.14127192982456138
thiocolchicoside,-0.023242298096570056,0.06438596491228074
thioctic-acid,-0.0203476914475653,0.0
thioguanine,0.015443028756059223,0.09004385964912284
thiomersal,-0.061178523422732674,0.16403508771929826
thioridazine,-0.048637676900425,0.11500000000000002
thiothixene,0.015928840767529664,-0.10285087719298244
tiabendazole,-0.026596161836401472,0.115
tiagabine,0.02642640434266632,-0.09521929824561404
tiapride,-0.0533034360014162,0.0
tibolone,0.0729254226691762,-0.13289473684210526
ticagrelor,-0.08245825454502595,0.17592105263157898
ticlopidine,0.05658646052006116,-0.10627192982456135
tie2-kinase-inhibitor,0.06563539502395666,-0.10921052631578948
tiludronate,0.05841473926917232,-0.07815789473684207
timofibrate,0.06377103236759435,-0.12232456140350875
timolol,-0.10971472004873324,0.1463157894736842
timonacic,-0.08131824156444019,0.1267982456140351
tioconazole,-0.07801619886653202,0.10741228070175438
tioguanine,0.03531083598011551,0.05828947368421056
tipifarnib-P2,-0.0951276003770561,0.14877192982456136
tipiracil,-0.10544840864629952,0.17706140350877192
tipranavir,0.02257401860316251,0.0
tirapazamine,-0.03871536227035309,0.0
tirasemtiv,0.00031991743443812395,0.0
tirofiban,0.03363142321700307,-0.04710526315789476
tivantinib,-0.05228065706171218,0.1131578947368421
tivozanib,0.013681067443780767,-0.08864035087719302
tizanidine,-0.05907518443900756,0.10745614035087717
tobramycin,0.0053608411104749945,-0.09530701754385962
tofacitinib,-0.0696330622347718,0.13653508771929823
tolazamide,0.032241013090618824,-0.08298245614035087
tolbutamide,-0.06498409031850312,0.13324561403508772
tolcapone,0.03339885021448173,0.0
tolfenamic-acid,0.03249274710915444,-0.1302631578947368
tolimidone,-0.016393571338808813,0.0
tolnaftate,-0.0868203244228383,0.14916666666666667
tolperisone,-0.03926701308829151,0.1323245614035088
tolvaptan,-0.05470287172284093,0.1606578947368421
tomelukast,-0.023573946715893315,0.0
tonabersat,0.09631583384880996,-0.13258771929824562
topiramate,0.03419395379106521,-0.12241228070175436
topiroxostat,0.06538096994227455,-0.10719298245614028
torasemide,-0.08900969890216925,0.14429824561403506
torcetrapib,-0.09344245263056024,0.1737280701754386
torcitabine,-0.052211344731787214,0.11381578947368422
toremifene,0.0661152288154863,-0.13570175438596493
torin-1,-0.11931206548073715,0.18741228070175436
torin-2,-0.05977368394273956,0.18486842105263152
tosedostat,0.04634577901658877,-0.09934210526315787
tozasertib,-0.051409336349671625,0.10557017543859648
tracazolate,0.004310156776435474,0.08644736842105263
tramadol,-0.09362925497180744,0.12714912280701754
trametinib,-0.06553436304582402,0.12197368421052637
tramiprosate,0.057564605565342084,-0.10478070175438595
tranilast,-0.026611844740191726,0.0
tranylcypromine,0.06728415079380784,-0.13627192982456143
trapidil,-0.04446524452246888,0.0
travoprost,-0.07215409872295572,0.09785087719298247
trazodone,0.09626585790159482,-0.16991228070175435
trehalose,-0.045805784935593896,0.15096491228070175
tretinoin,-0.07812567761164618,0.14030701754385966
triamcinolone,-0.09526464978018676,0.14232456140350874
triamcinolone-acetonide,-0.005637667467984385,0.08048245614035093
triamterene,-0.041873945572609095,0.0
trichostatin-a,0.018424374244634584,-0.12320175438596492
triclabendazole,0.05145044938593571,-0.09885964912280704
triclosan,-0.08708291991603126,0.13385964912280704
trientine,0.0058547913331171595,0.0
trifluoperazine,0.055826920894722985,-0.11403508771929825
triflupromazine,-0.007355560440751019,0.0778947368421053
trifluridine,-0.10594470707889019,0.0
trilostane,0.01956067843025582,0.0
trimebutine,-0.1014630666709877,0.19399122807017544
trimetazidine,-0.04320252561973115,0.0
trimethobenzamide,0.05763454716889896,-0.13210526315789475
trimethoprim,0.002093607226335921,0.09732456140350881
trimipramine,-0.0627928529769619,0.13478070175438595
triptolide,-0.06875586782471767,0.09407894736842104
triptorelin,0.016670662005280286,-0.08456140350877198
troglitazone,0.04909608861180538,-0.07855263157894737
trovafloxacin,-0.061022334405014284,0.17092105263157892
tyrphostin-1,-0.011692433671712844,-0.07438596491228067
tyrphostin-AG-112,-0.013411750949878906,0.0
tyrphostin-AG-1478,-0.11089960478352939,0.11285087719298248
ubenimex,0.09316802725539403,-0.12263157894736845
ulipristal,0.09398302089036135,-0.0979385964912281
umeclidinium,0.004758357910339323,0.0
unc-0646,0.07552162207408537,-0.10035087719298244
urapidil,0.01554506561821944,0.0
urea,0.07251250342144977,-0.16964912280701755
ursodeoxycholyltaurine,-0.053568066644483964,0.1035526315789474
ursodiol,-0.06320566048837392,0.14271929824561397
ursolic-acid,-0.004145727554173532,0.06508771929824564
valdecoxib,0.004442218016238152,0.0
valproic-acid,0.07336787551480735,-0.16907894736842108
valrubicin,-0.053411048172916295,0.09232456140350881
valsartan,-0.07943186993572603,0.17118421052631583
vandetanib,-0.04066003980487469,0.09065789473684216
vanoxerine,0.07825391320718551,-0.12368421052631584
vardenafil,0.06888005885958667,-0.13552631578947366
varenicline,0.05896360520793325,-0.1428070175438596
varespladib,0.1007599874920525,-0.1402631578947368
veliparib,0.02566598076103058,-0.08776315789473682
vemurafenib,0.020944710898448585,0.0
venetoclax,-0.029243622372580557,0.1110964912280702
venlafaxine,0.03272318652893058,-0.12228070175438596
verapamil,0.027246272310087614,-0.07925438596491227
vernakalant,0.011528113587668075,-0.07723684210526319
verteporfin,0.02722540571519991,0.0
vicriviroc,-0.10865270996678891,0.1819298245614035
vidarabine,0.02870166534510267,-0.09614035087719296
vilazodone,0.04425515604437401,-0.11745614035087719
vinburnine,0.06383138697094752,-0.1372368421052632
vincamine,-0.05864253674580914,0.12298245614035092
vinpocetine,0.052779129426054935,-0.11894736842105262
vismodegib,-0.030785335008031118,0.0
voglibose,0.07452506580146613,-0.15535087719298246
volasertib,0.04035722115633492,0.0
voreloxin,0.057435342009397886,-0.1420614035087719
voriconazole,0.0559615181559895,-0.1207017543859649
vorinostat,-0.0242104959530529,-0.08021929824561402
vortioxetine,0.11369653811499206,-0.20013157894736844
voxtalisib,-0.11040117600282258,0.19798245614035084
vu0155056,-0.026740063138318903,0.10267543859649125
warfarin,-0.06648699215292925,0.16
withaferin-a,0.013278889000991228,0.0
xaliproden,-0.0757148782240728,0.15337719298245614
yohimbine,0.045687179728688056,-0.11118421052631576
zafirlukast,-0.004856797048748341,0.0
zalcitabine,0.089400494809892,-0.13552631578947372
zaldaride,0.029863273812207197,-0.08135964912280702
zaleplon,-0.07608043272804618,0.15162280701754385
zaprinast,0.07061155907441355,-0.12188596491228074
zardaverine,-0.0321467629095256,0.12635964912280706
zebularine,0.03892411199667763,-0.09482456140350873
zidovudine,-0.01854584997052402,0.0
zileuton,-0.000460396123204032,0.0
ziprasidone,-0.07847624514982172,0.08728070175438599
zofenopril-calcium,-0.013193094237838935,0.0
zolpidem,-0.08263689161934577,0.17732456140350877
zonisamide,-0.0037307017107558516,-0.10706140350877191
zosuquidar,0.08375078850812002,-0.16745614035087716
