drug,baseline_score,baseline_rank
trichostatin-a,-0.17267790262172286,1
sunitinib,-0.16831460674157303,2
CC-930,-0.16121722846441947,3
trametinib,-0.1500374531835206,4
ganetespib,-0.1491385767790262,5
BI-2536,-0.14889513108614233,6
VE-821,-0.14610486891385768,7
AT7867,-0.1440823970037453,8
fluspirilene,-0.14250936329588015,9
STA-5326,-0.14099250936329583,10
afatinib,-0.13494382022471912,11
volasertib,-0.13462546816479404,12
cediranib,-0.13237827715355807,13
R-428,-0.13185393258426964,14
romidepsin,-0.13018726591760296,15
D-4476,-0.12932584269662922,16
PHA-848125,-0.1289887640449438,17
HG-6-64-01,-0.12825842696629214,18
cepharanthine,-0.1260486891385768,19
brexpiprazole,-0.1234456928838952,20
I-BET-762,-0.12338951310861425,21
SNX-2112,-0.12318352059925097,22
I-BET-151,-0.12280898876404489,23
nintedanib,-0.12232209737827714,24
XMD-885,-0.12204119850187266,25
PD-0325901,-0.12153558052434454,26
cobimetinib,-0.12031835205992508,27
KW-2478,-0.11919475655430713,28
tipifarnib-P2,-0.11874531835205993,29
VP-20629,-0.11691011235955055,30
XMD-892,-0.11689138576779029,31
BGT-226,-0.11651685393258426,32
XL-888,-0.11614232209737829,33
WZ-4-145,-0.115936329588015,34
TAK-733,-0.11546816479400748,35
saracatinib,-0.11370786516853931,36
MK-2461,-0.11191011235955062,37
alvespimycin,-0.11102996254681649,38
vandetanib,-0.10985018726591762,39
pimavanserin,-0.1096816479400749,40
AT-13387,-0.10855805243445696,41
tacalcitol,-0.10840823970037455,42
clonidine,-0.10812734082397005,43
AEE-788,-0.10636704119850186,44
dipyridamole,-0.10616104868913856,45
darapladib,-0.10601123595505618,46
dexamethasone,-0.10552434456928839,47
AZD-8330,-0.1047191011235955,48
AZD-7762,-0.10443820224719105,49
AZD-4547,-0.10423220973782771,50
clonazepam,-0.10408239700374533,51
Ro-4987655,-0.10357677902621723,52
SU-11652,-0.10353932584269665,53
avagacestat,-0.10220973782771542,54
SU-014813,-0.10187265917603,55
nalbuphine,-0.10123595505617976,56
KN-62,-0.10106741573033712,57
AVL-292,-0.10082397003745316,58
neratinib,-0.10080524344569286,59
LY-2603618,-0.10009363295880153,60
LY-2874455,-0.09979400749063666,61
paclitaxel,-0.09887640449438206,62
tie2-kinase-inhibitor,-0.09694756554307117,63
GSK-461364,-0.09687265917602994,64
MK-1775,-0.09676029962546817,65
clomethiazole,-0.09672284644194754,66
pitavastatin,-0.0962921348314607,67
S-ruxolitinib,-0.09604868913857673,68
BIBX-1382,-0.09561797752808993,69
GSK-1904529A,-0.09539325842696633,70
WH-4-025,-0.09507490636704122,71
zolpidem,-0.09501872659176028,72
riluzole,-0.09486891385767791,73
torin-2,-0.09445692883895135,74
cabazitaxel,-0.09441947565543073,75
ledipasvir,-0.09400749063670415,76
JQ1-(+),-0.09391385767790263,77
NVP-TAE684,-0.09320224719101128,78
dasatinib,-0.09290262172284645,79
LCQ-908,-0.09260299625468163,80
atorvastatin,-0.09230337078651685,81
taselisib,-0.09192883895131082,82
proglumide,-0.09108614232209741,83
cobicistat,-0.09106741573033714,84
lestaurtinib,-0.09106741573033711,85
RAF-265,-0.09078651685393258,86
osimertinib,-0.09061797752808984,87
meclofenamic-acid,-0.09035580524344569,88
lonafarnib,-0.0900187265917603,89
dolastatin-10,-0.08977528089887638,90
GSK-429286A,-0.08947565543071162,91
NVP-AUY922,-0.08947565543071162,92
baricitinib,-0.08893258426966294,93
tosedostat,-0.08868913857677899,94
rufinamide,-0.08848314606741574,95
fenticonazole,-0.08818352059925093,96
NVP-TAE226,-0.08790262172284644,97
temoporfin,-0.08732209737827712,98
AS-703026,-0.08655430711610493,99
epitiostanol,-0.0864232209737828,100
BIIB-021,-0.08642322097378277,101
PF-04691502,-0.08638576779026216,102
etomidate,-0.08602996254681647,103
canertinib,-0.08593632958801499,104
NVP-BHG712,-0.0853932584269663,105
isofloxythepin,-0.08494382022471908,106
rociletinib,-0.08445692883895131,107
ursodiol,-0.08438202247191007,108
GSK-2126458,-0.08430711610486888,109
fluticasone-propionate,-0.08303370786516856,110
pelitinib,-0.08301498127340826,111
lurasidone,-0.08280898876404494,112
GDC-0941,-0.08277153558052436,113
dovitinib,-0.08247191011235955,114
dacomitinib,-0.08196629213483149,115
MG-132,-0.08172284644194758,116
radicicol,-0.08155430711610487,117
AP-26113,-0.08147940074906367,118
dabrafenib,-0.08147940074906362,119
KU-60019,-0.08106741573033713,120
ticagrelor,-0.08101123595505619,121
selumetinib,-0.08013108614232206,122
toremifene,-0.07947565543071156,123
malotilate,-0.07921348314606744,124
combretastatin-A-4,-0.07887640449438205,125
PF-04136309,-0.07882022471910113,126
YM-201636,-0.07831460674157302,127
BMS-599626,-0.07801498127340822,128
SCH-28080,-0.07792134831460676,129
BMS-707035,-0.07780898876404492,130
metoprolol,-0.07719101123595506,131
calcitriol,-0.07709737827715353,132
IOWH-032,-0.07705992509363294,133
KIN001-055,-0.07705992509363294,134
docetaxel,-0.07700374531835202,135
fomocaine,-0.07691011235955053,136
homochlorcyclizine,-0.07632958801498124,137
siguazodan,-0.07595505617977526,138
macitentan,-0.07580524344569288,139
JW-7-24-1,-0.07580524344569288,140
faropenem,-0.07578651685393259,141
sasapyrine,-0.07576779026217229,142
rosuvastatin,-0.07556179775280898,143
SB-743921,-0.07513108614232211,144
indole-3-carbinol,-0.07503745318352056,145
pioglitazone,-0.07466292134831462,146
tesaglitazar,-0.07428838951310862,147
ixabepilone,-0.07314606741573036,148
"16,16-dimethylprostaglandin-e2",-0.07307116104868916,149
tanespimycin,-0.07305243445692883,150
anamorelin,-0.07267790262172283,151
ercalcitriol,-0.07264044943820223,152
L-NAME,-0.07230337078651686,153
MLN-0128,-0.07224719101123596,154
clomifene,-0.07172284644194754,155
ENMD-2076,-0.07123595505617977,156
MK-8245,-0.07121722846441947,157
albendazole,-0.07106741573033709,158
geldanamycin,-0.07029962546816482,159
pinacidil,-0.07001872659176028,160
bifemelane,-0.0698501872659176,161
dilazep,-0.06956928838951312,162
amineptine,-0.0695318352059925,163
armodafinil,-0.06949438202247192,164
fluocinolone-acetonide,-0.06925093632958802,165
tioconazole,-0.06913857677902624,166
isbufylline,-0.06902621722846441,167
erlotinib,-0.06895131086142325,168
setiptiline,-0.06893258426966294,169
laropiprant,-0.06874531835205994,170
methoxsalen,-0.06823970037453181,171
ST-1859,-0.0681835205992509,172
SU-11274,-0.06812734082397004,173
PF-02545920,-0.06784644194756555,174
lonidamine,-0.06750936329588014,175
pilaralisib,-0.06743445692883893,176
linsidomine,-0.06741573033707865,177
RG-4733,-0.06674157303370785,178
TAK-285,-0.06632958801498126,179
gallopamil,-0.06632958801498123,180
NVP-BEZ235,-0.06614232209737828,181
darifenacin,-0.06602996254681648,182
colchicine,-0.06602996254681645,183
AST-1306,-0.06565543071161051,184
chlorpropamide,-0.0656179775280899,185
mericitabine,-0.06539325842696632,186
sarsagenin,-0.06516853932584268,187
DPI-201106,-0.06501872659176029,188
pravastatin,-0.06488764044943818,189
XMD11-85H,-0.06470037453183522,190
GSK-923295,-0.06443820224719099,191
sofalcone,-0.06363295880149811,192
honokiol,-0.0630898876404494,193
lacidipine,-0.06275280898876405,194
tecastemizole,-0.06239700374531837,195
ornidazole,-0.062322097378277125,196
budipine,-0.06226591760299627,197
UK-383367,-0.06196629213483147,198
PD-184352,-0.06189138576779027,199
amikacin,-0.061779026217228465,200
XMD-1150,-0.06176029962546814,201
bisindolylmaleimide,-0.06166666666666663,202
GSK-690693,-0.061591760299625486,203
podophyllotoxin,-0.06123595505617979,204
tenidap,-0.06121722846441946,205
vicriviroc,-0.06110486891385769,206
r(-)-apomorphine,-0.05992509363295879,207
trehalose,-0.059662921348314635,208
alaproclate,-0.05906367041198503,209
lomerizine,-0.05840823970037454,210
tegobuvir,-0.05788389513108613,211
cabergoline,-0.05779026217228464,212
TG-101348,-0.057715355805243417,213
PKI-179,-0.05647940074906367,214
cilomilast,-0.05576779026217227,215
balaglitazone,-0.05340823970037453,216
valsartan,-0.050393258426966236,217
SR-2640,-0.050112359550561814,218
diclofensine,-0.04657303370786518,219
nepafenac,-0.045880149812734056,220
bitopertin,0.0,221
meisoindigo,0.0,222
busulfan,0.0,223
broxuridine,0.0,224
meglitinide,0.0,225
methylprednisolone,0.0,226
mefloquine,0.0,227
meptazinol,0.0,228
buspirone,0.0,229
merbarone,0.0,230
mephentermine,0.0,231
amitriptyline,0.0,232
amitifadine,0.0,233
mestinon,0.0,234
brequinar,0.0,235
amlexanox,0.0,236
bms-906024,0.0,237
bosutinib,0.0,238
bupivacaine,0.0,239
menadione,0.0,240
metergoline,0.0,241
metatinib,0.0,242
bortezomib,0.0,243
metformin,0.0,244
buparlisib,0.0,245
mepacrine,0.0,246
apocynin,0.0,247
metixene,0.0,248
andarine,0.0,249
atovaquone,0.0,250
nortriptyline,0.0,251
avanafil,0.0,252
naftopidil,0.0,253
azacitidine,0.0,254
naftidrofuryl,0.0,255
mycophenolic-acid,0.0,256
mycophenolate-mofetil,0.0,257
mubritinib,0.0,258
bafilomycin a1,0.0,259
mozavaptan,0.0,260
moxifloxacin,0.0,261
moxidectin,0.0,262
molsidomine,0.0,263
narlaprevir,0.0,264
molindone,0.0,265
navitoclax,0.0,266
anecortave-acetate,0.0,267
nicergoline,0.0,268
netupitant,0.0,269
nesbuvir,0.0,270
niclosamide,0.0,271
argatroban,0.0,272
aphidicolin,0.0,273
apabetalone,0.0,274
aripiprazole,0.0,275
anisodamine,0.0,276
aniracetam,0.0,277
neostigmine,0.0,278
nisoxetine,0.0,279
aspirin,0.0,280
asymmetrical-dimethylarginine,0.0,281
ataluren,0.0,282
nefazodone,0.0,283
mocetinostat,0.0,284
mizolastine,0.0,285
anagrelide,0.0,286
milacemide,0.0,287
midostaurin,0.0,288
okadaic acid,0.0,289
amoxapine,0.0,290
olanzapine,0.0,291
oprozomib,0.0,292
betahistine,0.0,293
orantinib,0.0,294
midodrine,0.0,295
orlistat,0.0,296
mibefradil,0.0,297
bexarotene,0.0,298
metronidazole,0.0,299
bifonazole,0.0,300
binimetinib,0.0,301
milnacipran,0.0,302
amsacrine,0.0,303
milrinone,0.0,304
minaprine,0.0,305
bardoxolone-methyl,0.0,306
anacetrapib,0.0,307
mitoxantrone,0.0,308
batimastat,0.0,309
bavisant,0.0,310
beclomethasone-dipropionate,0.0,311
belinostat,0.0,312
methylstat,0.0,313
mitomycin-c,0.0,314
nutlin-3,0.0,315
bendroflumethiazide,0.0,316
mirtazapine,0.0,317
amuvatinib,0.0,318
ofloxacin,0.0,319
mirodenafil,0.0,320
benzotript,0.0,321
mitiglinide,0.0,322
benzbromarone,0.0,323
10-DEBC,0.0,324
calpain inhibitor ii,0.0,325
dimethyl-fumarate,0.0,326
haloperidol,0.0,327
dinaciclib,0.0,328
halofantrine,0.0,329
diphenylpyraline,0.0,330
gsk126,0.0,331
dofequidar,0.0,332
griseofulvin,0.0,333
dolutegravir,0.0,334
donitriptan,0.0,335
dopamine,0.0,336
golvatinib,0.0,337
glibenclamide,0.0,338
doxazosin,0.0,339
doxepin,0.0,340
ginkgetin,0.0,341
doxofylline,0.0,342
hexachlorophene,0.0,343
diltiazem,0.0,344
dihydroergocristine,0.0,345
diflunisal,0.0,346
indibulin,0.0,347
indacaterol,0.0,348
imipramine,0.0,349
dequalinium,0.0,350
iguratimod,0.0,351
ifosfamide,0.0,352
dexamethasone-acetate,0.0,353
ifenprodil,0.0,354
doxorubicin,0.0,355
idoxuridin,0.0,356
idelalisib,0.0,357
idasanutlin,0.0,358
idalopirdine,0.0,359
diazoxide,0.0,360
ibrutinib,0.0,361
dicloxacillin,0.0,362
dicoumarol,0.0,363
hydrocortisone,0.0,364
dexniguldipine,0.0,365
gimeracil,0.0,366
dronedarone,0.0,367
gestrinone,0.0,368
epothilone-b,0.0,369
fludroxycortide,0.0,370
epz-5676,0.0,371
epz004777,0.0,372
floxuridine,0.0,373
flecainide,0.0,374
fipronil,0.0,375
fingolimod,0.0,376
flumatinib,0.0,377
finasteride,0.0,378
estriol,0.0,379
felbinac,0.0,380
fdcyd,0.0,381
favipiravir,0.0,382
famciclovir,0.0,383
exifone,0.0,384
etravirine,0.0,385
etoposide,0.0,386
filgotinib,0.0,387
indinavir,0.0,388
epirubicin,0.0,389
fluorometholone,0.0,390
genz-644282,0.0,391
dutasteride,0.0,392
ebselen,0.0,393
gemifloxacin,0.0,394
gefitinib,0.0,395
efatutazone,0.0,396
efavirenz,0.0,397
gabapentin,0.0,398
epirizole,0.0,399
elacridar,0.0,400
ellagic-acid,0.0,401
emedastine,0.0,402
fulvestrant,0.0,403
ftorafur,0.0,404
fosfomycin,0.0,405
foretinib,0.0,406
entinostat,0.0,407
fluoxetine,0.0,408
elesclomol,0.0,409
indirubin,0.0,410
defactinib,0.0,411
indoramin,0.0,412
lorglumide,0.0,413
lopinavir,0.0,414
loperamide,0.0,415
lomitapide,0.0,416
lomeguatrib,0.0,417
chlorpromazine,0.0,418
chlorprothixene,0.0,419
lofexidine,0.0,420
losartan,0.0,421
choline-alfoscerate,0.0,422
ciclesonide,0.0,423
licarbazepine,0.0,424
levosimendan,0.0,425
cilostazol,0.0,426
cimetidine,0.0,427
cinaciguat,0.0,428
levomequitazine,0.0,429
cinnarizine,0.0,430
lidocaine,0.0,431
levofloxacin,0.0,432
lucitanib,0.0,433
lupanine,0.0,434
calpeptin,0.0,435
camicinal,0.0,436
camostat-mesilate,0.0,437
camptothecin,0.0,438
medroxyprogesterone-acetate,0.0,439
candesartan,0.0,440
mebendazole,0.0,441
maxacalcitol,0.0,442
luliconazole,0.0,443
carbenoxolone,0.0,444
carfilzomib,0.0,445
carglumic-acid,0.0,446
maraviroc,0.0,447
cariprazine,0.0,448
maprotiline,0.0,449
carvedilol,0.0,450
cefepime,0.0,451
cefoperazone,0.0,452
marimastat,0.0,453
medrysone,0.0,454
levocabastine,0.0,455
cladribine,0.0,456
ketanserin,0.0,457
kakonein,0.0,458
cyproterone-acetate,0.0,459
cytarabine,0.0,460
josamycin,0.0,461
cytochalasin-b,0.0,462
ixazomib,0.0,463
dacinostat,0.0,464
ketoconazole,0.0,465
ivermectin,0.0,466
itraconazole,0.0,467
danegaptide,0.0,468
danusertib,0.0,469
isoconazole,0.0,470
dapivirine,0.0,471
daunorubicin,0.0,472
inositol,0.0,473
inosine,0.0,474
ivacaftor,0.0,475
levetiracetam,0.0,476
cyclizine,0.0,477
labetalol,0.0,478
levalbuterol,0.0,479
lersivirine,0.0,480
climbazole,0.0,481
lenalidomide,0.0,482
clioquinol,0.0,483
clobetasol,0.0,484
clofarabine,0.0,485
clofazimine,0.0,486
cyanocobalamin,0.0,487
clofibric-acid,0.0,488
clomipramine,0.0,489
lapatinib,0.0,490
clozapine,0.0,491
lafutidine,0.0,492
compound e,0.0,493
conivaptan,0.0,494
crizotinib,0.0,495
curcumin,0.0,496
clofoctol,0.0,497
oxatomide,0.0,498
picotamide,0.0,499
varenicline,0.0,500
KW-2449,0.0,501
KX2-391,0.0,502
L-655240,0.0,503
L-690330,0.0,504
triamcinolone,0.0,505
L-citrulline,0.0,506
L-ergothioneine,0.0,507
simeprevir,0.0,508
sildenafil,0.0,509
LGX-818,0.0,510
LXR-623,0.0,511
AZD-7545,0.0,512
LY-215490,0.0,513
LY-2157299,0.0,514
LY-2228820,0.0,515
KU-55933,0.0,516
KN-93,0.0,517
simvastatin,0.0,518
siramesine,0.0,519
JNK-IN-5A,0.0,520
sotrastaurin,0.0,521
JTC-801,0.0,522
JTE-907,0.0,523
warfarin,0.0,524
JWE-035,0.0,525
solifenacin-succinate,0.0,526
LY-2334737,0.0,527
KD-023,0.0,528
AZD-8931,0.0,529
tretinoin,0.0,530
KIN001-127,0.0,531
sodium-gualenate,0.0,532
sobetirome,0.0,533
smer-3,0.0,534
KIN001-266,0.0,535
KD-025,0.0,536
AZD-9668,0.0,537
LY-2784544,0.0,538
sertindole,0.0,539
NSI-189,0.0,540
salirasib,0.0,541
"4,5,6,7-tetrabromobenzotriazole",0.0,542
triflupromazine,0.0,543
salermide,0.0,544
NVP-BGJ398,0.0,545
NVP-DPP728,0.0,546
NXY-059,0.0,547
ruxolitinib,0.0,548
OCO-1112,0.0,549
ORE-1001,0.0,550
rotundine,0.0,551
rottlerin,0.0,552
PA-824,0.0,553
PCA-4248,0.0,554
NSC-4644,0.0,555
NPK76-II-72-1,0.0,556
NMS-1286937,0.0,557
saquinavir,0.0,558
LY-2886721,0.0,559
semagacestat,0.0,560
selinexor,0.0,561
MD-920,0.0,562
secnidazole,0.0,563
MF-101,0.0,564
MGCD-265,0.0,565
sertraline,0.0,566
vardenafil,0.0,567
saxagliptin,0.0,568
MK-0893,0.0,569
MK-2206,0.0,570
trifluoperazine,0.0,571
zafirlukast,0.0,572
MLN-8054,0.0,573
N6022,0.0,574
MK-0752,0.0,575
BAY-87-2243,0.0,576
spironolactone,0.0,577
staurosporine,0.0,578
ACY-1215,0.0,579
CP-945598,0.0,580
tolcapone,0.0,581
tolbutamide,0.0,582
CT-7758,0.0,583
tipiracil,0.0,584
CTS-1027,0.0,585
tioguanine,0.0,586
CYT-997,0.0,587
timonacic,0.0,588
BMS-927711,0.0,589
tramadol,0.0,590
BMS-509744,0.0,591
BMS-387032,0.0,592
E-2012,0.0,593
tolnaftate,0.0,594
CO-102862,0.0,595
AGI-5198,0.0,596
tolvaptan,0.0,597
BVD-523,0.0,598
BS-181,0.0,599
BX-795,0.0,600
tozasertib,0.0,601
CEP-32496,0.0,602
CEP-37440,0.0,603
CG-930,0.0,604
EMD-1214063,0.0,605
CGK-733,0.0,606
CGP-12177,0.0,607
CGP-60474,0.0,608
torcetrapib,0.0,609
BRD-K68548958,0.0,610
CI-966,0.0,611
topiramate,0.0,612
BMY-14802,0.0,613
BRD-K73261812,0.0,614
thioridazine,0.0,615
EPZ-005687,0.0,616
EVP-6124,0.0,617
talnetant,0.0,618
BIX-01338,0.0,619
talazoparib,0.0,620
tacedinaline,0.0,621
HG-14-10-04,0.0,622
travoprost,0.0,623
swainsonine,0.0,624
tanaproget,0.0,625
HMN-214,0.0,626
"ICI-185,282",0.0,627
sulpiride,0.0,628
IKK-2-inhibitor-V,0.0,629
vu0155056,0.0,630
sulfadoxine,0.0,631
sulbactam,0.0,632
JNJ-26481585,0.0,633
trazodone,0.0,634
PCI-24781,0.0,635
tandutinib,0.0,636
taranabant,0.0,637
BMS-299897,0.0,638
thiomersal,0.0,639
vortioxetine,0.0,640
FK-888,0.0,641
thioguanine,0.0,642
tetrabenazine,0.0,643
teneligliptin,0.0,644
GSK-J2,0.0,645
tranilast,0.0,646
GDC-0834,0.0,647
GDC-0980,0.0,648
telcagepant,0.0,649
GSK-1070916,0.0,650
GSK-2110183,0.0,651
tazarotene,0.0,652
GSK-256066,0.0,653
vernakalant,0.0,654
rosiglitazone,0.0,655
PD-153035,0.0,656
roquinimex,0.0,657
zidovudine,0.0,658
YM-155,0.0,659
ARP-101,0.0,660
AR-A014418,0.0,661
pinitol,0.0,662
pindolol,0.0,663
ZK-811752,0.0,664
ursolic-acid,0.0,665
ZK-93426,0.0,666
pimozide,0.0,667
pimecrolimus,0.0,668
abacavir,0.0,669
zileuton,0.0,670
acecainide,0.0,671
phenytoin,0.0,672
ponatinib,0.0,673
Y-26763,0.0,674
XMD-16144,0.0,675
XMD-1499,0.0,676
prochlorperazine,0.0,677
primaquine,0.0,678
VE-822,0.0,679
prednisone,0.0,680
prazosin,0.0,681
AS-605240,0.0,682
VX-661,0.0,683
acetazolamide,0.0,684
pralatrexate,0.0,685
WAY-362450,0.0,686
unc-0646,0.0,687
WZ-3105,0.0,688
WZ-4002,0.0,689
2-methoxyestradiol,0.0,690
ARRY-334543,0.0,691
XL-147,0.0,692
VX-765,0.0,693
phenylephrine,0.0,694
acexamic-acid,0.0,695
phenylbutazone,0.0,696
paricalcitol,0.0,697
almorexant,0.0,698
paracetamol,0.0,699
papaverine,0.0,700
AMG-232,0.0,701
palomid-529,0.0,702
palbociclib,0.0,703
pasireotide,0.0,704
altretamine,0.0,705
alvocidib,0.0,706
ambrisentan,0.0,707
oxiperomide,0.0,708
amcinonide,0.0,709
AMG-208,0.0,710
AM-24,0.0,711
amiloride,0.0,712
alvimopan,0.0,713
UNC-0638,0.0,714
aliskiren,0.0,715
penfluridol,0.0,716
acipimox,0.0,717
acivicin,0.0,718
phenylacetylglutamine,0.0,719
acrivastine,0.0,720
actarit,0.0,721
phenprocoumon,0.0,722
perindopril,0.0,723
alisertib,0.0,724
adarotene,0.0,725
perampanel,0.0,726
pentobarbital,0.0,727
valrubicin,0.0,728
17-hydroxyprogesterone-caproate,0.0,729
penitrem-a,0.0,730
penicillin-v-potassium,0.0,731
verapamil,0.0,732
adatanserin,0.0,733
vorinostat,0.0,734
AKT-inhibitor-1-2,0.0,735
TWS-119,0.0,736
trimebutine,0.0,737
trimethoprim,0.0,738
PSI-6130,0.0,739
rimcazole,0.0,740
rilpivirine,0.0,741
rilmenidine,0.0,742
rigosertib,0.0,743
R-547,0.0,744
rifabutin,0.0,745
retapamulin,0.0,746
AZ-628,0.0,747
RG-2833,0.0,748
triptolide,0.0,749
resminostat,0.0,750
RHO-kinase-inhibitor-III[rockout],0.0,751
rimonabant,0.0,752
ripasudil,0.0,753
PK-11195,0.0,754
ritonavir,0.0,755
PF-03084014,0.0,756
AZD-1981,0.0,757
PF-03758309,0.0,758
PF-03814735,0.0,759
ropinirole,0.0,760
PF-04457845,0.0,761
PF-04620110,0.0,762
RS-127445,0.0,763
PF-431396,0.0,764
roflumilast,0.0,765
PF-573228,0.0,766
PFI-1,0.0,767
PH-797804,0.0,768
PHA-665752,0.0,769
PHA-793887,0.0,770
PI-103,0.0,771
PF-477736,0.0,772
resatorvid,0.0,773
relcovaptan,0.0,774
refametinib,0.0,775
AT-9283,0.0,776
SR-33805,0.0,777
SR-57227A,0.0,778
quizartinib,0.0,779
quinapril,0.0,780
pyrazinoylguanidine,0.0,781
protriptyline,0.0,782
TAS-103,0.0,783
zebularine,0.0,784
propranolol,0.0,785
TGX-221,0.0,786
ulipristal,0.0,787
proguanil,0.0,788
TPCA-1,0.0,789
progesterone,0.0,790
SN-38,0.0,791
UNC-0321,0.0,792
racecadotril,0.0,793
SEP-227900,0.0,794
rebastinib,0.0,795
ranolazine,0.0,796
ranitidine,0.0,797
ramipril,0.0,798
AVN-944,0.0,799
SB-271046,0.0,800
SB-525334,0.0,801
SGI-1776,0.0,802
tyrphostin-AG-112,0.0,803
raltegravir,0.0,804
SB-756050,0.0,805
SB-939,0.0,806
AV-412,0.0,807
ubenimex,0.0,808
SC-12267,0.0,809
raloxifene,0.0,810
3-amino-benzamide,0.0,811
tracazolate,0.0,812
benazepril,0.048089887640449455,813
lisinopril,0.05056179775280899,814
hydroxyurea,0.051704119850187275,815
enoxolone,0.05177902621722846,816
pentamidine,0.051816479400749064,817
carbamazepine,0.05207865168539322,818
umeclidinium,0.052116104868913854,819
XBD-173,0.05211610486891388,820
anandamide,0.05352059925093633,821
gliclazide,0.05352059925093633,822
homoharringtonine,0.053632958801498154,823
SB-242235,0.05383895131086142,824
etazolate,0.053932584269662937,825
duloxetine,0.053951310861423254,826
ampalex,0.05456928838951314,827
dipraglurant,0.0547752808988764,828
lacitol,0.05498127340823972,829
irbesartan,0.05514981273408237,830
HG-5-88-01,0.055430711610486884,831
etofylline-clofibrate,0.05573033707865166,832
ASC-J9,0.056254681647940064,833
TH-302,0.05631086142322095,834
eperezolid,0.05666666666666667,835
MK-5108,0.05743445692883892,836
voxtalisib,0.0579962546816479,837
betulinic-acid,0.058352059925093624,838
histamine,0.05838951310861426,839
ostarine,0.05855805243445695,840
NU-7441,0.05882022471910109,841
valdecoxib,0.05917602996254678,842
naringenin,0.05932584269662922,843
indoprofen,0.059344569288389507,844
atracurium,0.05971910112359548,845
meloxicam,0.059981273408239694,846
oxiconazole,0.06,847
amfepramone,0.06011235955056181,848
ZK-93423,0.060393258426966245,849
AZD-3514,0.061161048689138575,850
disulfiram,0.06134831460674156,851
DPCPX,0.06159176029962546,852
donepezil,0.06170411985018724,853
cordycepin,0.06224719101123595,854
WYE-125132,0.06237827715355805,855
praziquantel,0.062397003745318314,856
bruceantin,0.06252808988764041,857
talinolol,0.06271535580524346,858
trilostane,0.06277153558052431,859
estradiol,0.06280898876404498,860
elvitegravir,0.06294007490636704,861
timofibrate,0.06299625468164796,862
rimexolone,0.06316479400749064,863
desoxypeganine,0.06342696629213485,864
thiothixene,0.06389513108614232,865
A-443654,0.06389513108614236,866
sumatriptan,0.06445692883895132,867
closantel,0.0644756554307116,868
mepyramine,0.0644943820224719,869
dinoprost,0.06475655430711613,870
bazedoxifene,0.06490636704119848,871
ramelteon,0.06499999999999997,872
metoclopramide,0.065,873
etomoxir,0.06520599250936329,874
yohimbine,0.06529962546816481,875
ABT-724,0.06533707865168539,876
cisapride,0.06544943820224722,877
estramustine-phosphate,0.06556179775280899,878
sorbinil,0.06580524344569286,879
tolperisone,0.06599250936329593,880
zaleplon,0.06606741573033709,881
ipratropium,0.06632958801498123,882
metolazone,0.06632958801498129,883
celecoxib,0.06632958801498129,884
lenvatinib,0.06644194756554306,885
SB-683698,0.06647940074906367,886
halcinonide,0.06698501872659174,887
asenapine,0.06700374531835208,888
FK-866,0.0670411985018726,889
MK-8033,0.06704119850187268,890
pomalidomide,0.06711610486891384,891
tolimidone,0.06711610486891387,892
sulfasalazine,0.06735955056179775,893
amiprilose,0.06737827715355799,894
sodium-tanshinone-ii-a-sulfonate,0.06750936329588013,895
WZ-7043,0.06754681647940072,896
gliquidone,0.06771535580524346,897
TG-100115,0.06773408239700374,898
furosemide,0.06795880149812733,899
AMG-517,0.0679775280898876,900
norgestrel,0.0680711610486891,901
equol,0.06808988764044942,902
escitalopram,0.06808988764044945,903
anidulafungin,0.06816479400749062,904
tamoxifen,0.0684644194756554,905
ethylenediaminetetraacetic-acid,0.06850187265917601,906
diphenidol,0.06850187265917604,907
tetracaine,0.06865168539325844,908
lobenzarit,0.06874531835205996,909
DMP-777,0.06893258426966292,910
bendamustine,0.0690823970037453,911
epinephrine,0.06913857677902616,912
telatinib,0.06915730337078649,913
VT-464,0.06955056179775282,914
zosuquidar,0.06964419475655431,915
berberine,0.06975655430711611,916
tolazamide,0.06988764044943818,917
piperidolate,0.07001872659176028,918
quinine,0.07007490636704128,919
arofylline,0.07016853932584272,920
olmesartan-medoxomil,0.07028089887640449,921
serdemetan,0.07028089887640451,922
dimesna,0.07037453183520592,923
fenoldopam,0.07074906367041196,924
econazole,0.07088014981273408,925
AMG-837,0.07088014981273408,926
rivaroxaban,0.07089887640449438,927
GDC-0068,0.07089887640449438,928
withaferin-a,0.07093632958801499,929
zofenopril-calcium,0.0709550561797753,930
CNQX,0.07102996254681643,931
tetrindole,0.07106741573033706,932
medetomidine,0.07106741573033706,933
carbimazole,0.0711048689138577,934
telmesteine,0.07144194756554306,935
acetylcysteine,0.0715168539325843,936
propafenone,0.07162921348314605,937
ethinyl-estradiol,0.0718352059925094,938
sparfloxacin,0.07187265917602997,939
bopindolol,0.07189138576779028,940
nicardipine,0.07200374531835207,941
azithromycin,0.07202247191011235,942
GSK-1059615,0.07202247191011237,943
chrysin,0.07213483146067418,944
PS-178990,0.07215355805243445,945
brivudine,0.0722846441947565,946
tizanidine,0.07239700374531835,947
dasabuvir,0.07241573033707867,948
regadenoson,0.0724906367041199,949
phenformin,0.07256554307116103,950
gemfibrozil,0.07256554307116109,951
isoniazid,0.07262172284644197,952
ATN-161,0.07286516853932583,953
fluconazole,0.07301498127340822,954
andrographolide,0.07307116104868915,955
cabozantinib,0.07333333333333336,956
oxybuprocaine,0.07335205992509364,957
FPL-62064,0.07350187265917603,958
"3,3'-diindolylmethane",0.07353932584269662,959
ALW-II-49-7,0.07374531835205991,960
cefdinir,0.07374531835205991,961
dosulepin,0.07387640449438201,962
butaclamol,0.07387640449438201,963
GSK-2636771,0.07395131086142322,964
theobromine,0.07400749063670414,965
firategrast,0.07402621722846442,966
benzamil,0.0741385767790262,967
phentolamine,0.07421348314606743,968
glycitein,0.0743820224719101,969
BMS-345541,0.07438202247191014,970
etoricoxib,0.07438202247191014,971
naphazoline,0.07438202247191016,972
paroxetine,0.0746816479400749,973
BIX-01294,0.07471910112359556,974
SR-27897,0.07477528089887639,975
rebamipide,0.07483146067415727,976
telbivudine,0.07505617977528095,977
erteberel,0.07511235955056181,978
nefopam,0.07524344569288394,979
famotidine,0.0753183520599251,980
tyrphostin-AG-1478,0.07539325842696631,981
mepivacaine,0.07543071161048688,982
indobufen,0.07546816479400748,983
letermovir,0.07554307116104869,984
fluphenazine,0.07563670411985018,985
MDL-73005EF,0.07580524344569288,986
forskolin,0.0758052434456929,987
YM-976,0.0758052434456929,988
aclidinium,0.07582397003745318,989
galeterone,0.07589887640449437,990
CL-218872,0.07589887640449441,991
MK-3207,0.07608614232209734,992
losmapimod,0.07608614232209741,993
LY-2811376,0.07610486891385765,994
nevirapine,0.07612359550561802,995
niguldipine,0.07616104868913857,996
bretazenil,0.07619850187265914,997
enoxacin,0.07627340823970036,998
granisetron,0.07629213483146068,999
rabeprazole,0.07632958801498127,1000
ixazomib-citrate,0.07636704119850184,1001
cyclosporin-a,0.07640449438202249,1002
rizatriptan,0.07644194756554305,1003
tivantinib,0.07646067415730334,1004
glipizide,0.07651685393258427,1005
amlodipine,0.0765168539325843,1006
varespladib,0.07655430711610484,1007
ganciclovir,0.0765730337078652,1008
SDZ-NKT-343,0.07668539325842699,1009
ibutilide,0.07674157303370785,1010
vilazodone,0.07683520599250937,1011
bimatoprost,0.07685393258426966,1012
tolfenamic-acid,0.07694756554307114,1013
allopurinol,0.0769475655430712,1014
lacosamide,0.07705992509363295,1015
deoxycholic-acid,0.0772097378277154,1016
GW-843682X,0.07728464419475654,1017
IPI-145,0.07734082397003741,1018
fluvoxamine,0.07739700374531834,1019
ABT-239,0.07747191011235954,1020
cyproheptadine,0.07749063670411982,1021
capsaicin,0.07756554307116102,1022
AZD-2014,0.07756554307116108,1023
oxybutynin,0.07758426966292134,1024
taladegib,0.07764044943820225,1025
theophylline,0.07767790262172283,1026
linsitinib,0.07773408239700375,1027
A-66,0.07775280898876408,1028
vincamine,0.07780898876404496,1029
bepotastine,0.07801498127340827,1030
quetiapine,0.07825842696629215,1031
PD-173074,0.07833333333333334,1032
dexloxiglumide,0.07850187265917602,1033
ICI-162846,0.07861423220973782,1034
KBG,0.07872659176029961,1035
CX-5461,0.0788202247191011,1036
riociguat,0.07885767790262173,1037
temozolomide,0.07911985018726593,1038
RU-58841,0.07919475655430716,1039
fenoterol,0.07925093632958802,1040
scopolamine,0.0794007490636704,1041
nebivolol,0.07949438202247192,1042
telotristat,0.0796629213483146,1043
fexofenadine,0.07977528089887642,1044
eugenol,0.0797940074906367,1045
clinofibrate,0.07985018726591758,1046
torin-1,0.07986891385767789,1047
cpi-169,0.07998127340823967,1048
lirimilast,0.07998127340823968,1049
PSI-7976,0.07998127340823968,1050
CI-976,0.07999999999999996,1051
nateglinide,0.0800374531835206,1052
picolinic-acid,0.0802059925093633,1053
rifaximin,0.08031835205992507,1054
genistein,0.08035580524344577,1055
triptorelin,0.08050561797752803,1056
lodoxamide,0.0805430711610487,1057
tyrphostin-1,0.08054307116104875,1058
bisoprolol,0.08056179775280899,1059
tacrolimus,0.08056179775280903,1060
clindamycin,0.08063670411985019,1061
chlorphenamine,0.08065543071161049,1062
TAK-715,0.08071161048689135,1063
decitabine,0.08073033707865168,1064
reboxetine,0.08084269662921348,1065
ZSTK-474,0.08091760299625467,1066
sertaconazole,0.08106741573033707,1067
OSI-027,0.0810861423220974,1068
cefotetan,0.08112359550561793,1069
API-001,0.08112359550561798,1070
zaprinast,0.08114232209737826,1071
nafamostat,0.08116104868913857,1072
nizofenone,0.08132958801498127,1073
liranaftate,0.08136704119850188,1074
aminocaproic-acid,0.08138576779026216,1075
deferasirox,0.0814232209737828,1076
tebipenem,0.0814232209737828,1077
pazufloxacin,0.08144194756554304,1078
tafamidis-meglumine,0.08144194756554309,1079
tonabersat,0.0814419475655431,1080
delanzomib,0.0814606741573034,1081
chlormezanone,0.08159176029962546,1082
ticlopidine,0.08161048689138573,1083
pantoprazole,0.08168539325842697,1084
alagebrium,0.08174157303370788,1085
cinoxacin,0.08183520599250937,1086
tasquinimod,0.08187265917602995,1087
cutamesine,0.08194756554307114,1088
DMP-543,0.08196629213483148,1089
seocalcitol,0.08198501872659181,1090
efaproxiral,0.08205992509363297,1091
ARN-509,0.08207865168539324,1092
CB-10-277-(free-acid),0.08215355805243446,1093
perhexiline,0.08222846441947565,1094
artesunate,0.08222846441947568,1095
rupatadine,0.08228464419475656,1096
PF-04447943,0.08230337078651684,1097
glycopyrrolate,0.08232209737827714,1098
estramustine,0.08234082397003742,1099
GSK-J4,0.08241573033707866,1100
oxaprozin,0.08254681647940074,1101
drospirenone,0.08254681647940074,1102
MK-0812,0.08256554307116104,1103
everolimus,0.08256554307116108,1104
GDC-0879,0.0826217228464419,1105
pazopanib,0.08265917602996253,1106
desmopressin-acetate,0.0827153558052434,1107
AZD-8055,0.08282771535580524,1108
exherin,0.08284644194756552,1109
PRX-08066,0.0829026217228464,1110
alectinib,0.08295880149812732,1111
aminosalicylic-acid,0.08301498127340823,1112
cariporide,0.08316479400749066,1113
benzydamine,0.08320224719101127,1114
metamizole,0.08327715355805243,1115
methylnaltrexone,0.08335205992509359,1116
ambroxol,0.0834082397003745,1117
GSK-2334470,0.083501872659176,1118
deferiprone,0.08352059925093636,1119
methimazole,0.08355805243445694,1120
CX-516,0.08359550561797754,1121
phentermine,0.08368913857677904,1122
SK&F-10047-(+),0.08391385767790263,1123
biperiden,0.08393258426966291,1124
pilocarpine,0.08398876404494382,1125
talmapimod,0.0840074906367041,1126
AMG-487,0.08415730337078653,1127
licochalcone-a,0.08421348314606741,1128
trifluridine,0.084250936329588,1129
mercaptopurine,0.08426966292134833,1130
tagatose,0.0842883895131086,1131
dextromethorphan,0.08432584269662925,1132
hesperidin,0.08438202247191012,1133
fadrozole,0.0845692883895131,1134
pirenzepine,0.08456928838951311,1135
HG-5-113-01,0.08471910112359549,1136
tetrahydrouridine,0.08475655430711615,1137
AZD-1208,0.0849812734082397,1138
tofacitinib,0.0852808988764045,1139
otilonium,0.0852808988764045,1140
nimodipine,0.0852808988764045,1141
lesinurad,0.08528089887640451,1142
etodolac,0.0853183520599251,1143
zalcitabine,0.08539325842696627,1144
nemonapride,0.0853932584269663,1145
norfloxacin,0.08544943820224718,1146
retigabine,0.08544943820224718,1147
amodiaquine,0.08548689138576776,1148
bupropion,0.085561797752809,1149
aprepitant,0.08559925093632956,1150
acarbose,0.08559925093632959,1151
mesulergine,0.08565543071161046,1152
droperidol,0.08573033707865169,1153
troglitazone,0.0857865168539326,1154
MBX-2982,0.08578651685393261,1155
bucladesine,0.0858239700374532,1156
AGI-6780,0.085936329588015,1157
glafenine,0.08606741573033708,1158
sch 900776,0.08610486891385771,1159
safingol,0.08612359550561799,1160
moxonidine,0.08616104868913854,1161
IKK-inhibitor-X,0.08623595505617979,1162
piretanide,0.0862734082397004,1163
tamsulosin,0.08627340823970042,1164
buflomedil,0.0863295880149813,1165
pidotimod,0.08638576779026218,1166
reserpine,0.08647940074906371,1167
aminoguanidine,0.08649812734082396,1168
etacrynic-acid,0.0866479400749064,1169
piribedil,0.08666666666666667,1170
D-serine,0.08668539325842695,1171
GSK-1292263,0.08668539325842697,1172
temazepam,0.086685393258427,1173
deforolimus,0.086685393258427,1174
CC-401,0.08676029962546818,1175
ketoprofen,0.08679775280898873,1176
tirapazamine,0.08692883895131082,1177
butorphanol-(+)-tartrate,0.08705992509363294,1178
salvinorin-a,0.08707865168539328,1179
ivabradine,0.08720973782771534,1180
EMD-53998,0.08722846441947568,1181
castanospermine,0.08722846441947568,1182
ZD-7288,0.08739700374531836,1183
TG-100801,0.08743445692883897,1184
melatonin,0.0875093632958801,1185
lasalocid,0.08754681647940074,1186
ZK-200775,0.08756554307116104,1187
timolol,0.0876029962546816,1188
isradipine,0.08765917602996255,1189
carprofen,0.08767790262172281,1190
AMD-11070,0.08773408239700375,1191
ZM-447439,0.08790262172284644,1192
testosterone,0.08790262172284645,1193
3-deazaadenosine,0.08808988764044945,1194
stavudine,0.08810861423220973,1195
edoxaban,0.08812734082397003,1196
dabigatran-etexilate,0.08820224719101125,1197
lorcaserin,0.08825842696629219,1198
novobiocin,0.08844569288389514,1199
penciclovir,0.08844569288389514,1200
cinepazide,0.08853932584269664,1201
norethisterone,0.08853932584269665,1202
acyclovir,0.08855805243445693,1203
tazobactam,0.08855805243445694,1204
KIN001-260,0.08857677902621722,1205
QL-X-138,0.08859550561797755,1206
dienogest,0.08867041198501871,1207
atipamezole,0.08885767790262177,1208
zardaverine,0.08900749063670413,1209
chlorambucil,0.08902621722846446,1210
formestane,0.08906367041198501,1211
torasemide,0.0891385767790262,1212
emtricitabine,0.08913857677902626,1213
blonanserin,0.08930711610486891,1214
delivert,0.08930711610486891,1215
nefiracetam,0.08934456928838952,1216
pyrimethamine,0.08936329588014982,1217
flumazenil,0.08943820224719101,1218
bumetanide,0.08945692883895132,1219
O6-benzylguanine,0.08951310861423219,1220
BAY-K8644,0.08953183520599253,1221
apixaban,0.08953183520599256,1222
norethindrone,0.08956928838951309,1223
pterostilbene,0.08958801498127342,1224
gaboxadol,0.08985018726591759,1225
imiquimod,0.09000000000000002,1226
istaroxime,0.09001872659176027,1227
bemegride,0.0900187265917603,1228
KIN001-270,0.09013108614232207,1229
bevirimat-dimeglumine,0.09024344569288392,1230
disopyramide,0.09029962546816481,1231
venetoclax,0.09037453183520598,1232
PX-12,0.09050561797752814,1233
eflornithine,0.09054307116104876,1234
orteronel,0.09056179775280898,1235
AV-608,0.09071161048689136,1236
probucol,0.09071161048689136,1237
lidamidine,0.09089887640449434,1238
fusidic-acid,0.09089887640449437,1239
felbamate,0.09108614232209736,1240
teriflunomide,0.0912734082397004,1241
linezolid,0.09131086142322092,1242
PD-123319,0.09140449438202244,1243
barasertib-HQPA,0.09142322097378275,1244
loratadine,0.09142322097378278,1245
AZD-6482,0.09146067415730336,1246
nicotinamide,0.09159176029962543,1247
adoprazine,0.09162921348314607,1248
potassium-canrenoate,0.09170411985018724,1249
goserelin-acetate,0.09179775280898872,1250
pirfenidone,0.09185393258426963,1251
dazmegrel,0.09191011235955052,1252
levothyroxine,0.09192883895131088,1253
voreloxin,0.09194756554307115,1254
methazolamide,0.09194756554307118,1255
sufentanil,0.09202247191011231,1256
SB-203580,0.09211610486891383,1257
cilengitide,0.09215355805243444,1258
mifobate,0.09230337078651685,1259
pemirolast,0.09234082397003748,1260
repaglinide,0.09234082397003748,1261
T-5224,0.09235955056179776,1262
quercetin,0.09249063670411989,1263
fenobam,0.09250936329588016,1264
sulmazole,0.09264044943820224,1265
tobramycin,0.09265917602996254,1266
probenecid,0.09273408239700373,1267
SB-590885,0.09279026217228464,1268
ilomastat,0.09280898876404495,1269
sulbutiamine,0.09282771535580525,1270
adenosine,0.09282771535580525,1271
amiodarone,0.09301498127340825,1272
palmitoylethanolamide,0.09301498127340826,1273
apremilast,0.09314606741573028,1274
imatinib,0.09316479400749063,1275
doxifluridine,0.09329588014981277,1276
mannitol-D,0.09331460674157302,1277
mibampator,0.09350187265917603,1278
piketoprofen,0.09361423220973777,1279
CP-724714,0.09361423220973786,1280
ketorolac,0.09374531835205993,1281
nikethamide,0.09387640449438206,1282
BCI-540,0.09393258426966292,1283
nicaraven,0.09397003745318361,1284
SYK-inhibitor,0.09410112359550561,1285
rondual-kinase-inhibitor,0.09417602996254681,1286
flutamide,0.09417602996254681,1287
tiabendazole,0.0943258426966292,1288
chloroquine,0.0943445692883895,1289
BMS-777607,0.0944943820224719,1290
procainamide,0.09455056179775279,1291
NF-449,0.09475655430711605,1292
semaxanib,0.0947565543071161,1293
flutrimazole,0.0947565543071161,1294
MK-0773,0.0947565543071161,1295
folic-acid,0.09475655430711616,1296
fludarabine-phosphate,0.09483146067415728,1297
pranlukast,0.0948501872659176,1298
LY-294002,0.0949250936329588,1299
torcitabine,0.09501872659176026,1300
CPI-613,0.09503745318352061,1301
eplerenone,0.09524344569288387,1302
ziprasidone,0.09528089887640448,1303
bosentan,0.09537453183520594,1304
triamterene,0.09544943820224717,1305
oseltamivir-carboxylate,0.09558052434456926,1306
febuxostat,0.09563670411985023,1307
dorzolamide,0.09573033707865167,1308
clemizole,0.09573033707865167,1309
doxapram,0.095749063670412,1310
butoconazole,0.0957677902621723,1311
omecamtiv-mecarbil,0.09578651685393255,1312
urea,0.09582397003745319,1313
ALW-II-38-3,0.09591760299625465,1314
grazoprevir,0.09593632958801496,1315
atenolol-(+/-),0.09610486891385765,1316
masoprocol,0.096123595505618,1317
fidaxomicin,0.09619850187265921,1318
NVP-AEW541,0.09621722846441946,1319
AGK-2,0.09632958801498126,1320
ORG-9768,0.0963857677902622,1321
dexfenfluramine,0.09642322097378278,1322
benfluorex,0.09649812734082397,1323
sitagliptin,0.09655430711610491,1324
KI-20227,0.09677902621722848,1325
nimesulide,0.09685393258426961,1326
AGP-103,0.09689138576779026,1327
ketotifen,0.09694756554307116,1328
esculin,0.09700374531835207,1329
formoterol,0.09705992509363301,1330
chloramphenicol,0.09717228464419475,1331
safinamide,0.09735955056179779,1332
oxymetazoline,0.09752808988764043,1333
tipranavir,0.09756554307116105,1334
balsalazide,0.09775280898876404,1335
fosinopril,0.09777153558052434,1336
VGX-1027,0.09784644194756556,1337
miconazole,0.09792134831460675,1338
FPL-55712,0.09794007490636705,1339
basimglurant,0.09807116104868913,1340
SB-239063,0.09807116104868915,1341
arglabin,0.09812734082397001,1342
VX-222,0.09827715355805244,1343
thiocolchicoside,0.09827715355805244,1344
tamibarotene,0.09829588014981278,1345
darunavir,0.09831460674157305,1346
sulfafurazole,0.09840823970037452,1347
birinapant,0.09850187265917604,1348
HC-030031,0.0985205992509363,1349
cyclobenzaprine,0.09855805243445692,1350
omeprazole,0.0986142322097378,1351
chlorthalidone,0.0986329588014982,1352
vinpocetine,0.09865168539325843,1353
suprofen,0.09874531835205994,1354
acenocoumarol,0.09876404494382024,1355
GDC-0152,0.09883895131086141,1356
guanethidine,0.09889513108614231,1357
methyldopa,0.09900749063670414,1358
ASA-404,0.09900749063670417,1359
desvenlafaxine,0.0991198501872659,1360
azathioprine,0.09915730337078649,1361
benzthiazide,0.09915730337078657,1362
phenylbutyrate,0.09930711610486892,1363
edoxudine,0.09938202247191008,1364
metenkephalin,0.09943820224719103,1365
oxandrolone,0.0994943820224719,1366
pritelivir,0.0994943820224719,1367
afloqualone,0.09953183520599254,1368
verteporfin,0.09956928838951314,1369
CGS-20625,0.09958801498127341,1370
lorazepam,0.09985018726591766,1371
balicatib,0.0999625468164794,1372
sirolimus,0.10001872659176031,1373
bindarit,0.10001872659176037,1374
JQ1-(-),0.10003745318352064,1375
lamivudine,0.1001123595505618,1376
piracetam,0.10014981273408244,1377
phensuximide,0.10024344569288389,1378
IB-MECA,0.10037453183520606,1379
zonisamide,0.10044943820224718,1380
suvorexant,0.1004868913857678,1381
esmolol,0.1008052434456929,1382
CPI-1189,0.10082397003745314,1383
bezafibrate,0.10082397003745319,1384
levonorgestrel,0.10086142322097374,1385
temsirolimus,0.10088014981273408,1386
amtolmetin-guacil,0.10089887640449435,1387
balapiravir,0.10095505617977528,1388
FR-180204,0.10101123595505618,1389
MLN-2480,0.10104868913857676,1390
indometacin,0.10116104868913861,1391
pibenzimol,0.10123595505617977,1392
"2',5'-dideoxyadenosine",0.1012546816479401,1393
etanidazole,0.10140449438202248,1394
nandrolone,0.1014794007490637,1395
leflunomide,0.10151685393258425,1396
ibuprofen,0.10151685393258428,1397
hypericin,0.10155430711610486,1398
levamisole,0.1016104868913858,1399
radezolid,0.10177902621722844,1400
xaliproden,0.10191011235955061,1401
olaparib,0.10192883895131089,1402
ramatroban,0.10198501872659177,1403
lisofylline,0.1020037453183521,1404
miglustat,0.10211610486891383,1405
garcinol,0.10215355805243445,1406
NU-7026,0.10222846441947564,1407
rucinol,0.10228464419475658,1408
carbachol,0.10232209737827713,1409
dideoxyadenosine,0.10239700374531835,1410
etofenamate,0.1023970037453184,1411
procaine,0.10243445692883899,1412
olprinone,0.10264044943820225,1413
vinburnine,0.10267790262172283,1414
fluorouracil,0.10275280898876402,1415
lidoflazine,0.10279026217228464,1416
capecitabine,0.10297752808988764,1417
physostigmine,0.1029775280898877,1418
alizapride,0.10301498127340825,1419
rotigotine,0.10307116104868912,1420
LX-1031,0.10312734082396999,1421
ammonium-glycyrrhizinate,0.10316479400749065,1422
lumacaftor,0.10320224719101123,1423
motesanib,0.10335205992509362,1424
venlafaxine,0.10335205992509364,1425
bromocriptine,0.10365168539325839,1426
selegiline,0.1037640449438202,1427
veliparib,0.10376404494382022,1428
melperone,0.10389513108614229,1429
TIC10,0.10395131086142323,1430
mCPP,0.10402621722846443,1431
idebenone,0.10406367041198503,1432
guanadrel,0.10408239700374533,1433
pinaverium,0.10423220973782771,1434
gatifloxacin,0.10425093632958798,1435
etizolam,0.10436329588014981,1436
mazindol,0.10443820224719101,1437
ciprofloxacin,0.10447565543071158,1438
abiraterone-acetate,0.10451310861423219,1439
manumycin-a,0.10458801498127346,1440
betrixaban,0.1046067415730337,1441
pregnenolone,0.1047940074906367,1442
SB-216763,0.104812734082397,1443
clotrimazole,0.10483146067415727,1444
otamixaban,0.1048501872659176,1445
trientine,0.10496254681647943,1446
indiplon,0.10511235955056183,1447
fomepizole,0.10514981273408236,1448
amantadine,0.10522471910112358,1449
chelerythrine,0.10524344569288391,1450
preladenant,0.10543071161048685,1451
terbinafine,0.10544943820224721,1452
voriconazole,0.10554307116104869,1453
AZD-7687,0.1055805243445693,1454
KIN001-043,0.10563670411985016,1455
anastrozole,0.10565543071161046,1456
maribavir,0.10565543071161049,1457
niacin,0.10565543071161049,1458
mestranol,0.1058239700374532,1459
altrenogest,0.10591760299625469,1460
QL-XII-47,0.10595505617977524,1461
triamcinolone-acetonide,0.10599250936329588,1462
PF-04217903,0.10602996254681649,1463
thioctic-acid,0.10606741573033707,1464
caffeine,0.10617977528089888,1465
AZD-5363,0.10619850187265922,1466
GW-842166,0.10634831460674163,1467
clofibrate,0.10651685393258425,1468
indoximod,0.10659176029962547,1469
methiopril,0.10662921348314607,1470
urapidil,0.10666666666666666,1471
ibutamoren,0.10677902621722846,1472
rolipram,0.10737827715355802,1473
ipriflavone,0.1073970037453183,1474
tacrine,0.1073970037453183,1475
fostamatinib,0.10739700374531835,1476
REV-5901,0.10739700374531838,1477
moclobemide,0.10743445692883893,1478
pyrazinamide,0.10760299625468162,1479
tiludronate,0.10765917602996256,1480
dehydroepiandrosterone,0.10769662921348316,1481
atomoxetine,0.10788389513108618,1482
canagliflozin,0.1079213483146067,1483
danazol,0.10792134831460673,1484
VX-745,0.10794007490636703,1485
VTP-27999,0.10801498127340828,1486
ICI-192605,0.10837078651685392,1487
APD-668,0.1084456928838951,1488
resveratrol,0.10844569288389512,1489
palonosetron,0.10863295880149809,1490
fidarestat,0.10863295880149815,1491
oglemilast,0.10872659176029964,1492
GSK-3-inhibitor-II,0.10876404494382023,1493
propylthiouracil,0.10885767790262176,1494
merimepodib,0.1089513108614232,1495
amrinone,0.1092883895131086,1496
amonafide,0.10932584269662918,1497
irsogladine,0.1094194756554307,1498
rutin,0.10951310861423219,1499
PF-562271,0.10956928838951312,1500
nelarabine,0.10960674157303371,1501
imexon,0.10964419475655432,1502
rimantadine,0.10999999999999999,1503
trimethobenzamide,0.11005617977528093,1504
linagliptin,0.11009363295880152,1505
dantrolene,0.1103183520599251,1506
methocarbamol,0.11035580524344565,1507
chloroxine,0.1104307116104869,1508
diosmin,0.11089887640449442,1509
azelastine,0.11099250936329591,1510
sorafenib,0.11131086142322097,1511
ribavirin,0.11142322097378277,1512
glasdegib,0.11153558052434459,1513
cianidanol,0.11157303370786517,1514
Z160,0.11159176029962548,1515
LCL-161,0.11164794007490636,1516
avasimibe,0.11164794007490639,1517
diethylcarbamazine,0.11177902621722843,1518
felodipine,0.11177902621722843,1519
pramipexole,0.11177902621722846,1520
benzylpenicillin,0.11189138576779026,1521
ecabet,0.11192883895131084,1522
alprostadil,0.11207865168539327,1523
AZ-20,0.11213483146067417,1524
GSK-J1,0.11217228464419479,1525
miglitol,0.11230337078651681,1526
aminoglutethimide,0.1124531835205993,1527
tranylcypromine,0.11249063670411985,1528
vidarabine,0.11249063670411985,1529
acifran,0.11250936329588015,1530
trovafloxacin,0.1127902621722846,1531
tadalafil,0.11282771535580527,1532
imiloxan,0.11292134831460673,1533
barasertib,0.11295880149812737,1534
SAR-245409,0.11301498127340824,1535
sulforaphane,0.11301498127340825,1536
doramapimod,0.11316479400749063,1537
iniparib,0.11318352059925099,1538
orphenadrine,0.11333333333333333,1539
ozagrel,0.11338951310861423,1540
epinastine,0.11348314606741575,1541
dalfampridine,0.113501872659176,1542
erythromycin-ethylsuccinate,0.11353932584269663,1543
latanoprost,0.1136516853932584,1544
Gossypetin,0.11368913857677909,1545
piclamilast,0.11370786516853934,1546
chenodiol,0.11370786516853937,1547
ursodeoxycholyltaurine,0.11370786516853937,1548
ZD-7114,0.11370786516853937,1549
altanserin,0.11372659176029959,1550
oxybenzone,0.11383895131086144,1551
resorcinol,0.11432584269662921,1552
QL-XI-92,0.11432584269662924,1553
BX-912,0.11434456928838951,1554
pevonedistat,0.11456928838951314,1555
empagliflozin,0.11466292134831463,1556
levobunolol,0.11470037453183521,1557
tetradecylthioacetic-acid,0.11475655430711612,1558
clinafloxacin,0.11475655430711612,1559
AZD-1480,0.11499999999999999,1560
eptifibatide,0.11501872659176027,1561
meclizine,0.11528089887640455,1562
agomelatine,0.1153183520599251,1563
TAK-875,0.11544943820224715,1564
tirasemtiv,0.11546816479400746,1565
itopride,0.11559925093632956,1566
hydroflumethiazide,0.11595505617977529,1567
cholic-acid,0.11597378277153556,1568
odanacatib,0.11599250936329589,1569
moxisylyte,0.11602996254681651,1570
apafant,0.11612359550561796,1571
tiagabine,0.11617977528089887,1572
UNC-669,0.11640449438202248,1573
resiquimod,0.11668539325842697,1574
sarcosine,0.11722846441947565,1575
S-18986,0.11737827715355804,1576
primidone,0.11749063670411986,1577
hymecromone,0.11762172284644196,1578
LDN-193189,0.11764044943820229,1579
enzalutamide,0.11780898876404496,1580
valproic-acid,0.11784644194756554,1581
phenazone,0.11786516853932583,1582
risperidone,0.11794007490636699,1583
exalamide,0.1182584269662921,1584
CTB,0.11833333333333335,1585
quinidine,0.11833333333333337,1586
arbutin,0.11844569288389514,1587
KIN001-244,0.11846441947565545,1588
digoxin,0.11848314606741578,1589
raclopride,0.11867041198501871,1590
loxoprofen,0.11878277153558056,1591
telmisartan,0.11897003745318352,1592
enzastaurin,0.11910112359550565,1593
acebutolol,0.11911985018726592,1594
cefozopran,0.11911985018726592,1595
irinotecan,0.11917602996254678,1596
voglibose,0.11921348314606744,1597
exemestane,0.11943820224719101,1598
dapsone,0.1197940074906367,1599
RGFP-966,0.11981273408239698,1600
LY-2090314,0.11986891385767792,1601
Y-39983,0.1198876404494382,1602
thalidomide,0.12001872659176036,1603
indapamide,0.1200374531835206,1604
quiflapon,0.12018726591760298,1605
JNJ-38877605,0.1202996254681648,1606
CP-466722,0.1204119850187266,1607
dacarbazine,0.1205430711610487,1608
sotalol,0.12073033707865168,1609
celastrol,0.1207677902621723,1610
bicalutamide,0.12095505617977531,1611
OTS-167,0.12106741573033708,1612
nilotinib,0.12108614232209736,1613
RG-108,0.12119850187265918,1614
oxypurinol,0.12125468164794007,1615
ABT-202,0.12149812734082396,1616
diazepam,0.1215168539325843,1617
roxithromycin,0.12170411985018728,1618
estrone,0.12192883895131085,1619
trapidil,0.12194756554307114,1620
enprofylline,0.12196629213483146,1621
azelaic-acid,0.12256554307116102,1622
regorafenib,0.12264044943820218,1623
Y-27632,0.12264044943820224,1624
rocuronium,0.12294007490636705,1625
mecamylamine,0.12303370786516854,1626
almitrine,0.12307116104868915,1627
ALX-5407,0.12318352059925095,1628
cevimeline,0.12318352059925097,1629
1271738-62-5,0.12325842696629216,1630
HG-9-91-01,0.1232771535580524,1631
pimobendan,0.12344569288389512,1632
tirofiban,0.1237265917602996,1633
gemcitabine,0.12380149812734079,1634
flavoxate,0.12380149812734084,1635
trimipramine,0.12389513108614233,1636
JNK-9L,0.12404494382022468,1637
tibolone,0.12406367041198496,1638
palovarotene,0.1243632958801498,1639
mianserin,0.1245505617977528,1640
noscapine,0.12492509363295881,1641
moracizine,0.1254307116104869,1642
citalopram,0.1254307116104869,1643
protirelin,0.1255805243445693,1644
5-aminolevulinic-acid,0.1255992509363296,1645
anacardic-acid,0.1258239700374532,1646
cytisine,0.12582397003745327,1647
CYT387,0.12599250936329587,1648
teroxirone,0.12655430711610485,1649
SGX523,0.12672284644194756,1650
ABT-737,0.1267602996254682,1651
entecavir,0.12691011235955058,1652
BTS-54505,0.1274719101123595,1653
minoxidil,0.1274719101123595,1654
targinine,0.12756554307116102,1655
glimepiride,0.12777153558052431,1656
ginkgolide-b,0.12792134831460675,1657
trimetazidine,0.12792134831460675,1658
diminazene-aceturate,0.12792134831460678,1659
Y-27152,0.12794007490636705,1660
masitinib,0.12807116104868915,1661
naftifine,0.12812734082397004,1662
BIX-02189,0.12827715355805241,1663
lerisetron,0.12829588014981275,1664
zaldaride,0.1283707865168539,1665
SAR-245408,0.12852059925093634,1666
colforsin-daproate,0.12883895131086143,1667
dolasetron,0.12917602996254685,1668
mepazine,0.129250936329588,1669
ganaxolone,0.129250936329588,1670
taltirelin,0.12938202247191008,1671
tramiprosate,0.1295692883895131,1672
triclabendazole,0.12970037453183514,1673
bropirimine,0.12985018726591763,1674
atrasentan,0.13,1675
naproxen,0.13001872659176028,1676
selamectin,0.1304494382022472,1677
triclosan,0.13073033707865167,1678
aurora-a-inhibitor-i,0.13078651685393258,1679
levcromakalim,0.1308052434456929,1680
doxycycline,0.13110486891385767,1681
vanoxerine,0.1314419475655431,1682
brivanib,0.13164794007490638,1683
tasisulam,0.13174157303370787,1684
JW55,0.13189138576779028,1685
AICA-ribonucleotide,0.13239700374531832,1686
bambuterol,0.1325093632958801,1687
nitrendipine,0.132565543071161,1688
TTNPB,0.13305243445692883,1689
daminozide,0.13320224719101126,1690
tiapride,0.13325842696629214,1691
A-769662,0.13327715355805242,1692
oxfendazole,0.13353932584269662,1693
dihydroergotamine,0.13368913857677908,1694
erythromycin,0.13372659176029966,1695
miltefosine,0.134063670411985,1696
levocetirizine,0.13415730337078655,1697
dapagliflozin,0.1342696629213483,1698
letrozole,0.1345880149812734,1699
AS-601245,0.134625468164794,1700
pyrazolanthrone,0.1347565543071161,1701
pentoxifylline,0.13492509363295876,1702
phorbol-myristate-acetate,0.135,1703
enalapril,0.13544943820224717,1704
senicapoc,0.13576779026217228,1705
tivozanib,0.13621722846441944,1706
GW-5074,0.1362734082397004,1707
epigallocatechin-gallate-(-),0.13662921348314605,1708
ciglitazone,0.1368352059925094,1709
tedizolid,0.13705992509363296,1710
IOX2,0.13739700374531838,1711
adapalene,0.13739700374531838,1712
ingenol-mebutate,0.13814606741573032,1713
tomelukast,0.13868913857677906,1714
dazoxiben,0.13872659176029964,1715
PIK-93,0.13880149812734083,1716
pirenoxine,0.13917602996254685,1717
AT-7519,0.13919475655430713,1718
linopirdine,0.1394756554307116,1719
clarithromycin,0.13951310861423222,1720
nicotine,0.1400561797752809,1721
GNF-2,0.140374531835206,1722
KIN001-269,0.1418913857677903,1723
diclofenac,0.14198501872659175,1724
EX-527,0.14224719101123595,1725
KIN001-242,0.14237827715355802,1726
diethylstilbestrol,0.14303370786516856,1727
luteolin,0.14335205992509364,1728
THZ-2-98-01,0.14423220973782774,1729
baicalin,0.14441947565543073,1730
topiroxostat,0.1445692883895131,1731
AZD-5438,0.1451310861423221,1732
ischemin,0.1452808988764045,1733
PLX-4720,0.14589887640449437,1734
fasudil,0.14634831460674158,1735
rasagiline,0.14634831460674158,1736
LY-2801653,0.14674157303370788,1737
sacubitril,0.14810861423220975,1738
fiacitabine,0.14827715355805243,1739
ibudilast,0.14852059925093633,1740
SB-705498,0.1494569288389513,1741
alpelisib,0.15073033707865166,1742
MC1568,0.150749063670412,1743
linifanib,0.15108614232209738,1744
roscovitine,0.15153558052434457,1745
fentiazac,0.15179775280898875,1746
piroxicam,0.15196629213483145,1747
DU-728,0.15237827715355806,1748
UNC-1215,0.15301498127340826,1749
diacerein,0.1530337078651685,1750
cromoglicic-acid,0.15511235955056182,1751
ondansetron,0.15707865168539326,1752
guanaben-acetate,0.15951310861423218,1753
2-iminobiotin,0.1616104868913858,1754
vemurafenib,0.16352059925093632,1755
propentofylline,0.16376404494382021,1756
CX-4945,0.16529962546816476,1757
vismodegib,0.16552434456928838,1758
carisoprodol,0.1680711610486891,1759
rucaparib,0.1682022471910113,1760
clenbuterol,0.16840823970037455,1761
CHIR-99021,0.16891385767790262,1762
isosorbide-mononitrate,0.17031835205992513,1763
lamotrigine,0.1709176029962547,1764
OSI-930,0.17117977528089884,1765
ritodrine,0.17247191011235952,1766
reparixin,0.17685393258426962,1767
PHA-767491,0.21844569288389515,1768
