drug,baseline_score,baseline_rank,trace_score,trace_rank
trichostatin-a,-0.17267790262172286,1,0.08947527374122206,20
sunitinib,-0.16831460674157303,2,0.09094559914977252,18
CC-930,-0.16121722846441947,3,0.05191819256901002,76
trametinib,-0.1500374531835206,4,0.11703421814400168,3
ganetespib,-0.1491385767790262,5,0.05133673586604548,78
BI-2536,-0.14889513108614233,6,0.09246665013194422,17
VE-821,-0.14610486891385768,7,0.056498303110878986,64
AT7867,-0.1440823970037453,8,0.10595240101121654,8
fluspirilene,-0.14250936329588015,9,0.10610454768702997,7
STA-5326,-0.14099250936329583,10,0.16462872062021874,1
afatinib,-0.13494382022471912,11,0.079279379634215,30
volasertib,-0.13462546816479404,12,0.06267174930251586,49
cediranib,-0.13237827715355807,13,0.1010110870751417,10
R-428,-0.13185393258426964,14,0.03186853150801648,155
romidepsin,-0.13018726591760296,15,0.09478473531983099,13
D-4476,-0.12932584269662922,16,0.09762079846748864,11
PHA-848125,-0.1289887640449438,17,0.06024281192495316,54
HG-6-64-01,-0.12825842696629214,18,0.03589944958738321,132
cepharanthine,-0.1260486891385768,19,0.12034110596040488,2
brexpiprazole,-0.1234456928838952,20,0.052036141410358776,75
I-BET-762,-0.12338951310861425,21,0.08399422117450744,22
SNX-2112,-0.12318352059925097,22,0.032644885132132984,150
I-BET-151,-0.12280898876404489,23,0.08406221449437852,21
nintedanib,-0.12232209737827714,24,0.09367430957665121,15
XMD-885,-0.12204119850187266,25,0.05444918596174256,69
PD-0325901,-0.12153558052434454,26,0.09313025688357786,16
cobimetinib,-0.12031835205992508,27,0.05077717880548462,81
KW-2478,-0.11919475655430713,28,0.07690150502863144,31
tipifarnib-P2,-0.11874531835205993,29,0.04305689247973699,100
VP-20629,-0.11691011235955055,30,0.07545088059046672,34
XMD-892,-0.11689138576779029,31,0.06063072971871915,51
BGT-226,-0.11651685393258426,32,0.036931095344788466,127
XL-888,-0.11614232209737829,33,0.044624423305628935,92
WZ-4-145,-0.115936329588015,34,0.08951819582959826,19
TAK-733,-0.11546816479400748,35,0.055293805180149695,66
saracatinib,-0.11370786516853931,36,0.05687663291861682,63
MK-2461,-0.11191011235955062,37,0.05092509969354764,79
alvespimycin,-0.11102996254681649,38,0.058572845987699775,59
vandetanib,-0.10985018726591762,39,0.07436490916570525,36
pimavanserin,-0.1096816479400749,40,0.051478054836717746,77
AT-13387,-0.10855805243445696,41,0.045355015945613156,91
tacalcitol,-0.10840823970037455,42,-0.02837750865935843,1028
clonidine,-0.10812734082397005,43,0.0640070262280149,45
AEE-788,-0.10636704119850186,44,0.08188017311167246,26
dipyridamole,-0.10616104868913856,45,0.023591795969586098,199
darapladib,-0.10601123595505618,46,0.05370155443358191,71
dexamethasone,-0.10552434456928839,47,0.010060439562069439,342
AZD-8330,-0.1047191011235955,48,0.0764236811305565,32
AZD-7762,-0.10443820224719105,49,0.029455958991746765,168
AZD-4547,-0.10423220973782771,50,0.04076451798576621,108
clonazepam,-0.10408239700374533,51,0.05950551913304223,57
Ro-4987655,-0.10357677902621723,52,0.061438013291721105,50
SU-11652,-0.10353932584269665,53,0.003089587509101482,424
avagacestat,-0.10220973782771542,54,0.02249099696401397,208
SU-014813,-0.10187265917603,55,0.040933032902365316,106
nalbuphine,-0.10123595505617976,56,0.03558929316308384,135
KN-62,-0.10106741573033712,57,0.07230369706948372,37
AVL-292,-0.10082397003745316,58,0.03910132874968347,121
neratinib,-0.10080524344569286,59,0.0601618137453098,56
LY-2603618,-0.10009363295880153,60,0.01019992356291894,339
LY-2874455,-0.09979400749063666,61,0.014957909118155258,289
paclitaxel,-0.09887640449438206,62,0.03194596618230212,154
tie2-kinase-inhibitor,-0.09694756554307117,63,0.052252124829316925,74
GSK-461364,-0.09687265917602994,64,0.01923337528268628,238
MK-1775,-0.09676029962546817,65,0.0008198927411743017,467
clomethiazole,-0.09672284644194754,66,0.026784249414455494,184
pitavastatin,-0.0962921348314607,67,0.08221293023434932,24
S-ruxolitinib,-0.09604868913857673,68,0.06059636454629762,52
BIBX-1382,-0.09561797752808993,69,0.046132581029138586,88
GSK-1904529A,-0.09539325842696633,70,-0.010535623578683767,670
WH-4-025,-0.09507490636704122,71,0.11413497604423714,5
zolpidem,-0.09501872659176028,72,0.04051157213895883,111
riluzole,-0.09486891385767791,73,0.058191730596740994,62
torin-2,-0.09445692883895135,74,0.02755526892336204,180
cabazitaxel,-0.09441947565543073,75,0.02780727099934058,178
ledipasvir,-0.09400749063670415,76,0.01388601805853396,297
JQ1-(+),-0.09391385767790263,77,0.07565793584196,33
NVP-TAE684,-0.09320224719101128,78,0.08215047919104664,25
dasatinib,-0.09290262172284645,79,0.08138405386121864,27
LCQ-908,-0.09260299625468163,80,0.03032700261537661,164
atorvastatin,-0.09230337078651685,81,0.1114189474139403,6
taselisib,-0.09192883895131082,82,0.028478597011265785,172
proglumide,-0.09108614232209741,83,0.06681662087436104,42
cobicistat,-0.09106741573033714,84,-0.012845447908529763,714
lestaurtinib,-0.09106741573033711,85,0.0013052086027370029,460
RAF-265,-0.09078651685393258,86,-0.027472131894244,1003
osimertinib,-0.09061797752808984,87,0.05822405314685461,60
meclofenamic-acid,-0.09035580524344569,88,0.015531015258122905,286
lonafarnib,-0.0900187265917603,89,-0.006067384753309051,583
dolastatin-10,-0.08977528089887638,90,0.010956419481056886,330
GSK-429286A,-0.08947565543071162,91,0.03979027600439102,113
NVP-AUY922,-0.08947565543071162,92,0.06371615884200814,47
baricitinib,-0.08893258426966294,93,0.05820274379160668,61
tosedostat,-0.08868913857677899,94,-0.029537777958074867,1060
rufinamide,-0.08848314606741574,95,0.0793000076794316,29
fenticonazole,-0.08818352059925093,96,0.014189360170472641,295
NVP-TAE226,-0.08790262172284644,97,0.04718374509866056,86
temoporfin,-0.08732209737827712,98,0.02086858942160144,227
AS-703026,-0.08655430711610493,99,0.023391196327076848,201
epitiostanol,-0.0864232209737828,100,0.0329713264538763,148
BIIB-021,-0.08642322097378277,101,0.03295424290409428,149
PF-04691502,-0.08638576779026216,102,-0.009445831075179113,649
etomidate,-0.08602996254681647,103,0.001519168513475577,455
canertinib,-0.08593632958801499,104,0.04816006549337907,84
NVP-BHG712,-0.0853932584269663,105,0.06539046002935843,44
isofloxythepin,-0.08494382022471908,106,0.015465824538774821,287
rociletinib,-0.08445692883895131,107,0.03163356468484693,157
ursodiol,-0.08438202247191007,108,0.03688819801116724,128
GSK-2126458,-0.08430711610486888,109,0.03036094598903948,163
fluticasone-propionate,-0.08303370786516856,110,-0.004336771962679123,558
pelitinib,-0.08301498127340826,111,0.013037462459581102,310
lurasidone,-0.08280898876404494,112,-0.013479567310446519,737
GDC-0941,-0.08277153558052436,113,0.04589907470326354,90
dovitinib,-0.08247191011235955,114,0.039532105729287115,115
dacomitinib,-0.08196629213483149,115,0.07938069556051772,28
MG-132,-0.08172284644194758,116,0.043777604194365057,98
radicicol,-0.08155430711610487,117,0.046600053274077596,87
AP-26113,-0.08147940074906367,118,0.049147419233019865,82
dabrafenib,-0.08147940074906362,119,0.008569113211769683,364
KU-60019,-0.08106741573033713,120,0.030563295016706637,162
ticagrelor,-0.08101123595505619,121,0.033052919891207705,145
selumetinib,-0.08013108614232206,122,0.06984890952388316,38
toremifene,-0.07947565543071156,123,0.01214105054356027,319
malotilate,-0.07921348314606744,124,0.005419410080958436,396
combretastatin-A-4,-0.07887640449438205,125,0.009921117439973317,343
PF-04136309,-0.07882022471910113,126,-0.012510211902206088,702
YM-201636,-0.07831460674157302,127,0.08334121688183091,23
BMS-599626,-0.07801498127340822,128,0.025817056546898965,189
SCH-28080,-0.07792134831460676,129,-0.015073425513327365,771
BMS-707035,-0.07780898876404492,130,-0.013434672448509091,736
metoprolol,-0.07719101123595506,131,-0.023545205604778647,925
calcitriol,-0.07709737827715353,132,-0.01583151108087144,787
IOWH-032,-0.07705992509363294,133,0.0037484600568837975,421
KIN001-055,-0.07705992509363294,134,0.013320028406396848,305
docetaxel,-0.07700374531835202,135,0.023248977806436564,204
fomocaine,-0.07691011235955053,136,0.0667647078988136,43
homochlorcyclizine,-0.07632958801498124,137,0.02850029311467896,171
siguazodan,-0.07595505617977526,138,0.010454130352677742,335
macitentan,-0.07580524344569288,139,0.019920957589032395,232
JW-7-24-1,-0.07580524344569288,140,0.012135943530996781,320
faropenem,-0.07578651685393259,141,0.017182843394978567,262
sasapyrine,-0.07576779026217229,142,-0.0009068627033848006,507
rosuvastatin,-0.07556179775280898,143,0.06732813295379739,41
SB-743921,-0.07513108614232211,144,0.004566890731176506,407
indole-3-carbinol,-0.07503745318352056,145,0.01853862319882106,246
pioglitazone,-0.07466292134831462,146,0.017686549554723777,258
tesaglitazar,-0.07428838951310862,147,0.013843184331628415,298
ixabepilone,-0.07314606741573036,148,0.01695919689286529,267
"16,16-dimethylprostaglandin-e2",-0.07307116104868916,149,0.006350814970613563,387
tanespimycin,-0.07305243445692883,150,0.05618128250651022,65
anamorelin,-0.07267790262172283,151,0.01148291467128801,328
ercalcitriol,-0.07264044943820223,152,-0.030388315555975067,1082
L-NAME,-0.07230337078651686,153,-0.0051184109691039415,570
MLN-0128,-0.07224719101123596,154,-0.0003040118835093583,490
clomifene,-0.07172284644194754,155,0.03341169770679672,141
ENMD-2076,-0.07123595505617977,156,0.014711873987409875,291
MK-8245,-0.07121722846441947,157,0.014438143801292056,294
albendazole,-0.07106741573033709,158,-0.00016080901944260306,487
geldanamycin,-0.07029962546816482,159,0.054563361461823515,68
pinacidil,-0.07001872659176028,160,-0.009235122205876335,644
bifemelane,-0.0698501872659176,161,0.0021291993674998396,439
dilazep,-0.06956928838951312,162,-0.005021615007375043,568
amineptine,-0.0695318352059925,163,-0.01564890270794159,781
armodafinil,-0.06949438202247192,164,0.010394212635059638,336
fluocinolone-acetonide,-0.06925093632958802,165,0.00013674970308640897,481
tioconazole,-0.06913857677902624,166,-0.013254688562003507,728
isbufylline,-0.06902621722846441,167,0.022465550425586636,210
erlotinib,-0.06895131086142325,168,-0.01992582925783783,854
setiptiline,-0.06893258426966294,169,0.007059572744276839,376
laropiprant,-0.06874531835205994,170,0.019201161334523306,240
methoxsalen,-0.06823970037453181,171,0.019158145137752366,241
ST-1859,-0.0681835205992509,172,0.04861714682093049,83
SU-11274,-0.06812734082397004,173,-0.006384539964328726,595
PF-02545920,-0.06784644194756555,174,0.06400142526337368,46
lonidamine,-0.06750936329588014,175,0.05227074532831546,73
pilaralisib,-0.06743445692883893,176,0.02465056203729014,194
linsidomine,-0.06741573033707865,177,0.02197306911341181,214
RG-4733,-0.06674157303370785,178,0.032480575119304154,152
TAK-285,-0.06632958801498126,179,0.02241792078126062,211
gallopamil,-0.06632958801498123,180,0.06043473814886962,53
NVP-BEZ235,-0.06614232209737828,181,0.016276146181910797,276
darifenacin,-0.06602996254681648,182,-0.006549478711343723,599
colchicine,-0.06602996254681645,183,0.004438083245646233,409
AST-1306,-0.06565543071161051,184,0.0749161705699212,35
chlorpropamide,-0.0656179775280899,185,0.028216389124444304,176
mericitabine,-0.06539325842696632,186,0.00047346716551161335,473
sarsagenin,-0.06516853932584268,187,0.02683469582898556,183
DPI-201106,-0.06501872659176029,188,0.033010327107966794,146
pravastatin,-0.06488764044943818,189,0.04454696921230496,93
XMD11-85H,-0.06470037453183522,190,0.05371979985179828,70
GSK-923295,-0.06443820224719099,191,-0.004846887570109852,563
sofalcone,-0.06363295880149811,192,0.02873340401709302,169
honokiol,-0.0630898876404494,193,0.021589888494258417,220
lacidipine,-0.06275280898876405,194,0.03543103058254294,137
tecastemizole,-0.06239700374531837,195,0.03680375347523708,129
ornidazole,-0.062322097378277125,196,-0.0004862168674487017,495
budipine,-0.06226591760299627,197,0.021885848674881588,215
UK-383367,-0.06196629213483147,198,0.015955061457178912,280
PD-184352,-0.06189138576779027,199,0.03984747261824212,112
amikacin,-0.061779026217228465,200,-0.0038875428175638087,552
XMD-1150,-0.06176029962546814,201,0.03299736187654672,147
bisindolylmaleimide,-0.06166666666666663,202,0.037588665079934386,126
GSK-690693,-0.061591760299625486,203,-0.00608364401437896,585
podophyllotoxin,-0.06123595505617979,204,0.005371085004147513,397
tenidap,-0.06121722846441946,205,0.00473426756347403,405
vicriviroc,-0.06110486891385769,206,0.004007476055411338,415
r(-)-apomorphine,-0.05992509363295879,207,0.001629533644320662,451
trehalose,-0.059662921348314635,208,-0.0031172621448352987,540
alaproclate,-0.05906367041198503,209,-0.006950283662521745,604
lomerizine,-0.05840823970037454,210,-0.005130174036034271,571
tegobuvir,-0.05788389513108613,211,0.012330204747018531,317
cabergoline,-0.05779026217228464,212,0.022586765871124223,207
TG-101348,-0.057715355805243417,213,0.06016578674577396,55
PKI-179,-0.05647940074906367,214,-0.015363911556599627,776
cilomilast,-0.05576779026217227,215,0.03320275381790347,143
balaglitazone,-0.05340823970037453,216,-0.015316930547856357,774
valsartan,-0.050393258426966236,217,0.001402203780409777,457
SR-2640,-0.050112359550561814,218,-0.0038842720454043324,551
diclofensine,-0.04657303370786518,219,-0.00025399892081313913,489
nepafenac,-0.045880149812734056,220,-0.01442355629924045,757
bitopertin,0.0,221,0.004501351987830396,408
meisoindigo,0.0,222,0.020700379365634965,228
busulfan,0.0,223,-0.022495331720176166,908
broxuridine,0.0,224,0.013250221957955395,307
meglitinide,0.0,225,-0.0041902374905093,556
methylprednisolone,0.0,226,-0.06673908446483771,1631
mefloquine,0.0,227,-0.01296132079335156,717
meptazinol,0.0,228,-0.0005820768941244172,498
buspirone,0.0,229,-0.058770026526282555,1548
merbarone,0.0,230,-0.03120846094660344,1103
mephentermine,0.0,231,-0.021388701565549433,887
amitriptyline,0.0,232,-0.03177935799405735,1113
amitifadine,0.0,233,-0.018620153214530106,826
mestinon,0.0,234,-0.05319838999434448,1474
brequinar,0.0,235,-0.01878783625083068,831
amlexanox,0.0,236,-0.008293797477324727,625
bms-906024,0.0,237,-0.010925450293331267,674
bosutinib,0.0,238,0.039628657020168344,114
bupivacaine,0.0,239,0.00964423408154924,352
menadione,0.0,240,-0.02469482383239848,950
metergoline,0.0,241,0.006819274831755272,381
metatinib,0.0,242,0.0072055640336530745,374
bortezomib,0.0,243,0.0356959849723289,134
metformin,0.0,244,0.013138291559469108,308
buparlisib,0.0,245,-0.02177289675560405,895
mepacrine,0.0,246,0.022116788403014905,213
apocynin,0.0,247,-0.011142489127487946,678
metixene,0.0,248,0.010945315328319829,331
andarine,0.0,249,0.019285074046503037,237
atovaquone,0.0,250,-0.00042067420892089285,493
nortriptyline,0.0,251,0.010653313942607523,333
avanafil,0.0,252,0.0023278221318233606,436
naftopidil,0.0,253,0.022484250079792285,209
azacitidine,0.0,254,0.01808809453531071,253
naftidrofuryl,0.0,255,0.00682127178875247,380
mycophenolic-acid,0.0,256,0.01179157112450926,325
mycophenolate-mofetil,0.0,257,-0.012412798349085792,698
mubritinib,0.0,258,-0.012832543740958593,713
bafilomycin a1,0.0,259,0.10280063589586823,9
mozavaptan,0.0,260,0.0021965022169645517,437
moxifloxacin,0.0,261,-0.013334904045757464,732
moxidectin,0.0,262,-0.029464740781776383,1057
molsidomine,0.0,263,-0.02341140305927794,923
narlaprevir,0.0,264,-4.796503216002938e-06,485
molindone,0.0,265,0.028721689702809756,170
navitoclax,0.0,266,-0.011431103004582487,683
anecortave-acetate,0.0,267,0.00017343066850459342,479
nicergoline,0.0,268,-0.04405819816150941,1342
netupitant,0.0,269,0.0019305380863888087,447
nesbuvir,0.0,270,0.019724510176148492,234
niclosamide,0.0,271,-0.02228598411851266,905
argatroban,0.0,272,-0.0003283874744714241,491
aphidicolin,0.0,273,-0.027419515594393516,1000
apabetalone,0.0,274,0.01528552488519281,288
aripiprazole,0.0,275,0.020991794559453037,224
anisodamine,0.0,276,-0.05346118690099731,1478
aniracetam,0.0,277,-0.03313724128238298,1142
neostigmine,0.0,278,0.005257198836315412,399
nisoxetine,0.0,279,-0.027525599201944445,1004
aspirin,0.0,280,0.004815720468968674,403
asymmetrical-dimethylarginine,0.0,281,-0.026664978945819373,986
ataluren,0.0,282,-0.010650433640830535,672
nefazodone,0.0,283,-0.012057705213043203,694
mocetinostat,0.0,284,0.001448276518030165,456
mizolastine,0.0,285,0.052589697554468566,72
anagrelide,0.0,286,0.04085276201112576,107
milacemide,0.0,287,0.010327577240026004,337
midostaurin,0.0,288,0.027288461810038297,182
okadaic acid,0.0,289,-0.01851447952364443,820
amoxapine,0.0,290,0.018457763103603003,249
olanzapine,0.0,291,0.011910308835208322,324
oprozomib,0.0,292,0.016749754423858246,270
betahistine,0.0,293,-0.00442655599129546,560
orantinib,0.0,294,-0.048342465305520645,1414
midodrine,0.0,295,-0.04657082516437386,1394
orlistat,0.0,296,0.11599341482034035,4
mibefradil,0.0,297,-0.00105366660177467,509
bexarotene,0.0,298,-0.050483608677647916,1443
metronidazole,0.0,299,0.04336969742778853,99
bifonazole,0.0,300,-0.0633118543935287,1595
binimetinib,0.0,301,0.03945661594102946,116
milnacipran,0.0,302,-0.062431445800153945,1584
amsacrine,0.0,303,-0.043363048748779,1325
milrinone,0.0,304,0.01704613821070842,265
minaprine,0.0,305,-0.014519366270653982,759
bardoxolone-methyl,0.0,306,0.010153387652646501,341
anacetrapib,0.0,307,0.016047570642808786,278
mitoxantrone,0.0,308,-0.01913658241898307,841
batimastat,0.0,309,-0.061551739692443104,1572
bavisant,0.0,310,-0.024802495326549066,953
beclomethasone-dipropionate,0.0,311,-0.009777289317696072,656
belinostat,0.0,312,0.04256705526982157,102
methylstat,0.0,313,-0.0007135935124015523,504
mitomycin-c,0.0,314,-0.05442239920777605,1487
nutlin-3,0.0,315,-0.023270883871106415,919
bendroflumethiazide,0.0,316,-0.023993025796950528,937
mirtazapine,0.0,317,-0.00839258973924449,628
amuvatinib,0.0,318,0.004581686724840759,406
ofloxacin,0.0,319,-0.023692298562049675,929
mirodenafil,0.0,320,0.004771266795265033,404
benzotript,0.0,321,-0.03320265235583527,1144
mitiglinide,0.0,322,0.016423622503234144,274
benzbromarone,0.0,323,-0.002102555542163786,524
10-DEBC,0.0,324,-0.017385592881468084,809
calpain inhibitor ii,0.0,325,0.04216238291355913,104
dimethyl-fumarate,0.0,326,-0.005234336185234298,572
haloperidol,0.0,327,0.012614786530570927,314
dinaciclib,0.0,328,-0.05223491579982461,1459
halofantrine,0.0,329,-0.02210601765305313,902
diphenylpyraline,0.0,330,-0.02669754553680726,988
gsk126,0.0,331,0.00753347752000973,372
dofequidar,0.0,332,-0.02761907992697437,1007
griseofulvin,0.0,333,-0.04417401847857621,1346
dolutegravir,0.0,334,-0.00010933548541405137,486
donitriptan,0.0,335,0.003256854355351553,423
dopamine,0.0,336,-0.04514115866933495,1366
golvatinib,0.0,337,-0.0015369342044844942,515
glibenclamide,0.0,338,-0.007515835512508263,617
doxazosin,0.0,339,0.01597108839716478,279
doxepin,0.0,340,-0.07568635336674596,1682
ginkgetin,0.0,341,-0.03689856803296196,1202
doxofylline,0.0,342,0.04391703766663878,97
hexachlorophene,0.0,343,0.007602198074269088,371
diltiazem,0.0,344,-0.03084628297210742,1095
dihydroergocristine,0.0,345,0.004387253669317841,410
diflunisal,0.0,346,-0.012455351157885588,699
indibulin,0.0,347,0.005889663432720364,390
indacaterol,0.0,348,-0.005041762299867694,569
imipramine,0.0,349,-0.04408730625715245,1344
dequalinium,0.0,350,-0.026164204549363274,979
iguratimod,0.0,351,-0.02135513566386007,885
ifosfamide,0.0,352,0.002342214143323603,434
dexamethasone-acetate,0.0,353,-0.06722451640819581,1632
ifenprodil,0.0,354,0.0006300540126778718,469
doxorubicin,0.0,355,-0.0324276065426119,1125
idoxuridin,0.0,356,-0.01028946123496772,661
idelalisib,0.0,357,-0.013247067478101683,727
idasanutlin,0.0,358,-0.03904984267563796,1245
idalopirdine,0.0,359,-0.007610669503303783,618
diazoxide,0.0,360,0.023319185840053956,202
ibrutinib,0.0,361,0.032621061242827196,151
dicloxacillin,0.0,362,-0.019762435282626414,852
dicoumarol,0.0,363,-0.01590226558517818,788
hydrocortisone,0.0,364,-0.0229687211725543,915
dexniguldipine,0.0,365,-0.005740174035166256,580
gimeracil,0.0,366,-0.02868000532163732,1035
dronedarone,0.0,367,0.0038307238114900933,420
gestrinone,0.0,368,-0.025618448823274187,968
epothilone-b,0.0,369,0.0020253071287285535,442
fludroxycortide,0.0,370,-0.007463771670775904,613
epz-5676,0.0,371,-0.026020588446703026,977
epz004777,0.0,372,-0.027980666801578905,1020
floxuridine,0.0,373,-0.034029621783404865,1151
flecainide,0.0,374,-0.02712165459513418,993
fipronil,0.0,375,-0.0501610509091769,1439
fingolimod,0.0,376,-0.0062061104649296225,589
flumatinib,0.0,377,0.028169352639244118,177
finasteride,0.0,378,-0.000729452422214576,505
estriol,0.0,379,-0.013198092047381187,725
felbinac,0.0,380,0.021480868236439014,221
fdcyd,0.0,381,-0.03828695214501148,1227
favipiravir,0.0,382,-0.03810491943493262,1222
famciclovir,0.0,383,0.04244161677830476,103
exifone,0.0,384,-0.011660097638142814,688
etravirine,0.0,385,-0.018618366049969977,825
etoposide,0.0,386,-0.025582811055362444,967
filgotinib,0.0,387,-0.0028076249799034955,537
indinavir,0.0,388,-0.01357574114402308,740
epirubicin,0.0,389,-0.05553129747044,1501
fluorometholone,0.0,390,-0.012730972794637403,708
genz-644282,0.0,391,0.006622555815947604,384
dutasteride,0.0,392,-0.030968209352074533,1097
ebselen,0.0,393,-0.0006829378587144977,503
gemifloxacin,0.0,394,0.018486162957639305,247
gefitinib,0.0,395,0.005968010953999852,389
efatutazone,0.0,396,0.04451756693500218,95
efavirenz,0.0,397,-0.006189242236084229,588
gabapentin,0.0,398,0.015907348704000485,281
epirizole,0.0,399,-0.005791155511358261,581
elacridar,0.0,400,-0.0024244822862548926,532
ellagic-acid,0.0,401,-0.013810020531537733,744
emedastine,0.0,402,-0.018719574706943885,828
fulvestrant,0.0,403,-0.014299835244165643,754
ftorafur,0.0,404,-0.008214423403909082,624
fosfomycin,0.0,405,-0.01139983751231192,682
foretinib,0.0,406,0.026115567698259144,187
entinostat,0.0,407,-0.006222716863542712,591
fluoxetine,0.0,408,0.027521511442983433,181
elesclomol,0.0,409,-0.0022956099717166504,529
indirubin,0.0,410,0.008564290779997987,365
defactinib,0.0,411,-0.009141484039433448,643
indoramin,0.0,412,0.007185712566837913,375
lorglumide,0.0,413,0.04286715583860696,101
lopinavir,0.0,414,-0.014350756258842075,755
loperamide,0.0,415,-0.03231864187522467,1123
lomitapide,0.0,416,0.017743296463667953,257
lomeguatrib,0.0,417,-0.01903508600937571,838
chlorpromazine,0.0,418,-0.001643724181984676,516
chlorprothixene,0.0,419,-0.006082611356204878,584
lofexidine,0.0,420,-0.007087579940813232,608
losartan,0.0,421,0.00045238308660328313,474
choline-alfoscerate,0.0,422,-0.03966713670691875,1265
ciclesonide,0.0,423,-0.045746840040592755,1377
licarbazepine,0.0,424,0.05079981842141973,80
levosimendan,0.0,425,-0.027647223410091532,1009
cilostazol,0.0,426,0.00543741083192555,395
cimetidine,0.0,427,-0.015301749164379016,773
cinaciguat,0.0,428,0.005347110279699603,398
levomequitazine,0.0,429,-0.047729844031137204,1408
cinnarizine,0.0,430,-0.029003783344320504,1045
lidocaine,0.0,431,-0.007200573908419499,610
levofloxacin,0.0,432,0.033732829518859975,140
lucitanib,0.0,433,-0.04288265419973643,1318
lupanine,0.0,434,-0.05823007266912686,1540
calpeptin,0.0,435,-0.030146886774454918,1075
camicinal,0.0,436,-0.027640069814577676,1008
camostat-mesilate,0.0,437,-0.041177502749969855,1297
camptothecin,0.0,438,0.0018384317085605138,448
medroxyprogesterone-acetate,0.0,439,-0.03619278215552858,1194
candesartan,0.0,440,-0.01719882470359691,805
mebendazole,0.0,441,-0.04374763849153478,1333
maxacalcitol,0.0,442,-0.0723823208882051,1661
luliconazole,0.0,443,0.02091505069237658,226
carbenoxolone,0.0,444,-0.02550888225807654,966
carfilzomib,0.0,445,0.01815057307022428,252
carglumic-acid,0.0,446,0.011935011940732557,323
maraviroc,0.0,447,-0.04261276996770103,1315
cariprazine,0.0,448,0.020691304052025346,229
maprotiline,0.0,449,-0.03307760588433888,1141
carvedilol,0.0,450,-0.014017264857397705,746
cefepime,0.0,451,-0.03101500292384852,1100
cefoperazone,0.0,452,-0.02012998598004349,856
marimastat,0.0,453,-0.035470149408308935,1179
medrysone,0.0,454,-0.05866140543691868,1546
levocabastine,0.0,455,0.011644867592292734,326
cladribine,0.0,456,-0.05297133264898601,1469
ketanserin,0.0,457,0.008156022382714803,367
kakonein,0.0,458,0.0358713512051251,133
cyproterone-acetate,0.0,459,-0.015912256045922328,789
cytarabine,0.0,460,0.0070563265327756985,377
josamycin,0.0,461,-0.0585737998147564,1544
cytochalasin-b,0.0,462,0.01679263634675831,269
ixazomib,0.0,463,0.015881188871772072,283
dacinostat,0.0,464,0.09393663560355749,14
ketoconazole,0.0,465,0.01899044586496918,242
ivermectin,0.0,466,0.014091159155096117,296
itraconazole,0.0,467,-0.025021912203776142,957
danegaptide,0.0,468,-0.028190904310395927,1022
danusertib,0.0,469,0.03216873265709573,153
isoconazole,0.0,470,-0.061093202128961396,1566
dapivirine,0.0,471,-0.052064383361499406,1458
daunorubicin,0.0,472,-0.029425040511530824,1054
inositol,0.0,473,-0.008509636182749143,632
inosine,0.0,474,0.03027355407196787,165
ivacaftor,0.0,475,-0.019997531552389407,855
levetiracetam,0.0,476,-0.005244468172555168,573
cyclizine,0.0,477,0.006828159786057813,379
labetalol,0.0,478,-0.016115120092234363,792
levalbuterol,0.0,479,-0.0324169219621576,1124
lersivirine,0.0,480,-0.0011816045493840842,510
climbazole,0.0,481,-0.014652612893771655,763
lenalidomide,0.0,482,-0.031937106289944193,1116
clioquinol,0.0,483,-0.03685912358671295,1201
clobetasol,0.0,484,-0.011615955785912287,686
clofarabine,0.0,485,-0.05043123143464197,1441
clofazimine,0.0,486,0.025246245220405028,191
cyanocobalamin,0.0,487,-0.05375966532787538,1480
clofibric-acid,0.0,488,0.0006402555160893404,468
clomipramine,0.0,489,0.012000914037793043,322
lapatinib,0.0,490,0.027741468475064424,179
clozapine,0.0,491,-0.009760480277705439,655
lafutidine,0.0,492,0.0018239634334311556,449
compound e,0.0,493,0.018393056216513333,250
conivaptan,0.0,494,0.0020513196624048226,440
crizotinib,0.0,495,0.01348634832440485,303
curcumin,0.0,496,0.01712235732123918,263
clofoctol,0.0,497,-0.00016766939676017545,488
oxatomide,0.0,498,0.023711215878686354,197
picotamide,0.0,499,-0.00829790670997486,626
varenicline,0.0,500,0.0172980368105465,261
KW-2449,0.0,501,-0.0025416645279127603,534
KX2-391,0.0,502,0.009222314834372906,357
L-655240,0.0,503,0.005497041192159387,393
L-690330,0.0,504,-0.003689911275894113,545
triamcinolone,0.0,505,-0.020461570391682806,870
L-citrulline,0.0,506,-0.015414046257063291,777
L-ergothioneine,0.0,507,-0.00749727437972603,616
simeprevir,0.0,508,-0.006162105248487944,587
sildenafil,0.0,509,0.005254381406125506,400
LGX-818,0.0,510,-0.02761490471752285,1006
LXR-623,0.0,511,0.030199110220756515,166
AZD-7545,0.0,512,0.009672311292513593,351
LY-215490,0.0,513,-0.03774706492166695,1217
LY-2157299,0.0,514,0.03320629754997864,142
LY-2228820,0.0,515,0.029979560647337884,167
KU-55933,0.0,516,0.015619444996857485,285
KN-93,0.0,517,-0.02024104073584438,863
simvastatin,0.0,518,0.0684920594655081,39
siramesine,0.0,519,0.009779597426064893,346
JNK-IN-5A,0.0,520,-0.031016936382515584,1101
sotrastaurin,0.0,521,-0.019114403541479922,839
JTC-801,0.0,522,0.0006274687208120784,470
JTE-907,0.0,523,0.01459420627814087,292
warfarin,0.0,524,-0.015976121095142,791
JWE-035,0.0,525,0.01833956580967694,251
solifenacin-succinate,0.0,526,-0.028284973751216552,1024
LY-2334737,0.0,527,-0.0006546847100943948,502
KD-023,0.0,528,0.02554821475551371,190
AZD-8931,0.0,529,-0.039094886840850024,1248
tretinoin,0.0,530,-0.0157858580809854,786
KIN001-127,0.0,531,0.024171303246896297,195
sodium-gualenate,0.0,532,0.033922681580270175,139
sobetirome,0.0,533,2.8818691319938386e-05,484
smer-3,0.0,534,-0.02886453054297172,1043
KIN001-266,0.0,535,0.021716389069711392,217
KD-025,0.0,536,0.03918781766786156,119
AZD-9668,0.0,537,0.021045541425366136,222
LY-2784544,0.0,538,-0.018869422216434128,833
sertindole,0.0,539,-0.014367460976880986,756
NSI-189,0.0,540,0.030979822952286587,159
salirasib,0.0,541,-0.02253306713666842,909
"4,5,6,7-tetrabromobenzotriazole",0.0,542,-0.02359722584048788,927
triflupromazine,0.0,543,0.06340349862995028,48
salermide,0.0,544,0.02349093444523817,200
NVP-BGJ398,0.0,545,-0.025918022899651845,976
NVP-DPP728,0.0,546,0.006027456993685061,388
NXY-059,0.0,547,-0.01878897282849086,832
ruxolitinib,0.0,548,-0.0390568445951386,1246
OCO-1112,0.0,549,0.008329143078453928,366
ORE-1001,0.0,550,-0.0400556170487782,1273
rotundine,0.0,551,-0.047242265723442936,1404
rottlerin,0.0,552,-0.00256284925552093,535
PA-824,0.0,553,-0.062349933706579166,1582
PCA-4248,0.0,554,-0.012576384425871074,704
NSC-4644,0.0,555,-0.05008315188502215,1438
NPK76-II-72-1,0.0,556,0.0073808988635133445,373
NMS-1286937,0.0,557,-0.013480443663965296,738
saquinavir,0.0,558,0.01350393450447881,302
LY-2886721,0.0,559,-0.005664818207505092,578
semagacestat,0.0,560,0.02317088715308406,206
selinexor,0.0,561,-0.029439039840397942,1055
MD-920,0.0,562,-0.06088159471507585,1563
secnidazole,0.0,563,0.0039321131437328365,418
MF-101,0.0,564,-0.03038112733274803,1081
MGCD-265,0.0,565,-0.002409565466024849,531
sertraline,0.0,566,0.00039587915077752715,475
vardenafil,0.0,567,0.008744789694643863,362
saxagliptin,0.0,568,-0.016841611467796586,803
MK-0893,0.0,569,0.0016816278120584125,450
MK-2206,0.0,570,0.03094751688952452,160
trifluoperazine,0.0,571,0.0010609477881906332,462
zafirlukast,0.0,572,0.0030662864838380695,425
MLN-8054,0.0,573,-0.04127856189313612,1299
N6022,0.0,574,0.0201119377985594,231
MK-0752,0.0,575,0.02465666418784682,193
BAY-87-2243,0.0,576,-0.009465512635627579,650
spironolactone,0.0,577,-0.042076832431039324,1308
staurosporine,0.0,578,-0.022845802937702754,912
ACY-1215,0.0,579,-0.019014136050630143,837
CP-945598,0.0,580,-0.023610051038890977,928
tolcapone,0.0,581,-0.0038309329169222742,549
tolbutamide,0.0,582,-0.023870094450425327,933
CT-7758,0.0,583,-0.05311492331221647,1473
tipiracil,0.0,584,-0.01775177642801908,814
CTS-1027,0.0,585,-0.012847999086406523,715
tioguanine,0.0,586,0.0010106127640528914,464
CYT-997,0.0,587,-0.021384840879539267,886
timonacic,0.0,588,-0.03266358300952165,1131
BMS-927711,0.0,589,-0.004347315714432043,559
tramadol,0.0,590,-0.017213755685867662,806
BMS-509744,0.0,591,0.018462561816206438,248
BMS-387032,0.0,592,-0.06553261638115336,1616
E-2012,0.0,593,-0.05921088313224028,1551
tolnaftate,0.0,594,-0.024070847992479858,939
CO-102862,0.0,595,0.013697932615287338,300
AGI-5198,0.0,596,0.012080600889660297,321
tolvaptan,0.0,597,-0.01875947812264923,830
BVD-523,0.0,598,0.01271149807349829,313
BS-181,0.0,599,-0.002096569940676469,523
BX-795,0.0,600,-0.006880726064224204,602
tozasertib,0.0,601,-0.032281811621084365,1122
CEP-32496,0.0,602,0.023248646818822948,205
CEP-37440,0.0,603,-0.001268634460381775,511
CG-930,0.0,604,-0.013164001634902228,722
EMD-1214063,0.0,605,0.037596392135686274,125
CGK-733,0.0,606,-0.020217415961807473,861
CGP-12177,0.0,607,0.008641089666731981,363
CGP-60474,0.0,608,-0.06136850396446138,1567
torcetrapib,0.0,609,0.02328748562069861,203
BRD-K68548958,0.0,610,-0.04453370724818562,1356
CI-966,0.0,611,-0.011505754558528978,685
topiramate,0.0,612,-0.003755166069632521,548
BMY-14802,0.0,613,-0.030557657572953888,1087
BRD-K73261812,0.0,614,-0.016732896016976424,799
thioridazine,0.0,615,0.011499354694487504,327
EPZ-005687,0.0,616,0.02841376377307223,174
EVP-6124,0.0,617,0.008825565029029465,360
talnetant,0.0,618,-0.020345999446004133,865
BIX-01338,0.0,619,0.015759721198616326,284
talazoparib,0.0,620,-0.062156781638353864,1581
tacedinaline,0.0,621,-0.08660318735794659,1723
HG-14-10-04,0.0,622,0.0460193706366067,89
travoprost,0.0,623,-0.046891732295814864,1396
swainsonine,0.0,624,-0.02370287149961009,930
tanaproget,0.0,625,-0.09881592737244468,1749
HMN-214,0.0,626,-0.015973720254816,790
"ICI-185,282",0.0,627,0.014443923591981832,293
sulpiride,0.0,628,-0.033843145597428834,1149
IKK-2-inhibitor-V,0.0,629,0.0009055157746082082,466
vu0155056,0.0,630,0.03865004859884902,123
sulfadoxine,0.0,631,-0.04566001888411558,1374
sulbactam,0.0,632,-0.006986260044556529,607
JNJ-26481585,0.0,633,0.09492866464124644,12
trazodone,0.0,634,0.0015601679037402522,452
PCI-24781,0.0,635,0.040598995907609375,110
tandutinib,0.0,636,-0.04172907305104972,1306
taranabant,0.0,637,-0.030619794219269948,1088
BMS-299897,0.0,638,-0.0014582282285235746,514
thiomersal,0.0,639,-0.04229652090664956,1311
vortioxetine,0.0,640,-0.029073888703161098,1047
FK-888,0.0,641,0.021713772965485146,218
thioguanine,0.0,642,9.396361356901181e-05,483
tetrabenazine,0.0,643,-0.04585940830016253,1381
teneligliptin,0.0,644,-0.004872625518551436,564
GSK-J2,0.0,645,0.008990816850066424,358
tranilast,0.0,646,-0.041087021068644425,1295
GDC-0834,0.0,647,-0.0012735363519039355,512
GDC-0980,0.0,648,0.0210094532160756,223
telcagepant,0.0,649,-0.0038946340586489,553
GSK-1070916,0.0,650,0.006606855724537955,385
GSK-2110183,0.0,651,0.003976762936706715,417
tazarotene,0.0,652,-0.036430945439654444,1197
GSK-256066,0.0,653,-0.05444586798947972,1489
vernakalant,0.0,654,-0.0401370462733658,1275
rosiglitazone,0.0,655,0.009685975860355418,349
PD-153035,0.0,656,-0.02231794960488474,906
roquinimex,0.0,657,-0.023954643176534843,936
zidovudine,0.0,658,-0.022126411209049002,903
YM-155,0.0,659,-0.021081681724190376,879
ARP-101,0.0,660,-0.014735187300304663,765
AR-A014418,0.0,661,0.002707500181293297,430
pinitol,0.0,662,-0.014202510216573759,753
pindolol,0.0,663,0.016704690351347452,271
ZK-811752,0.0,664,-0.02779059629701842,1017
ursolic-acid,0.0,665,0.004075501653477903,413
ZK-93426,0.0,666,-0.027696336446787415,1011
pimozide,0.0,667,-0.014063379619130246,749
pimecrolimus,0.0,668,0.00670189946174022,383
abacavir,0.0,669,-0.042160074474710395,1309
zileuton,0.0,670,-0.04452678103711557,1353
acecainide,0.0,671,-0.0049423790652049155,566
phenytoin,0.0,672,0.0019532834604150564,446
ponatinib,0.0,673,0.002409634119072463,433
Y-26763,0.0,674,0.0021518435831672056,438
XMD-16144,0.0,675,0.021628035931150702,219
XMD-1499,0.0,676,-0.02966556796364585,1064
prochlorperazine,0.0,677,-0.019311878161945358,845
primaquine,0.0,678,0.0005434134569401491,471
VE-822,0.0,679,0.01779503594176112,256
prednisone,0.0,680,-0.0005987087064114471,500
prazosin,0.0,681,0.03126842951517089,158
AS-605240,0.0,682,0.06735507140648862,40
VX-661,0.0,683,-0.013610832177968532,742
acetazolamide,0.0,684,-0.014043874989538897,748
pralatrexate,0.0,685,-0.035844259515902754,1188
WAY-362450,0.0,686,-0.028719733662195608,1037
unc-0646,0.0,687,0.012991660018280062,311
WZ-3105,0.0,688,-0.022935303922823416,914
WZ-4002,0.0,689,0.004155095731604543,412
2-methoxyestradiol,0.0,690,-0.013528536285409964,739
ARRY-334543,0.0,691,-0.012525964145691303,703
XL-147,0.0,692,-0.05389017797958166,1482
VX-765,0.0,693,0.0010966531629920317,461
phenylephrine,0.0,694,-0.030267373696916254,1078
acexamic-acid,0.0,695,0.03443653417873494,138
phenylbutazone,0.0,696,-0.007985969464440665,622
paricalcitol,0.0,697,-0.02620149372745883,981
almorexant,0.0,698,-0.016512064804287272,796
paracetamol,0.0,699,0.036480270251439136,130
papaverine,0.0,700,-0.019809769679107785,853
AMG-232,0.0,701,-0.03898994167800003,1240
palomid-529,0.0,702,0.00933793174281637,354
palbociclib,0.0,703,0.0013867898251370865,458
pasireotide,0.0,704,-0.03580953177198303,1186
altretamine,0.0,705,0.0023351343410573325,435
alvocidib,0.0,706,-0.04587344604341049,1383
ambrisentan,0.0,707,-0.00277695259085403,536
oxiperomide,0.0,708,-0.008897275610906724,638
amcinonide,0.0,709,-0.0435983876975426,1330
AMG-208,0.0,710,-0.02050274045131788,871
AM-24,0.0,711,-0.02783447821671538,1019
amiloride,0.0,712,-0.0062085129147497736,590
alvimopan,0.0,713,-0.008974916815767347,639
UNC-0638,0.0,714,0.0590758116054647,58
aliskiren,0.0,715,-0.004913794795752241,565
penfluridol,0.0,716,-0.00426005979857693,557
acipimox,0.0,717,-0.00041956824989259023,492
acivicin,0.0,718,-0.030512554675106003,1086
phenylacetylglutamine,0.0,719,-0.007901153808961952,620
acrivastine,0.0,720,-0.04197214264551099,1307
actarit,0.0,721,-0.0044941618836515955,562
phenprocoumon,0.0,722,-0.019363274399307212,848
perindopril,0.0,723,0.010168806796317358,340
alisertib,0.0,724,-0.027177348172294735,994
adarotene,0.0,725,-0.0462448233763239,1391
perampanel,0.0,726,0.026298067308586665,186
pentobarbital,0.0,727,0.03912585207125585,120
valrubicin,0.0,728,-0.030007277597369438,1071
17-hydroxyprogesterone-caproate,0.0,729,0.006527217966695667,386
penitrem-a,0.0,730,0.016897577221821992,268
penicillin-v-potassium,0.0,731,-0.016138041042966997,793
verapamil,0.0,732,-0.011904156403967098,693
adatanserin,0.0,733,0.0033095503140876713,422
vorinostat,0.0,734,0.044521925564737594,94
AKT-inhibitor-1-2,0.0,735,-0.03782878717550821,1219
TWS-119,0.0,736,0.0039821831492255315,416
trimebutine,0.0,737,-0.019363869835617477,849
trimethoprim,0.0,738,-0.044689875729484185,1358
PSI-6130,0.0,739,-0.013303266618720626,731
rimcazole,0.0,740,0.02843622514867045,173
rilpivirine,0.0,741,-0.0021812030211210516,527
rilmenidine,0.0,742,-0.013576209740135722,741
rigosertib,0.0,743,-0.04341548723266626,1326
R-547,0.0,744,-0.02823367762294211,1023
rifabutin,0.0,745,-0.035058189592124735,1176
retapamulin,0.0,746,-0.02514461367160396,959
AZ-628,0.0,747,0.018709338144536358,245
RG-2833,0.0,748,-0.020171702246384763,860
triptolide,0.0,749,-0.055737982466670506,1505
resminostat,0.0,750,-0.020374471582922955,866
RHO-kinase-inhibitor-III[rockout],0.0,751,-0.034418338989153766,1159
rimonabant,0.0,752,0.01698388578795514,266
ripasudil,0.0,753,-0.030845792508796422,1094
PK-11195,0.0,754,0.0441432274863732,96
ritonavir,0.0,755,-0.004999180129205276,567
PF-03084014,0.0,756,0.01381267339767744,299
AZD-1981,0.0,757,0.019778362578666952,233
PF-03758309,0.0,758,0.01872131753282798,244
PF-03814735,0.0,759,-0.02449182018002647,946
ropinirole,0.0,760,0.0010464484914526118,463
PF-04457845,0.0,761,-0.013233718060616519,726
PF-04620110,0.0,762,0.022249206376372885,212
RS-127445,0.0,763,-0.03036294209812786,1080
PF-431396,0.0,764,-0.03578762937538593,1185
roflumilast,0.0,765,-0.04329423389347539,1324
PF-573228,0.0,766,0.03776386215309753,124
PFI-1,0.0,767,0.041200801243650526,105
PH-797804,0.0,768,-0.04154882761423144,1305
PHA-665752,0.0,769,-0.010296566727256134,662
PHA-793887,0.0,770,-0.02619047465824868,980
PI-103,0.0,771,-0.00396156801661198,554
PF-477736,0.0,772,-0.03755893068246785,1210
resatorvid,0.0,773,0.00513422801257016,401
relcovaptan,0.0,774,-0.06567811102030212,1617
refametinib,0.0,775,0.028238705949604984,175
AT-9283,0.0,776,0.00891548599615193,359
SR-33805,0.0,777,0.02399870633761784,196
SR-57227A,0.0,778,0.01705312226972919,264
quizartinib,0.0,779,-0.0324708548194898,1126
quinapril,0.0,780,0.012359518956511285,316
pyrazinoylguanidine,0.0,781,-0.012795239855639396,709
protriptyline,0.0,782,0.013686722411488706,301
TAS-103,0.0,783,-0.03556319715064041,1184
zebularine,0.0,784,-0.012639257024073937,705
propranolol,0.0,785,-0.03582731452894028,1187
TGX-221,0.0,786,0.0001809658879132139,478
ulipristal,0.0,787,0.04064070198551749,109
proguanil,0.0,788,0.01027562784960132,338
TPCA-1,0.0,789,-0.015692935864300216,784
progesterone,0.0,790,-0.012800829191361714,710
SN-38,0.0,791,-0.017279095049425205,807
UNC-0321,0.0,792,-0.04315387352076278,1322
racecadotril,0.0,793,0.013310293532511733,306
SEP-227900,0.0,794,0.0020164032655406857,444
rebastinib,0.0,795,-0.08044115559265233,1706
ranolazine,0.0,796,-0.020390689158736288,867
ranitidine,0.0,797,0.01886974560019809,243
ramipril,0.0,798,-0.028345661609315873,1027
AVN-944,0.0,799,-0.0040057627762894,555
SB-271046,0.0,800,-0.008435829557714127,629
SB-525334,0.0,801,0.04743700860075893,85
SGI-1776,0.0,802,-0.006471772260492575,596
tyrphostin-AG-112,0.0,803,-0.021338297683897684,884
raltegravir,0.0,804,-0.03181647457342566,1115
SB-756050,0.0,805,-0.013347430918322413,733
SB-939,0.0,806,0.03888960131494441,122
AV-412,0.0,807,0.017494874186552056,259
ubenimex,0.0,808,0.024808828054783093,192
SC-12267,0.0,809,-0.04060260486624497,1287
raloxifene,0.0,810,0.026317610046416844,185
3-amino-benzamide,0.0,811,0.020189785407309375,230
tracazolate,0.0,812,0.039231108862353765,118
benazepril,0.048089887640449455,813,-0.003382496051046999,541
lisinopril,0.05056179775280899,814,-0.005480476047523005,575
hydroxyurea,0.051704119850187275,815,-0.03831180738657051,1228
enoxolone,0.05177902621722846,816,-0.006848099440184728,601
pentamidine,0.051816479400749064,817,-0.0019096774294277618,521
carbamazepine,0.05207865168539322,818,-0.02346820461115438,924
umeclidinium,0.052116104868913854,819,0.010597248455204454,334
XBD-173,0.05211610486891388,820,-0.009513720674602242,652
anandamide,0.05352059925093633,821,0.03546831719773262,136
gliclazide,0.05352059925093633,822,-0.017632461574208776,813
homoharringtonine,0.053632958801498154,823,-0.03821745776958828,1225
SB-242235,0.05383895131086142,824,-0.021112998843042616,880
etazolate,0.053932584269662937,825,0.009322313422704119,355
duloxetine,0.053951310861423254,826,-0.0006429935298768446,501
ampalex,0.05456928838951314,827,-0.02132341808672811,883
dipraglurant,0.0547752808988764,828,-0.029140645621615602,1048
lacitol,0.05498127340823972,829,-0.014925829876128524,769
irbesartan,0.05514981273408237,830,-0.018945936803193026,835
HG-5-88-01,0.055430711610486884,831,-0.024048083125276832,938
etofylline-clofibrate,0.05573033707865166,832,0.009679089786546108,350
ASC-J9,0.056254681647940064,833,-0.018588295566566708,823
TH-302,0.05631086142322095,834,0.0042164910460357205,411
eperezolid,0.05666666666666667,835,-0.00043487794477708146,494
MK-5108,0.05743445692883892,836,-0.009717690000581185,654
voxtalisib,0.0579962546816479,837,-0.02013066984540885,857
betulinic-acid,0.058352059925093624,838,-0.013167608380131608,723
histamine,0.05838951310861426,839,0.009734967696113487,348
ostarine,0.05855805243445695,840,-0.0023757399068151854,530
NU-7441,0.05882022471910109,841,0.02601614736932734,188
valdecoxib,0.05917602996254678,842,0.05514557528459948,67
naringenin,0.05932584269662922,843,-0.03423221446127554,1156
indoprofen,0.059344569288389507,844,-0.044847231206431255,1362
atracurium,0.05971910112359548,845,-0.040376542421253894,1281
meloxicam,0.059981273408239694,846,-0.030751363873933724,1093
oxiconazole,0.06,847,-0.030670556621131186,1091
amfepramone,0.06011235955056181,848,-0.027447438342668006,1001
ZK-93423,0.060393258426966245,849,-0.020222372255397136,862
AZD-3514,0.061161048689138575,850,0.00013456070745343482,482
disulfiram,0.06134831460674156,851,-0.04292512488233177,1321
DPCPX,0.06159176029962546,852,0.011461119849260027,329
donepezil,0.06170411985018724,853,-0.012829197134460086,712
cordycepin,0.06224719101123595,854,0.03927440205256395,117
WYE-125132,0.06237827715355805,855,-0.031612797670634005,1110
praziquantel,0.062397003745318314,856,0.03086607818348887,161
bruceantin,0.06252808988764041,857,0.00975191900505679,347
talinolol,0.06271535580524346,858,-0.014103688818706864,751
trilostane,0.06277153558052431,859,0.006738191167019936,382
estradiol,0.06280898876404498,860,-0.027762773490965727,1014
elvitegravir,0.06294007490636704,861,0.0013426436643549896,459
timofibrate,0.06299625468164796,862,0.009802272962594276,345
rimexolone,0.06316479400749064,863,-0.05500692655116542,1494
desoxypeganine,0.06342696629213485,864,0.01657524370730084,273
thiothixene,0.06389513108614232,865,-0.027178342628477323,995
A-443654,0.06389513108614236,866,-0.011637801031377619,687
sumatriptan,0.06445692883895132,867,-0.03869363632254374,1234
closantel,0.0644756554307116,868,-0.009003395395884134,640
mepyramine,0.0644943820224719,869,-0.021933911697412226,899
dinoprost,0.06475655430711613,870,-0.025647782822434708,969
bazedoxifene,0.06490636704119848,871,0.017414051552734934,260
ramelteon,0.06499999999999997,872,-0.00794426412098242,621
metoclopramide,0.065,873,-0.010410205950059278,665
etomoxir,0.06520599250936329,874,-0.01150492017270358,684
yohimbine,0.06529962546816481,875,0.0026107830537069085,431
ABT-724,0.06533707865168539,876,0.005823551506641437,392
cisapride,0.06544943820224722,877,-0.006895066067427833,603
estramustine-phosphate,0.06556179775280899,878,-0.02621555205630775,982
sorbinil,0.06580524344569286,879,-0.014175229677421936,752
tolperisone,0.06599250936329593,880,0.0004992643566648374,472
zaleplon,0.06606741573033709,881,-0.012162668814696149,696
ipratropium,0.06632958801498123,882,-0.009395708694657175,648
metolazone,0.06632958801498129,883,-0.02588333913195718,974
celecoxib,0.06632958801498129,884,0.019629624416705235,236
lenvatinib,0.06644194756554306,885,-0.007847342359423486,619
SB-683698,0.06647940074906367,886,-0.051619381472823946,1453
halcinonide,0.06698501872659174,887,-0.08622202373178227,1722
asenapine,0.06700374531835208,888,-0.014098391575415386,750
FK-866,0.0670411985018726,889,0.012832964533616077,312
MK-8033,0.06704119850187268,890,-0.002500773113278604,533
pomalidomide,0.06711610486891384,891,-0.016744679214371942,801
tolimidone,0.06711610486891387,892,-0.031436006979166715,1107
sulfasalazine,0.06735955056179775,893,-0.02802139686595866,1021
amiprilose,0.06737827715355799,894,-0.01497554458102053,770
sodium-tanshinone-ii-a-sulfonate,0.06750936329588013,895,-0.0005867550971364834,499
WZ-7043,0.06754681647940072,896,-0.0022567607526960743,528
gliquidone,0.06771535580524346,897,-0.0007763395038453276,506
TG-100115,0.06773408239700374,898,-0.020896751025724154,876
furosemide,0.06795880149812733,899,-0.025399032016956466,965
AMG-517,0.0679775280898876,900,-0.0157482980302542,785
norgestrel,0.0680711610486891,901,-0.0689579084596157,1641
equol,0.06808988764044942,902,-0.04408050780054948,1343
escitalopram,0.06808988764044945,903,-0.028399100399974994,1029
anidulafungin,0.06816479400749062,904,-0.016757846725008237,802
tamoxifen,0.0684644194756554,905,-0.015684433849999794,783
ethylenediaminetetraacetic-acid,0.06850187265917601,906,-0.02045441005801467,869
diphenidol,0.06850187265917604,907,0.01630665660333359,275
tetracaine,0.06865168539325844,908,-0.02727681774691227,998
lobenzarit,0.06874531835205996,909,-0.02480625621872904,954
DMP-777,0.06893258426966292,910,-0.029363749951114397,1052
bendamustine,0.0690823970037453,911,-0.029178655690424816,1049
epinephrine,0.06913857677902616,912,-0.027534784953789124,1005
telatinib,0.06915730337078649,913,-0.03755962836706058,1211
VT-464,0.06955056179775282,914,-0.02186482783221731,897
zosuquidar,0.06964419475655431,915,-0.03359490193207933,1148
berberine,0.06975655430711611,916,-0.011315191153306961,680
tolazamide,0.06988764044943818,917,-0.006348850089891455,593
piperidolate,0.07001872659176028,918,-0.028571962784568323,1031
quinine,0.07007490636704128,919,-0.030629549217062162,1090
arofylline,0.07016853932584272,920,-0.015441297742120818,778
olmesartan-medoxomil,0.07028089887640449,921,-0.025187796392775297,960
serdemetan,0.07028089887640451,922,-0.03771572339303873,1216
dimesna,0.07037453183520592,923,-0.012643061084050618,706
fenoldopam,0.07074906367041196,924,-0.02732001303531167,999
econazole,0.07088014981273408,925,-0.0340974888532734,1152
AMG-837,0.07088014981273408,926,-0.03479404715830778,1168
rivaroxaban,0.07089887640449438,927,-0.0267358703846147,989
GDC-0068,0.07089887640449438,928,-0.014841984134686318,768
withaferin-a,0.07093632958801499,929,-0.028310682057295814,1026
zofenopril-calcium,0.0709550561797753,930,-0.03420651494296266,1154
CNQX,0.07102996254681643,931,-0.021756336962689665,894
tetrindole,0.07106741573033706,932,-0.0471077131553053,1399
medetomidine,0.07106741573033706,933,-0.023098291755847124,917
carbimazole,0.0711048689138577,934,-0.05432979595611912,1486
telmesteine,0.07144194756554306,935,0.009285641859292829,356
acetylcysteine,0.0715168539325843,936,0.00024847999608879534,476
propafenone,0.07162921348314605,937,0.013094695481141352,309
ethinyl-estradiol,0.0718352059925094,938,-0.019230667422560254,843
sparfloxacin,0.07187265917602997,939,0.00023947340109777663,477
bopindolol,0.07189138576779028,940,0.010933285948981943,332
nicardipine,0.07200374531835207,941,-0.036980159811664644,1204
azithromycin,0.07202247191011235,942,-0.003728819967491791,546
GSK-1059615,0.07202247191011237,943,-0.0005524054093822688,497
chrysin,0.07213483146067418,944,-0.039409477981282956,1256
PS-178990,0.07215355805243445,945,-0.007279241329122236,612
brivudine,0.0722846441947565,946,0.017964807277497715,255
tizanidine,0.07239700374531835,947,-0.01455130141831305,760
dasabuvir,0.07241573033707867,948,-0.03501687592617262,1173
regadenoson,0.0724906367041199,949,-0.05388136095308808,1481
phenformin,0.07256554307116103,950,-0.010254906716520403,660
gemfibrozil,0.07256554307116109,951,-0.03197145111504804,1119
isoniazid,0.07262172284644197,952,-0.01566792841129963,782
ATN-161,0.07286516853932583,953,-0.010228371072758556,659
fluconazole,0.07301498127340822,954,0.00990679997771884,344
andrographolide,0.07307116104868915,955,-0.016253025977452443,795
cabozantinib,0.07333333333333336,956,-0.010370717601433882,664
oxybuprocaine,0.07335205992509364,957,-0.006362727682287696,594
FPL-62064,0.07350187265917603,958,-0.03958826571891166,1261
"3,3'-diindolylmethane",0.07353932584269662,959,-0.03918759247470708,1252
ALW-II-49-7,0.07374531835205991,960,-0.078951913181367,1702
cefdinir,0.07374531835205991,961,-0.0018945370857774784,520
dosulepin,0.07387640449438201,962,-0.0021782473584382816,526
butaclamol,0.07387640449438201,963,-0.023015785431556992,916
GSK-2636771,0.07395131086142322,964,0.0027233455216834792,429
theobromine,0.07400749063670414,965,-0.03758520612668705,1212
firategrast,0.07402621722846442,966,-0.044247641909047085,1348
benzamil,0.0741385767790262,967,-0.0005228292522888335,496
phentolamine,0.07421348314606743,968,-0.037135893599580055,1207
glycitein,0.0743820224719101,969,-0.019336455727551452,847
BMS-345541,0.07438202247191014,970,-0.03626463772042582,1195
etoricoxib,0.07438202247191014,971,-0.07650410349356393,1688
naphazoline,0.07438202247191016,972,-0.05304877112859202,1470
paroxetine,0.0746816479400749,973,0.016630490602374377,272
BIX-01294,0.07471910112359556,974,0.019667462475068388,235
SR-27897,0.07477528089887639,975,-0.040483612841957,1282
rebamipide,0.07483146067415727,976,-0.03264920411532147,1130
telbivudine,0.07505617977528095,977,-0.033583402280902425,1147
erteberel,0.07511235955056181,978,-0.01088594008706049,673
nefopam,0.07524344569288394,979,-0.048548507068206494,1418
famotidine,0.0753183520599251,980,-0.02380253279732783,931
tyrphostin-AG-1478,0.07539325842696631,981,0.0020242665834650634,443
mepivacaine,0.07543071161048688,982,-0.02567176672561594,970
indobufen,0.07546816479400748,983,-0.0243819472158072,944
letermovir,0.07554307116104869,984,-0.04586855819480662,1382
fluphenazine,0.07563670411985018,985,-0.013174371009246465,724
MDL-73005EF,0.07580524344569288,986,-0.03251015590487183,1128
forskolin,0.0758052434456929,987,-0.057614849032287266,1532
YM-976,0.0758052434456929,988,-0.022021747279217553,901
aclidinium,0.07582397003745318,989,-0.03509157084278969,1177
galeterone,0.07589887640449437,990,0.001537606551763939,454
CL-218872,0.07589887640449441,991,-0.005344999871962348,574
MK-3207,0.07608614232209734,992,0.0015428664927227072,453
losmapimod,0.07608614232209741,993,-0.07408547230912421,1673
LY-2811376,0.07610486891385765,994,-0.03181404184560385,1114
nevirapine,0.07612359550561802,995,-0.031718539283629624,1112
niguldipine,0.07616104868913857,996,-0.03587115647326316,1189
bretazenil,0.07619850187265914,997,-0.04022985796369409,1277
enoxacin,0.07627340823970036,998,-0.013260835425232324,729
granisetron,0.07629213483146068,999,-0.049313608088521685,1429
rabeprazole,0.07632958801498127,1000,-0.003538239010997728,542
ixazomib-citrate,0.07636704119850184,1001,0.004071287685920756,414
cyclosporin-a,0.07640449438202249,1002,-0.04683265728515247,1395
rizatriptan,0.07644194756554305,1003,-0.0399969269208692,1271
tivantinib,0.07646067415730334,1004,-0.03762472033014392,1213
glipizide,0.07651685393258427,1005,-0.03607685176184113,1192
amlodipine,0.0765168539325843,1006,-0.01126300666382282,679
varespladib,0.07655430711610484,1007,-0.029399271824874545,1053
ganciclovir,0.0765730337078652,1008,-0.0009231651102590934,508
SDZ-NKT-343,0.07668539325842699,1009,0.023632774809036205,198
ibutilide,0.07674157303370785,1010,-0.020947085660704884,877
vilazodone,0.07683520599250937,1011,-0.023386433504939585,922
bimatoprost,0.07685393258426966,1012,-0.029193276353489412,1050
tolfenamic-acid,0.07694756554307114,1013,-0.027811829826835457,1018
allopurinol,0.0769475655430712,1014,-0.044619007208792826,1357
lacosamide,0.07705992509363295,1015,-0.04694799228999445,1397
deoxycholic-acid,0.0772097378277154,1016,-0.050059454979772273,1437
GW-843682X,0.07728464419475654,1017,-0.05811265226619397,1539
IPI-145,0.07734082397003741,1018,0.0019684584685297937,445
fluvoxamine,0.07739700374531834,1019,-0.007468041578967638,614
ABT-239,0.07747191011235954,1020,-0.05066363877807465,1445
cyproheptadine,0.07749063670411982,1021,-0.0028788315415315914,538
capsaicin,0.07756554307116102,1022,-0.016733557439866438,800
AZD-2014,0.07756554307116108,1023,-0.06144811328465067,1570
oxybutynin,0.07758426966292134,1024,0.01611132080553708,277
taladegib,0.07764044943820225,1025,-0.009366275985626536,646
theophylline,0.07767790262172283,1026,0.0316521935055429,156
linsitinib,0.07773408239700375,1027,-0.05544938594010003,1499
A-66,0.07775280898876408,1028,-0.03195149293293957,1118
vincamine,0.07780898876404496,1029,-0.010483531433780367,667
bepotastine,0.07801498127340827,1030,-0.020414475652452635,868
quetiapine,0.07825842696629215,1031,-0.03550303509600577,1181
PD-173074,0.07833333333333334,1032,-0.04737656454613322,1407
dexloxiglumide,0.07850187265917602,1033,-0.02885794498387996,1042
ICI-162846,0.07861423220973782,1034,-0.02959580995329678,1062
KBG,0.07872659176029961,1035,-0.038694889786179014,1235
CX-5461,0.0788202247191011,1036,-0.08455177477640183,1719
riociguat,0.07885767790262173,1037,-0.0019301679870694357,522
temozolomide,0.07911985018726593,1038,-0.012259947346188755,697
RU-58841,0.07919475655430716,1039,-0.02382950577946385,932
fenoterol,0.07925093632958802,1040,-0.06816559661943411,1637
scopolamine,0.0794007490636704,1041,0.01251371405894757,315
nebivolol,0.07949438202247192,1042,-0.026344416678333548,983
telotristat,0.0796629213483146,1043,-0.008498020095807588,630
fexofenadine,0.07977528089887642,1044,-0.015094939441475379,772
eugenol,0.0797940074906367,1045,-0.05307001417501272,1472
clinofibrate,0.07985018726591758,1046,-0.038373868210252134,1229
torin-1,0.07986891385767789,1047,-0.038163536428746064,1224
cpi-169,0.07998127340823967,1048,-0.0439535522450297,1340
lirimilast,0.07998127340823968,1049,-0.043164935970109806,1323
PSI-7976,0.07998127340823968,1050,-0.018568599461792935,822
CI-976,0.07999999999999996,1051,-0.04082785665536753,1292
nateglinide,0.0800374531835206,1052,-0.06151889447494057,1571
picolinic-acid,0.0802059925093633,1053,-0.0214679501916887,888
rifaximin,0.08031835205992507,1054,-0.042706230570993445,1316
genistein,0.08035580524344577,1055,-0.07811238820584189,1697
triptorelin,0.08050561797752803,1056,-0.0085590112309882,633
lodoxamide,0.0805430711610487,1057,-0.013300033443162617,730
tyrphostin-1,0.08054307116104875,1058,-0.0407345186677255,1290
bisoprolol,0.08056179775280899,1059,-0.02434464279076387,943
tacrolimus,0.08056179775280903,1060,0.002025365357539598,441
clindamycin,0.08063670411985019,1061,-0.0556371175127739,1503
chlorphenamine,0.08065543071161049,1062,-0.0662325723912596,1627
TAK-715,0.08071161048689135,1063,-0.029472359839623527,1058
decitabine,0.08073033707865168,1064,-0.03159132543319162,1109
reboxetine,0.08084269662921348,1065,-0.011341352803826497,681
ZSTK-474,0.08091760299625467,1066,-0.022552957180757945,910
sertaconazole,0.08106741573033707,1067,-0.03473863595990829,1167
OSI-027,0.0810861423220974,1068,-0.06265027968495689,1588
cefotetan,0.08112359550561793,1069,0.0028014504351805904,427
API-001,0.08112359550561798,1070,-0.010357295783711315,663
zaprinast,0.08114232209737826,1071,-0.035904070913879746,1190
nafamostat,0.08116104868913857,1072,0.005851006846866823,391
nizofenone,0.08132958801498127,1073,-0.021887998836431798,898
liranaftate,0.08136704119850188,1074,-0.06360027368356083,1599
aminocaproic-acid,0.08138576779026216,1075,-0.019269832111313737,844
deferasirox,0.0814232209737828,1076,-0.03979846657874027,1267
tebipenem,0.0814232209737828,1077,-0.050049607910050635,1436
pazufloxacin,0.08144194756554304,1078,-0.012800864913146184,711
tafamidis-meglumine,0.08144194756554309,1079,-0.026988912078858757,992
tonabersat,0.0814419475655431,1080,-0.01858916053937401,824
delanzomib,0.0814606741573034,1081,-0.005509288980803333,576
chlormezanone,0.08159176029962546,1082,-0.030154600938277324,1076
ticlopidine,0.08161048689138573,1083,-0.006977167086918383,606
pantoprazole,0.08168539325842697,1084,-0.026928280961125754,990
alagebrium,0.08174157303370788,1085,-0.013782019864319215,743
cinoxacin,0.08183520599250937,1086,0.003029073977973793,426
tasquinimod,0.08187265917602995,1087,-0.0062894085628777165,592
cutamesine,0.08194756554307114,1088,-0.017835195122941294,815
DMP-543,0.08196629213483148,1089,0.00766562139432076,369
seocalcitol,0.08198501872659181,1090,-0.05604225311539633,1508
efaproxiral,0.08205992509363297,1091,-0.03994263697168765,1270
ARN-509,0.08207865168539324,1092,-0.024985166808313603,955
CB-10-277-(free-acid),0.08215355805243446,1093,-0.041127695689113244,1296
perhexiline,0.08222846441947565,1094,-0.025897750863141746,975
artesunate,0.08222846441947568,1095,-0.07416277529885419,1674
rupatadine,0.08228464419475656,1096,-0.057184434966254374,1524
PF-04447943,0.08230337078651684,1097,-0.004468572694358843,561
glycopyrrolate,0.08232209737827714,1098,-0.045837636075487194,1380
estramustine,0.08234082397003742,1099,-0.04616641537637834,1388
GSK-J4,0.08241573033707866,1100,-0.03670315049704099,1199
oxaprozin,0.08254681647940074,1101,-0.0623573117170754,1583
drospirenone,0.08254681647940074,1102,-0.007479930808075495,615
MK-0812,0.08256554307116104,1103,0.012151276971104642,318
everolimus,0.08256554307116108,1104,-0.0617172949651881,1574
GDC-0879,0.0826217228464419,1105,-0.02429444570095996,942
pazopanib,0.08265917602996253,1106,-0.06160353111843072,1573
desmopressin-acetate,0.0827153558052434,1107,-0.017309257102587967,808
AZD-8055,0.08282771535580524,1108,-0.018556325817731197,821
exherin,0.08284644194756552,1109,-0.03550875076886421,1182
PRX-08066,0.0829026217228464,1110,-0.07430979558179611,1677
alectinib,0.08295880149812732,1111,-0.003740742121974751,547
aminosalicylic-acid,0.08301498127340823,1112,0.0009150279793849402,465
cariporide,0.08316479400749066,1113,-0.01182328715794879,692
benzydamine,0.08320224719101127,1114,-0.03156040401771533,1108
metamizole,0.08327715355805243,1115,-0.041179013469598465,1298
methylnaltrexone,0.08335205992509359,1116,-0.016514746908341323,797
ambroxol,0.0834082397003745,1117,-0.032181862597596096,1120
GSK-2334470,0.083501872659176,1118,-0.009935573490002582,658
deferiprone,0.08352059925093636,1119,-0.045968409346739195,1386
methimazole,0.08355805243445694,1120,-0.05712133508529733,1523
CX-516,0.08359550561797754,1121,-0.051530909406874985,1452
phentermine,0.08368913857677904,1122,-0.028531199736669358,1030
SK&F-10047-(+),0.08391385767790263,1123,-0.0302883798811535,1079
biperiden,0.08393258426966291,1124,-0.008634208083431197,634
pilocarpine,0.08398876404494382,1125,-0.032867275678403,1137
talmapimod,0.0840074906367041,1126,-0.03473172545420471,1166
AMG-487,0.08415730337078653,1127,-0.044278772119555325,1350
licochalcone-a,0.08421348314606741,1128,-0.03194496777985538,1117
trifluridine,0.084250936329588,1129,-0.03594978524360267,1191
mercaptopurine,0.08426966292134833,1130,0.005102653711205363,402
tagatose,0.0842883895131086,1131,-0.010986132971542984,675
dextromethorphan,0.08432584269662925,1132,-0.018907442016071745,834
hesperidin,0.08438202247191012,1133,-0.021584859454624482,889
fadrozole,0.0845692883895131,1134,-0.03713215850028618,1206
pirenzepine,0.08456928838951311,1135,-0.02669002242730051,987
HG-5-113-01,0.08471910112359549,1136,0.009569320948337932,353
tetrahydrouridine,0.08475655430711615,1137,-0.018755104056332603,829
AZD-1208,0.0849812734082397,1138,-0.06272345360056124,1589
tofacitinib,0.0852808988764045,1139,-0.02447944468544001,945
otilonium,0.0852808988764045,1140,-0.03505252138411459,1175
nimodipine,0.0852808988764045,1141,-0.05735626964385607,1526
lesinurad,0.08528089887640451,1142,-0.001755736203404426,519
etodolac,0.0853183520599251,1143,-0.006593895005509604,600
zalcitabine,0.08539325842696627,1144,-0.054588230536691526,1490
nemonapride,0.0853932584269663,1145,-0.02088646986136519,875
norfloxacin,0.08544943820224718,1146,-0.005653375351194133,577
retigabine,0.08544943820224718,1147,-0.010547728958325732,671
amodiaquine,0.08548689138576776,1148,-0.0013803582484030697,513
bupropion,0.085561797752809,1149,-0.03945621350965643,1258
aprepitant,0.08559925093632956,1150,-0.011751899835034014,689
acarbose,0.08559925093632959,1151,-0.017575265103735055,811
mesulergine,0.08565543071161046,1152,-0.04033917694916527,1280
droperidol,0.08573033707865169,1153,-0.07221945785413028,1659
troglitazone,0.0857865168539326,1154,0.033067315337955545,144
MBX-2982,0.08578651685393261,1155,-0.009485061830139292,651
bucladesine,0.0858239700374532,1156,-0.02577542735363939,971
AGI-6780,0.085936329588015,1157,-0.03897768352567361,1238
glafenine,0.08606741573033708,1158,-0.03136349134243637,1105
sch 900776,0.08610486891385771,1159,-0.04608528908490623,1387
safingol,0.08612359550561799,1160,-0.051529469158133036,1451
moxonidine,0.08616104868913854,1161,-0.027783156770082487,1016
IKK-inhibitor-X,0.08623595505617979,1162,-0.04591817934027767,1385
piretanide,0.0862734082397004,1163,-0.02519137926468896,961
tamsulosin,0.08627340823970042,1164,0.021819780788707395,216
buflomedil,0.0863295880149813,1165,-0.012929934622190753,716
pidotimod,0.08638576779026218,1166,0.0027362946967990193,428
reserpine,0.08647940074906371,1167,-0.07087024820264351,1653
aminoguanidine,0.08649812734082396,1168,-0.02287980526950358,913
etacrynic-acid,0.0866479400749064,1169,-0.02162185463346527,891
piribedil,0.08666666666666667,1170,-0.012467931538647335,701
D-serine,0.08668539325842695,1171,-0.023350908795978856,921
GSK-1292263,0.08668539325842697,1172,-0.03899430539236354,1242
temazepam,0.086685393258427,1173,-0.050473643265877104,1442
deforolimus,0.086685393258427,1174,-0.07531976328938361,1679
CC-401,0.08676029962546818,1175,-0.023304505161723686,920
ketoprofen,0.08679775280898873,1176,-0.04237597018070693,1312
tirapazamine,0.08692883895131082,1177,-0.03791901106719509,1220
butorphanol-(+)-tartrate,0.08705992509363294,1178,0.003920480619577525,419
salvinorin-a,0.08707865168539328,1179,-0.045084444384007834,1364
ivabradine,0.08720973782771534,1180,-0.015528842339071813,779
EMD-53998,0.08722846441947568,1181,-0.03685537491203992,1200
castanospermine,0.08722846441947568,1182,-0.0349365778808274,1169
ZD-7288,0.08739700374531836,1183,-0.055674544964835,1504
TG-100801,0.08743445692883897,1184,-0.029583181154183617,1061
melatonin,0.0875093632958801,1185,-0.030161677811691448,1077
lasalocid,0.08754681647940074,1186,-0.013079369652099477,719
ZK-200775,0.08756554307116104,1187,-0.07176633189457186,1658
timolol,0.0876029962546816,1188,-0.009359222250815091,645
isradipine,0.08765917602996255,1189,-0.03763102605909332,1214
carprofen,0.08767790262172281,1190,-0.0346978116618835,1165
AMD-11070,0.08773408239700375,1191,-0.05739956489326457,1527
ZM-447439,0.08790262172284644,1192,-0.060120848945873814,1560
testosterone,0.08790262172284645,1193,-0.045335105327437016,1367
3-deazaadenosine,0.08808988764044945,1194,-0.040564232515240085,1286
stavudine,0.08810861423220973,1195,-0.030394839107526248,1083
edoxaban,0.08812734082397003,1196,-0.02693832707934344,991
dabigatran-etexilate,0.08820224719101125,1197,-0.051857319135089036,1455
lorcaserin,0.08825842696629219,1198,-0.03824413062612792,1226
novobiocin,0.08844569288389514,1199,-0.045482994412460793,1371
penciclovir,0.08844569288389514,1200,-0.012654577716123378,707
cinepazide,0.08853932584269664,1201,-0.017611958876090503,812
norethisterone,0.08853932584269665,1202,-0.09014464951567647,1735
acyclovir,0.08855805243445693,1203,-0.07029175499773534,1649
tazobactam,0.08855805243445694,1204,0.014729132892169568,290
KIN001-260,0.08857677902621722,1205,-0.030629286288817923,1089
QL-X-138,0.08859550561797755,1206,-0.05019444994200819,1440
dienogest,0.08867041198501871,1207,-0.04392177620413579,1336
atipamezole,0.08885767790262177,1208,0.019214906848587166,239
zardaverine,0.08900749063670413,1209,-0.052788856979742345,1465
chlorambucil,0.08902621722846446,1210,-0.0309659877481403,1096
formestane,0.08906367041198501,1211,-0.02082395362668092,873
torasemide,0.0891385767790262,1212,-0.005698685799931208,579
emtricitabine,0.08913857677902626,1213,-0.03280394155251277,1135
blonanserin,0.08930711610486891,1214,-0.06596019968799553,1622
delivert,0.08930711610486891,1215,0.020925778854846748,225
nefiracetam,0.08934456928838952,1216,-0.00902604381536809,641
pyrimethamine,0.08936329588014982,1217,-0.02865212367711002,1034
flumazenil,0.08943820224719101,1218,-0.05585878143521936,1507
bumetanide,0.08945692883895132,1219,-0.014641764150158143,762
O6-benzylguanine,0.08951310861423219,1220,-0.04928922049408978,1428
BAY-K8644,0.08953183520599253,1221,-0.013355944465490025,734
apixaban,0.08953183520599256,1222,-0.008084924667520274,623
norethindrone,0.08956928838951309,1223,-0.06333195618994275,1596
pterostilbene,0.08958801498127342,1224,-0.029642344993725575,1063
gaboxadol,0.08985018726591759,1225,-0.0327436568714277,1134
imiquimod,0.09000000000000002,1226,-0.02972619671315636,1066
istaroxime,0.09001872659176027,1227,-0.03896996185950641,1237
bemegride,0.0900187265917603,1228,-0.03419792609547615,1153
KIN001-270,0.09013108614232207,1229,-0.029880117046945723,1068
bevirimat-dimeglumine,0.09024344569288392,1230,-0.02539008531425244,964
disopyramide,0.09029962546816481,1231,-0.03949009125316685,1259
venetoclax,0.09037453183520598,1232,-0.04133150877740873,1300
PX-12,0.09050561797752814,1233,-0.008670885464038545,635
eflornithine,0.09054307116104876,1234,-0.05527804953119343,1498
orteronel,0.09056179775280898,1235,-0.009899250267961306,657
AV-608,0.09071161048689136,1236,-0.043736674201427114,1332
probucol,0.09071161048689136,1237,-0.03343048644349455,1146
lidamidine,0.09089887640449434,1238,-0.02864034005819393,1032
fusidic-acid,0.09089887640449437,1239,-0.028831285010612235,1040
felbamate,0.09108614232209736,1240,-0.04069951091920898,1288
teriflunomide,0.0912734082397004,1241,-0.020142525463083157,858
linezolid,0.09131086142322092,1242,-0.01755517161113775,810
PD-123319,0.09140449438202244,1243,-0.02355136197673084,926
barasertib-HQPA,0.09142322097378275,1244,-0.05774339636268816,1534
loratadine,0.09142322097378278,1245,-0.027684612874404643,1010
AZD-6482,0.09146067415730336,1246,-0.05150450065132605,1450
nicotinamide,0.09159176029962543,1247,-0.008505050047113124,631
adoprazine,0.09162921348314607,1248,-0.029312276598676582,1051
potassium-canrenoate,0.09170411985018724,1249,-0.049223212791153305,1425
goserelin-acetate,0.09179775280898872,1250,-0.05810068118669998,1538
pirfenidone,0.09185393258426963,1251,-0.01916912219055139,842
dazmegrel,0.09191011235955052,1252,-0.02878672562710435,1039
levothyroxine,0.09192883895131088,1253,-0.04453263738656503,1355
voreloxin,0.09194756554307115,1254,-0.04413420939651476,1345
methazolamide,0.09194756554307118,1255,-0.010418485425252035,666
sufentanil,0.09202247191011231,1256,-0.008736167862760177,637
SB-203580,0.09211610486891383,1257,-0.04072136066288968,1289
cilengitide,0.09215355805243444,1258,-0.021668706971021044,892
mifobate,0.09230337078651685,1259,-0.03666099575342629,1198
pemirolast,0.09234082397003748,1260,-0.03698993123727348,1205
repaglinide,0.09234082397003748,1261,-0.02427425663772736,941
T-5224,0.09235955056179776,1262,-0.04590493368153303,1384
quercetin,0.09249063670411989,1263,-0.038992520214930715,1241
fenobam,0.09250936329588016,1264,-0.05545386260259851,1500
sulmazole,0.09264044943820224,1265,-0.022419958771250484,907
tobramycin,0.09265917602996254,1266,-0.049064944849303085,1424
probenecid,0.09273408239700373,1267,-0.04391804506452008,1335
SB-590885,0.09279026217228464,1268,-0.030085182412796566,1073
ilomastat,0.09280898876404495,1269,-0.04893311493385099,1422
sulbutiamine,0.09282771535580525,1270,-0.05563054555485617,1502
adenosine,0.09282771535580525,1271,-0.0036323759076204035,543
amiodarone,0.09301498127340825,1272,-0.024770446378477994,952
palmitoylethanolamide,0.09301498127340826,1273,-0.08345157459568292,1717
apremilast,0.09314606741573028,1274,-0.0826082465560053,1713
imatinib,0.09316479400749063,1275,-0.05493336961478605,1493
doxifluridine,0.09329588014981277,1276,-0.021725737048960372,893
mannitol-D,0.09331460674157302,1277,0.007628301548642517,370
mibampator,0.09350187265917603,1278,-0.05338762327885517,1475
piketoprofen,0.09361423220973777,1279,-0.0017510925903188805,518
CP-724714,0.09361423220973786,1280,-0.04423633671123933,1347
ketorolac,0.09374531835205993,1281,-0.016219486425622553,794
nikethamide,0.09387640449438206,1282,-0.03958022565192172,1260
BCI-540,0.09393258426966292,1283,-0.011812889718466982,691
nicaraven,0.09397003745318361,1284,0.013387494742908911,304
SYK-inhibitor,0.09410112359550561,1285,-0.037328887955470236,1208
rondual-kinase-inhibitor,0.09417602996254681,1286,-0.027239062183715426,997
flutamide,0.09417602996254681,1287,-0.05607944201261226,1509
tiabendazole,0.0943258426966292,1288,-0.06651122517612275,1629
chloroquine,0.0943445692883895,1289,-0.025039042235611972,958
BMS-777607,0.0944943820224719,1290,-0.02392526689852773,934
procainamide,0.09455056179775279,1291,-0.020830534223089784,874
NF-449,0.09475655430711605,1292,-0.04007154736305396,1274
semaxanib,0.0947565543071161,1293,-0.013092729520675314,720
flutrimazole,0.0947565543071161,1294,-0.0781696160925482,1698
MK-0773,0.0947565543071161,1295,-0.031260669049826405,1104
folic-acid,0.09475655430711616,1296,-0.040523004569577636,1283
fludarabine-phosphate,0.09483146067415728,1297,-0.05752998934858834,1531
pranlukast,0.0948501872659176,1298,-0.07260887264593058,1664
LY-294002,0.0949250936329588,1299,-0.013051201552605002,718
torcitabine,0.09501872659176026,1300,-0.019319927441679634,846
CPI-613,0.09503745318352061,1301,-0.007209038327006219,611
eplerenone,0.09524344569288387,1302,-0.011127765160908052,677
ziprasidone,0.09528089887640448,1303,-0.05501097828518012,1495
bosentan,0.09537453183520594,1304,-0.0618728429447731,1576
triamterene,0.09544943820224717,1305,-0.05231032172011066,1461
oseltamivir-carboxylate,0.09558052434456926,1306,-0.08774849609877666,1731
febuxostat,0.09563670411985023,1307,-0.025369843299736204,963
dorzolamide,0.09573033707865167,1308,-0.012074065394587821,695
clemizole,0.09573033707865167,1309,-0.04862916666792205,1420
doxapram,0.095749063670412,1310,-0.01052750809573671,668
butoconazole,0.0957677902621723,1311,-0.05053648176910323,1444
omecamtiv-mecarbil,0.09578651685393255,1312,-0.06602006996212821,1623
urea,0.09582397003745319,1313,-0.01796054139075427,816
ALW-II-38-3,0.09591760299625465,1314,-0.05645365865479851,1514
grazoprevir,0.09593632958801496,1315,-0.006522657956600147,598
atenolol-(+/-),0.09610486891385765,1316,-0.01942208166303517,850
masoprocol,0.096123595505618,1317,-0.04226040300844355,1310
fidaxomicin,0.09619850187265921,1318,-0.024164374633087845,940
NVP-AEW541,0.09621722846441946,1319,-0.0389301257319757,1236
AGK-2,0.09632958801498126,1320,-0.021059278626537444,878
ORG-9768,0.0963857677902622,1321,-0.020275122390792957,864
dexfenfluramine,0.09642322097378278,1322,-0.04055025107384981,1285
benfluorex,0.09649812734082397,1323,-0.019422308843766677,851
sitagliptin,0.09655430711610491,1324,-0.01912969720083311,840
KI-20227,0.09677902621722848,1325,-0.0385753145878555,1233
nimesulide,0.09685393258426961,1326,-0.027449518070642043,1002
AGP-103,0.09689138576779026,1327,-0.05584051323256371,1506
ketotifen,0.09694756554307116,1328,-0.01821428678245753,817
esculin,0.09700374531835207,1329,-0.03425187538007923,1158
formoterol,0.09705992509363301,1330,-0.03781824455360751,1218
chloramphenicol,0.09717228464419475,1331,-0.044741097453731525,1359
safinamide,0.09735955056179779,1332,-0.054444652743727784,1488
oxymetazoline,0.09752808988764043,1333,-0.056795549604748585,1517
tipranavir,0.09756554307116105,1334,-0.04366694923112489,1331
balsalazide,0.09775280898876404,1335,0.0025044864956492367,432
fosinopril,0.09777153558052434,1336,-0.04288266876276883,1319
VGX-1027,0.09784644194756556,1337,-0.013388553751243804,735
miconazole,0.09792134831460675,1338,-0.043930956773635295,1337
FPL-55712,0.09794007490636705,1339,-0.0321866612900455,1121
basimglurant,0.09807116104868913,1340,-0.0723146465555267,1660
SB-239063,0.09807116104868915,1341,-0.053738185142717235,1479
arglabin,0.09812734082397001,1342,-0.03802212447535529,1221
VX-222,0.09827715355805244,1343,-0.03101109419247906,1099
thiocolchicoside,0.09827715355805244,1344,-0.006516548688566272,597
tamibarotene,0.09829588014981278,1345,-0.04883032883586911,1421
darunavir,0.09831460674157305,1346,-0.04279111843691252,1317
sulfafurazole,0.09840823970037452,1347,-0.028287730728719696,1025
birinapant,0.09850187265917604,1348,-0.0017107807243359838,517
HC-030031,0.0985205992509363,1349,-0.07037424979133122,1651
cyclobenzaprine,0.09855805243445692,1350,-0.0036367817026129686,544
omeprazole,0.0986142322097378,1351,-0.05742915666615084,1529
chlorthalidone,0.0986329588014982,1352,-0.04922887403276702,1426
vinpocetine,0.09865168539325843,1353,-0.07819508794848129,1699
suprofen,0.09874531835205994,1354,-0.015548117926536775,780
acenocoumarol,0.09876404494382024,1355,-0.021198442467365068,882
GDC-0152,0.09883895131086141,1356,-0.02194311280334202,900
guanethidine,0.09889513108614231,1357,-0.03285385394863457,1136
methyldopa,0.09900749063670414,1358,-0.03902972537948456,1244
ASA-404,0.09900749063670417,1359,-0.02884505651410274,1041
desvenlafaxine,0.0991198501872659,1360,-0.055162527998982705,1497
azathioprine,0.09915730337078649,1361,-0.0594801636730114,1554
benzthiazide,0.09915730337078657,1362,-0.07793264791113916,1695
phenylbutyrate,0.09930711610486892,1363,-0.0374537880111442,1209
edoxudine,0.09938202247191008,1364,-0.07244400517455968,1662
metenkephalin,0.09943820224719103,1365,-0.052866519099076324,1467
oxandrolone,0.0994943820224719,1366,-0.032991763402546365,1140
pritelivir,0.0994943820224719,1367,-0.04356610563556295,1329
afloqualone,0.09953183520599254,1368,-0.038158597962555676,1223
verteporfin,0.09956928838951314,1369,-0.1067937981972766,1755
CGS-20625,0.09958801498127341,1370,-0.06585132083655564,1619
lorazepam,0.09985018726591766,1371,-0.05185947010073646,1456
balicatib,0.0999625468164794,1372,-0.05480646955876989,1491
sirolimus,0.10001872659176031,1373,-0.07312653175576725,1668
bindarit,0.10001872659176037,1374,-0.061048464485326775,1565
JQ1-(-),0.10003745318352064,1375,-0.06927679202145304,1643
lamivudine,0.1001123595505618,1376,-0.021602204700018016,890
piracetam,0.10014981273408244,1377,0.018032827835102693,254
phensuximide,0.10024344569288389,1378,-0.07352582495079306,1670
IB-MECA,0.10037453183520606,1379,-0.03248235421996369,1127
zonisamide,0.10044943820224718,1380,-0.030719828886711775,1092
suvorexant,0.1004868913857678,1381,-0.03966932801907933,1266
esmolol,0.1008052434456929,1382,-0.032533430899834404,1129
CPI-1189,0.10082397003745314,1383,-0.05684690097675321,1520
bezafibrate,0.10082397003745319,1384,-0.022275278159912742,904
levonorgestrel,0.10086142322097374,1385,-0.0569338198507485,1521
temsirolimus,0.10088014981273408,1386,-0.07079635562168586,1652
amtolmetin-guacil,0.10089887640449435,1387,-0.06041055578286878,1562
balapiravir,0.10095505617977528,1388,-0.008712278639216498,636
FR-180204,0.10101123595505618,1389,-0.043951963476460576,1339
MLN-2480,0.10104868913857676,1390,-0.053069738439715214,1471
indometacin,0.10116104868913861,1391,-0.02969884282974132,1065
pibenzimol,0.10123595505617977,1392,-0.009391202330412142,647
"2',5'-dideoxyadenosine",0.1012546816479401,1393,-0.035048340322659265,1174
etanidazole,0.10140449438202248,1394,-0.057414701658986766,1528
nandrolone,0.1014794007490637,1395,-0.034461742954630836,1162
leflunomide,0.10151685393258425,1396,-0.0775222441971931,1693
ibuprofen,0.10151685393258428,1397,-0.034516203152721185,1163
hypericin,0.10155430711610486,1398,-0.06671152838965533,1630
levamisole,0.1016104868913858,1399,-0.04355475772557845,1328
radezolid,0.10177902621722844,1400,-0.09988923374825293,1750
xaliproden,0.10191011235955061,1401,-0.03495998791641117,1170
olaparib,0.10192883895131089,1402,-0.10769185821169863,1756
ramatroban,0.10198501872659177,1403,-0.03909027085207873,1247
lisofylline,0.1020037453183521,1404,-0.02476832158886695,951
miglustat,0.10211610486891383,1405,-0.049267212795198745,1427
garcinol,0.10215355805243445,1406,-0.07620228917696938,1685
NU-7026,0.10222846441947564,1407,-0.06475991953719507,1612
rucinol,0.10228464419475658,1408,-0.032884988719975694,1139
carbachol,0.10232209737827713,1409,-0.06430250039516068,1610
dideoxyadenosine,0.10239700374531835,1410,-0.01667429294192421,798
etofenamate,0.1023970037453184,1411,-0.02500098096435827,956
procaine,0.10243445692883899,1412,-0.04716485336313537,1402
olprinone,0.10264044943820225,1413,-0.00383310220122629,550
vinburnine,0.10267790262172283,1414,-0.014751150019523561,766
fluorouracil,0.10275280898876402,1415,-0.06366136443837274,1600
lidoflazine,0.10279026217228464,1416,0.008782082413382625,361
capecitabine,0.10297752808988764,1417,-0.031626997829099,1111
physostigmine,0.1029775280898877,1418,-0.05090155999930412,1447
alizapride,0.10301498127340825,1419,-0.02864223306292831,1033
rotigotine,0.10307116104868912,1420,-0.06352727125316208,1597
LX-1031,0.10312734082396999,1421,-0.029753229262750307,1067
ammonium-glycyrrhizinate,0.10316479400749065,1422,-0.03457002798854507,1164
lumacaftor,0.10320224719101123,1423,-0.04138018022838558,1301
motesanib,0.10335205992509362,1424,-0.041387922860690284,1302
venlafaxine,0.10335205992509364,1425,-0.08726883688826621,1729
bromocriptine,0.10365168539325839,1426,-0.039121124102227,1251
selegiline,0.1037640449438202,1427,-0.02181071810468691,896
veliparib,0.10376404494382022,1428,-0.09661517048822987,1743
melperone,0.10389513108614229,1429,-0.04079659632300909,1291
TIC10,0.10395131086142323,1430,-0.030122611479882735,1074
mCPP,0.10402621722846443,1431,-0.0403286401771339,1279
idebenone,0.10406367041198503,1432,-0.046241134548416434,1390
guanadrel,0.10408239700374533,1433,0.007008802698426433,378
pinaverium,0.10423220973782771,1434,-0.06740826556680314,1634
gatifloxacin,0.10425093632958798,1435,-0.029882793715175836,1069
etizolam,0.10436329588014981,1436,-0.04289915342916284,1320
mazindol,0.10443820224719101,1437,-0.038445316955542,1230
ciprofloxacin,0.10447565543071158,1438,-0.04551153221460189,1373
abiraterone-acetate,0.10451310861423219,1439,-0.0657827755957783,1618
manumycin-a,0.10458801498127346,1440,-0.06946467431055445,1644
betrixaban,0.1046067415730337,1441,-0.04710111965792127,1398
pregnenolone,0.1047940074906367,1442,-0.04396237064876042,1341
SB-216763,0.104812734082397,1443,-0.060093970082926176,1559
clotrimazole,0.10483146067415727,1444,-0.04846937500767679,1416
otamixaban,0.1048501872659176,1445,-0.061414376371680575,1569
trientine,0.10496254681647943,1446,-0.05890321286309613,1549
indiplon,0.10511235955056183,1447,-0.04053070420225523,1284
fomepizole,0.10514981273408236,1448,-0.04829619058831771,1413
amantadine,0.10522471910112358,1449,-0.04253463977298846,1314
chelerythrine,0.10524344569288391,1450,-0.03267422049611232,1133
preladenant,0.10543071161048685,1451,-0.014616834090249728,761
terbinafine,0.10544943820224721,1452,-0.06436633917595322,1611
voriconazole,0.10554307116104869,1453,-0.005811772514693458,582
AZD-7687,0.1055805243445693,1454,-0.0021243331814649108,525
KIN001-043,0.10563670411985016,1455,-0.04623985951513063,1389
anastrozole,0.10565543071161046,1456,-0.018685431771443793,827
maribavir,0.10565543071161049,1457,-0.02521977188769498,962
niacin,0.10565543071161049,1458,-0.045402594796372625,1370
mestranol,0.1058239700374532,1459,-0.03898144827173457,1239
altrenogest,0.10591760299625469,1460,-0.013917364373091183,745
QL-XII-47,0.10595505617977524,1461,-0.0271921029030833,996
triamcinolone-acetonide,0.10599250936329588,1462,-0.051788300685596214,1454
PF-04217903,0.10602996254681649,1463,-0.03986036727811171,1269
thioctic-acid,0.10606741573033707,1464,-0.05914643574584904,1550
caffeine,0.10617977528089888,1465,0.03599092075525886,131
AZD-5363,0.10619850187265922,1466,-0.020165902156994688,859
GW-842166,0.10634831460674163,1467,-0.06307133003926056,1592
clofibrate,0.10651685393258425,1468,-0.02584719291045054,973
indoximod,0.10659176029962547,1469,-0.010528842105944106,669
methiopril,0.10662921348314607,1470,-0.009051863489790203,642
urapidil,0.10666666666666666,1471,-0.07114443385325145,1654
ibutamoren,0.10677902621722846,1472,-0.06535373190319357,1615
rolipram,0.10737827715355802,1473,-0.014713162142711912,764
ipriflavone,0.1073970037453183,1474,-0.03608130807555511,1193
tacrine,0.1073970037453183,1475,-0.018475573880930872,818
fostamatinib,0.10739700374531835,1476,-0.08151062685688944,1709
REV-5901,0.10739700374531838,1477,-0.08749708720427783,1730
moclobemide,0.10743445692883893,1478,-0.025791943073521995,972
pyrazinamide,0.10760299625468162,1479,-0.02641549459085973,984
tiludronate,0.10765917602996256,1480,-0.058596919477681274,1545
dehydroepiandrosterone,0.10769662921348316,1481,-0.061970766379463846,1578
atomoxetine,0.10788389513108618,1482,-0.06782503568327349,1635
canagliflozin,0.1079213483146067,1483,-0.06875979950775764,1640
danazol,0.10792134831460673,1484,-0.06186634437727714,1575
VX-745,0.10794007490636703,1485,-0.0500473003927866,1435
VTP-27999,0.10801498127340828,1486,-0.015333821305708945,775
ICI-192605,0.10837078651685392,1487,-0.06396942311473482,1605
APD-668,0.1084456928838951,1488,-0.013158848647894026,721
resveratrol,0.10844569288389512,1489,-0.07643011536597052,1687
palonosetron,0.10863295880149809,1490,-0.05510511342174359,1496
fidarestat,0.10863295880149815,1491,-0.04020329089523656,1276
oglemilast,0.10872659176029964,1492,-0.031395972824212415,1106
GSK-3-inhibitor-II,0.10876404494382023,1493,-0.07544879099690333,1680
propylthiouracil,0.10885767790262176,1494,-0.027763696459124385,1015
merimepodib,0.1089513108614232,1495,-0.059962473723394936,1557
amrinone,0.1092883895131086,1496,-0.024641073537612836,949
amonafide,0.10932584269662918,1497,-0.058075966112973054,1536
irsogladine,0.1094194756554307,1498,-0.029028905016562176,1046
rutin,0.10951310861423219,1499,-0.054818697453887476,1492
PF-562271,0.10956928838951312,1500,-0.03501142933000988,1171
nelarabine,0.10960674157303371,1501,-0.040044753825327115,1272
imexon,0.10964419475655432,1502,-0.04088709023362316,1293
rimantadine,0.10999999999999999,1503,-0.05640226784900479,1512
trimethobenzamide,0.11005617977528093,1504,-0.027701324511546645,1012
linagliptin,0.11009363295880152,1505,-0.056796754694672026,1519
dantrolene,0.1103183520599251,1506,-0.056579195258092116,1516
methocarbamol,0.11035580524344565,1507,-0.020806191840523593,872
chloroxine,0.1104307116104869,1508,-0.039284915624929154,1255
diosmin,0.11089887640449442,1509,-0.04437390946271915,1351
azelastine,0.11099250936329591,1510,-0.052893682198563566,1468
sorafenib,0.11131086142322097,1511,-0.07660672317644349,1690
ribavirin,0.11142322097378277,1512,-0.043817768269321315,1334
glasdegib,0.11153558052434459,1513,-0.0773618186737497,1692
cianidanol,0.11157303370786517,1514,-0.02875004561493936,1038
Z160,0.11159176029962548,1515,-0.07160771167152362,1655
LCL-161,0.11164794007490636,1516,0.00549608292433527,394
avasimibe,0.11164794007490639,1517,-0.04854621231067722,1417
diethylcarbamazine,0.11177902621722843,1518,-0.050015612284822736,1434
felodipine,0.11177902621722843,1519,-0.0304685518652767,1084
pramipexole,0.11177902621722846,1520,-0.011109758126622822,676
benzylpenicillin,0.11189138576779026,1521,-0.02893282550873412,1044
ecabet,0.11192883895131084,1522,-0.03116927931115968,1102
alprostadil,0.11207865168539327,1523,-0.0577103306398399,1533
AZ-20,0.11213483146067417,1524,-0.06421588261012585,1608
GSK-J1,0.11217228464419479,1525,-0.08095828626531863,1708
miglitol,0.11230337078651681,1526,-0.00612683130282042,586
aminoglutethimide,0.1124531835205993,1527,-0.06243430272771443,1585
tranylcypromine,0.11249063670411985,1528,-0.07163820163952359,1656
vidarabine,0.11249063670411985,1529,-0.06245224796858855,1587
acifran,0.11250936329588015,1530,-0.04646045787131453,1393
trovafloxacin,0.1127902621722846,1531,-0.03982393364766326,1268
tadalafil,0.11282771535580527,1532,-0.06210106867663041,1580
imiloxan,0.11292134831460673,1533,-0.06294154294614634,1591
barasertib,0.11295880149812737,1534,-0.06589411008916958,1620
SAR-245409,0.11301498127340824,1535,-0.0777516612822752,1694
sulforaphane,0.11301498127340825,1536,-0.04511913458568897,1365
doramapimod,0.11316479400749063,1537,-0.09811198241374454,1746
iniparib,0.11318352059925099,1538,-0.04804784532319219,1409
orphenadrine,0.11333333333333333,1539,-0.024518094830296117,947
ozagrel,0.11338951310861423,1540,-0.045082038636496694,1363
epinastine,0.11348314606741575,1541,-0.008386518163306768,627
dalfampridine,0.113501872659176,1542,-0.023944770230003035,935
erythromycin-ethylsuccinate,0.11353932584269663,1543,-0.07679334352665829,1691
latanoprost,0.1136516853932584,1544,-0.06139801703990879,1568
Gossypetin,0.11368913857677909,1545,-0.045384473835478105,1369
piclamilast,0.11370786516853934,1546,-0.0543227221788058,1485
chenodiol,0.11370786516853937,1547,-0.04944280552509113,1430
ursodeoxycholyltaurine,0.11370786516853937,1548,-0.03501222965455271,1172
ZD-7114,0.11370786516853937,1549,-0.07169743293044796,1657
altanserin,0.11372659176029959,1550,-0.03925996117382468,1254
oxybenzone,0.11383895131086144,1551,-0.038497881071641385,1231
resorcinol,0.11432584269662921,1552,-0.05644560215473295,1513
QL-XI-92,0.11432584269662924,1553,-0.04818106064114293,1410
BX-912,0.11434456928838951,1554,-0.06532548222418244,1614
pevonedistat,0.11456928838951314,1555,-0.03050417536608566,1085
empagliflozin,0.11466292134831463,1556,-0.018991365933405144,836
levobunolol,0.11470037453183521,1557,-0.02277217775162101,911
tetradecylthioacetic-acid,0.11475655430711612,1558,-0.014516396301688186,758
clinafloxacin,0.11475655430711612,1559,-0.06952957058716674,1645
AZD-1480,0.11499999999999999,1560,-0.058030188102532465,1535
eptifibatide,0.11501872659176027,1561,-0.01696178675175138,804
meclizine,0.11528089887640455,1562,-0.06521620598989394,1613
agomelatine,0.1153183520599251,1563,-0.0587150100781419,1547
TAK-875,0.11544943820224715,1564,-0.07364819275088387,1671
tirasemtiv,0.11546816479400746,1565,-0.06194376794568196,1577
itopride,0.11559925093632956,1566,-0.02321477453619016,918
hydroflumethiazide,0.11595505617977529,1567,-0.0755597997020519,1681
cholic-acid,0.11597378277153556,1568,-0.06200234708359082,1579
odanacatib,0.11599250936329589,1569,-0.09432024588799377,1741
moxisylyte,0.11602996254681651,1570,-0.04251179337556838,1313
apafant,0.11612359550561796,1571,-0.0342260288774727,1155
tiagabine,0.11617977528089887,1572,-0.058237100932458034,1541
UNC-669,0.11640449438202248,1573,-0.049984171295885685,1433
resiquimod,0.11668539325842697,1574,-0.030968496025513933,1098
sarcosine,0.11722846441947565,1575,-0.03940977537687074,1257
S-18986,0.11737827715355804,1576,0.00015601832240329892,480
primidone,0.11749063670411986,1577,-0.08286295297088582,1715
hymecromone,0.11762172284644196,1578,0.015907243890490422,282
LDN-193189,0.11764044943820229,1579,-0.04107206884849932,1294
enzalutamide,0.11780898876404496,1580,-0.03852822577253001,1232
valproic-acid,0.11784644194756554,1581,-0.00310926227006196,539
phenazone,0.11786516853932583,1582,-0.05616552227778149,1511
risperidone,0.11794007490636699,1583,-0.056796155646540086,1518
exalamide,0.1182584269662921,1584,-0.03901014749301486,1243
CTB,0.11833333333333335,1585,-0.07264391609781584,1665
quinidine,0.11833333333333337,1586,-0.10434967755616083,1753
arbutin,0.11844569288389514,1587,0.008069036996106754,368
KIN001-244,0.11846441947565545,1588,-0.054197787244547276,1484
digoxin,0.11848314606741578,1589,-0.05268117655158904,1464
raclopride,0.11867041198501871,1590,-0.05203695136325394,1457
loxoprofen,0.11878277153558056,1591,-0.04992401049951072,1432
telmisartan,0.11897003745318352,1592,-0.034001706118483785,1150
enzastaurin,0.11910112359550565,1593,-0.052856254303517466,1466
acebutolol,0.11911985018726592,1594,-0.03960885764704574,1263
cefozopran,0.11911985018726592,1595,-0.0966954075930961,1744
irinotecan,0.11917602996254678,1596,-0.05224939480033476,1460
voglibose,0.11921348314606744,1597,-0.05704116580579726,1522
exemestane,0.11943820224719101,1598,-0.039596816628253644,1262
dapsone,0.1197940074906367,1599,-0.012461713061236676,700
RGFP-966,0.11981273408239698,1600,-0.08302817692630937,1716
LY-2090314,0.11986891385767792,1601,-0.03316203928996782,1143
Y-39983,0.1198876404494382,1602,-0.030004883664455098,1070
thalidomide,0.12001872659176036,1603,-0.04577028309753603,1379
indapamide,0.1200374531835206,1604,-0.048220458106201645,1411
quiflapon,0.12018726591760298,1605,-0.03909717697954618,1249
JNJ-38877605,0.1202996254681648,1606,-0.04448186621710395,1352
CP-466722,0.1204119850187266,1607,-0.09862159696086009,1747
dacarbazine,0.1205430711610487,1608,-0.09398178887527497,1740
sotalol,0.12073033707865168,1609,-0.04900775882044935,1423
celastrol,0.1207677902621723,1610,-0.06401713801097025,1606
bicalutamide,0.12095505617977531,1611,-0.06958600967509468,1647
OTS-167,0.12106741573033708,1612,-0.06610944619940474,1624
nilotinib,0.12108614232209736,1613,-0.06386858467581737,1603
RG-108,0.12119850187265918,1614,-0.05344405579365025,1477
oxypurinol,0.12125468164794007,1615,-0.04148650849642985,1304
ABT-202,0.12149812734082396,1616,-0.04425054774779061,1349
diazepam,0.1215168539325843,1617,-0.03444713821803591,1160
roxithromycin,0.12170411985018728,1618,-0.06637804074540074,1628
estrone,0.12192883895131085,1619,-0.04727683805781263,1405
trapidil,0.12194756554307114,1620,-0.08006189312057158,1705
enprofylline,0.12196629213483146,1621,-0.03553533932680509,1183
azelaic-acid,0.12256554307116102,1622,-0.06006844456773356,1558
regorafenib,0.12264044943820218,1623,-0.058451788925664584,1542
Y-27632,0.12264044943820224,1624,-0.048431534170682605,1415
rocuronium,0.12294007490636705,1625,-0.045362023499767645,1368
mecamylamine,0.12303370786516854,1626,-0.10906102288247067,1758
almitrine,0.12307116104868915,1627,-0.09172860112044791,1739
ALX-5407,0.12318352059925095,1628,-0.0631218175828909,1593
cevimeline,0.12318352059925097,1629,-0.056151979063674765,1510
1271738-62-5,0.12325842696629216,1630,-0.04828578412624022,1412
HG-9-91-01,0.1232771535580524,1631,-0.04354925381812375,1327
pimobendan,0.12344569288389512,1632,-0.08670800506195211,1725
tirofiban,0.1237265917602996,1633,-0.04723460108305804,1403
gemcitabine,0.12380149812734079,1634,-0.08347547763908651,1718
flavoxate,0.12380149812734084,1635,-0.007146191675872982,609
trimipramine,0.12389513108614233,1636,-0.0595052650521598,1555
JNK-9L,0.12404494382022468,1637,-0.07806645179358865,1696
tibolone,0.12406367041198496,1638,-0.05134802306275389,1448
palovarotene,0.1243632958801498,1639,-0.03286871876202403,1138
mianserin,0.1245505617977528,1640,-0.040318826502527993,1278
noscapine,0.12492509363295881,1641,-0.06868089116632575,1639
moracizine,0.1254307116104869,1642,-0.044529129232551146,1354
citalopram,0.1254307116104869,1643,-0.07850436264788958,1700
protirelin,0.1255805243445693,1644,-0.05409568730728851,1483
5-aminolevulinic-acid,0.1255992509363296,1645,-0.039237867388156586,1253
anacardic-acid,0.1258239700374532,1646,-0.07417113362502632,1675
cytisine,0.12582397003745327,1647,-0.06957411632685453,1646
CYT387,0.12599250936329587,1648,-0.07625642389615414,1686
teroxirone,0.12655430711610485,1649,-0.029464101838043728,1056
SGX523,0.12672284644194756,1650,-0.04393115669148192,1338
ABT-737,0.1267602996254682,1651,-0.09881007305928871,1748
entecavir,0.12691011235955058,1652,-0.04572458956101659,1376
BTS-54505,0.1274719101123595,1653,-0.07576546713609464,1683
minoxidil,0.1274719101123595,1654,-0.04735709462599886,1406
targinine,0.12756554307116102,1655,-0.04946554816930056,1431
glimepiride,0.12777153558052431,1656,-0.04574793942812617,1378
ginkgolide-b,0.12792134831460675,1657,-0.04857984265897307,1419
trimetazidine,0.12792134831460675,1658,-0.026636774866135908,985
diminazene-aceturate,0.12792134831460678,1659,-0.03764682210895674,1215
Y-27152,0.12794007490636705,1660,-0.02458976371661866,948
masitinib,0.12807116104868915,1661,-0.07653357242763083,1689
naftifine,0.12812734082397004,1662,-0.05941131376825065,1553
BIX-02189,0.12827715355805241,1663,-0.03320889902163931,1145
lerisetron,0.12829588014981275,1664,-0.04571674283786644,1375
zaldaride,0.1283707865168539,1665,-0.0363592168917542,1196
SAR-245408,0.12852059925093634,1666,-0.12135957891034681,1764
colforsin-daproate,0.12883895131086143,1667,-0.060371371786704105,1561
dolasetron,0.12917602996254685,1668,-0.0637148264101455,1601
mepazine,0.129250936329588,1669,-0.0729267807572841,1666
ganaxolone,0.129250936329588,1670,-0.03423857878587804,1157
taltirelin,0.12938202247191008,1671,-0.046364382217798664,1392
tramiprosate,0.1295692883895131,1672,-0.06428725615621662,1609
triclabendazole,0.12970037453183514,1673,-0.05931955762843197,1552
bropirimine,0.12985018726591763,1674,-0.03690575310740322,1203
atrasentan,0.13,1675,-0.06595907320154511,1621
naproxen,0.13001872659176028,1676,-0.03267182679222419,1132
selamectin,0.1304494382022472,1677,-0.052474736035623845,1462
triclosan,0.13073033707865167,1678,-0.07985497568026094,1704
aurora-a-inhibitor-i,0.13078651685393258,1679,-0.04483152400686669,1361
levcromakalim,0.1308052434456929,1680,-0.06244957730353186,1586
doxycycline,0.13110486891385767,1681,-0.0807704010810032,1707
vanoxerine,0.1314419475655431,1682,-0.030065506366288946,1072
brivanib,0.13164794007490638,1683,-0.0825928576517562,1712
tasisulam,0.13174157303370787,1684,-0.009601604391721055,653
JW55,0.13189138576779028,1685,-0.03445736433379423,1161
AICA-ribonucleotide,0.13239700374531832,1686,-0.05342872846088214,1476
bambuterol,0.1325093632958801,1687,-0.06421421989489376,1607
nitrendipine,0.132565543071161,1688,-0.06793023019182791,1636
TTNPB,0.13305243445692883,1689,-0.03964975050783129,1264
daminozide,0.13320224719101126,1690,-0.041430668364573965,1303
tiapride,0.13325842696629214,1691,-0.051372770138056405,1449
A-769662,0.13327715355805242,1692,-0.0599364403663718,1556
oxfendazole,0.13353932584269662,1693,-0.028682349619794437,1036
dihydroergotamine,0.13368913857677908,1694,-0.06354939505414639,1598
erythromycin,0.13372659176029966,1695,-0.02950875851157527,1059
miltefosine,0.134063670411985,1696,-0.047129543878038097,1400
levocetirizine,0.13415730337078655,1697,-0.056493946004103714,1515
dapagliflozin,0.1342696629213483,1698,-0.0069736688277816225,605
letrozole,0.1345880149812734,1699,-0.03548112861984878,1180
AS-601245,0.134625468164794,1700,-0.014023751116128393,747
pyrazolanthrone,0.1347565543071161,1701,-0.10389126996218974,1752
pentoxifylline,0.13492509363295876,1702,-0.06730735986510787,1633
phorbol-myristate-acetate,0.135,1703,-0.05850126185205091,1543
enalapril,0.13544943820224717,1704,-0.09113411334051993,1738
senicapoc,0.13576779026217228,1705,-0.07245911270011177,1663
tivozanib,0.13621722846441944,1706,-0.11704038451032053,1762
GW-5074,0.1362734082397004,1707,-0.07520207700856059,1678
epigallocatechin-gallate-(-),0.13662921348314605,1708,-0.06973550577407699,1648
ciglitazone,0.1368352059925094,1709,-0.014795802517022144,767
tedizolid,0.13705992509363296,1710,-0.08669150350645526,1724
IOX2,0.13739700374531838,1711,-0.058085316576540244,1537
adapalene,0.13739700374531838,1712,-0.07329613543749522,1669
ingenol-mebutate,0.13814606741573032,1713,-0.07301329923805674,1667
tomelukast,0.13868913857677906,1714,-0.08703818847552984,1728
dazoxiben,0.13872659176029964,1715,-0.06612564887422004,1626
PIK-93,0.13880149812734083,1716,-0.10105378483763844,1751
pirenoxine,0.13917602996254685,1717,-0.07933787113062053,1703
AT-7519,0.13919475655430713,1718,-0.07428047248802833,1676
linopirdine,0.1394756554307116,1719,-0.07600403334787374,1684
clarithromycin,0.13951310861423222,1720,-0.06899746808553663,1642
nicotine,0.1400561797752809,1721,-0.011804871588492444,690
GNF-2,0.140374531835206,1722,-0.09007568798939863,1734
KIN001-269,0.1418913857677903,1723,-0.05078445528339474,1446
diclofenac,0.14198501872659175,1724,-0.06866151340809874,1638
EX-527,0.14224719101123595,1725,-0.02613279692529136,978
KIN001-242,0.14237827715355802,1726,-0.06315695448590972,1594
diethylstilbestrol,0.14303370786516856,1727,-0.10783351492681284,1757
luteolin,0.14335205992509364,1728,-0.021171384060940428,881
THZ-2-98-01,0.14423220973782774,1729,-0.08245561949421104,1711
baicalin,0.14441947565543073,1730,-0.06392633742985719,1604
topiroxostat,0.1445692883895131,1731,-0.06611232256642671,1625
AZD-5438,0.1451310861423221,1732,-0.08689338729731143,1727
ischemin,0.1452808988764045,1733,-0.06380985593563189,1602
PLX-4720,0.14589887640449437,1734,-0.1238800753851718,1766
fasudil,0.14634831460674158,1735,-0.08279171033713086,1714
rasagiline,0.14634831460674158,1736,-0.04715696186437562,1401
LY-2801653,0.14674157303370788,1737,-0.08534040593008044,1721
sacubitril,0.14810861423220975,1738,-0.018502177543351865,819
fiacitabine,0.14827715355805243,1739,-0.04550012600250612,1372
ibudilast,0.14852059925093633,1740,-0.09635981449550093,1742
SB-705498,0.1494569288389513,1741,-0.08179082186645072,1710
alpelisib,0.15073033707865166,1742,-0.07853515118866576,1701
MC1568,0.150749063670412,1743,-0.08896178156031188,1732
linifanib,0.15108614232209738,1744,-0.11188882263307323,1759
roscovitine,0.15153558052434457,1745,-0.1056336629148391,1754
fentiazac,0.15179775280898875,1746,-0.05752649983211017,1530
piroxicam,0.15196629213483145,1747,-0.0524815882417125,1463
DU-728,0.15237827715355806,1748,-0.09052782846498081,1737
UNC-1215,0.15301498127340826,1749,-0.09740151282424199,1745
diacerein,0.1530337078651685,1750,-0.0391178205288111,1250
cromoglicic-acid,0.15511235955056182,1751,-0.07032130399348502,1650
ondansetron,0.15707865168539326,1752,-0.057340622964491085,1525
guanaben-acetate,0.15951310861423218,1753,-0.11583672725844898,1761
2-iminobiotin,0.1616104868913858,1754,-0.07385568889002296,1672
vemurafenib,0.16352059925093632,1755,-0.1233625878332859,1765
propentofylline,0.16376404494382021,1756,-0.08459733273039806,1720
CX-4945,0.16529962546816476,1757,-0.027719690945760083,1013
vismodegib,0.16552434456928838,1758,-0.0894443338694543,1733
carisoprodol,0.1680711610486891,1759,-0.04482671105413652,1360
rucaparib,0.1682022471910113,1760,-0.11559218833201523,1760
clenbuterol,0.16840823970037455,1761,-0.11840269470050664,1763
CHIR-99021,0.16891385767790262,1762,-0.06097847013396846,1564
isosorbide-mononitrate,0.17031835205992513,1763,-0.12907246680287343,1767
lamotrigine,0.1709176029962547,1764,-0.03543348829338905,1178
OSI-930,0.17117977528089884,1765,-0.09049842217491677,1736
ritodrine,0.17247191011235952,1766,-0.06286883370845962,1590
reparixin,0.17685393258426962,1767,-0.08678614117719395,1726
PHA-767491,0.21844569288389515,1768,-0.1827123198148023,1768
