drug,trace_score,trace_rank
STA-5326,0.16462872062021874,1
cepharanthine,0.12034110596040488,2
trametinib,0.11703421814400168,3
orlistat,0.11599341482034035,4
WH-4-025,0.11413497604423714,5
atorvastatin,0.1114189474139403,6
fluspirilene,0.10610454768702997,7
AT7867,0.10595240101121654,8
bafilomycin a1,0.10280063589586823,9
cediranib,0.1010110870751417,10
D-4476,0.09762079846748864,11
JNJ-26481585,0.09492866464124644,12
romidepsin,0.09478473531983099,13
dacinostat,0.09393663560355749,14
nintedanib,0.09367430957665121,15
PD-0325901,0.09313025688357786,16
BI-2536,0.09246665013194422,17
sunitinib,0.09094559914977252,18
WZ-4-145,0.08951819582959826,19
trichostatin-a,0.08947527374122206,20
I-BET-151,0.08406221449437852,21
I-BET-762,0.08399422117450744,22
YM-201636,0.08334121688183091,23
pitavastatin,0.08221293023434932,24
NVP-TAE684,0.08215047919104664,25
AEE-788,0.08188017311167246,26
dasatinib,0.08138405386121864,27
dacomitinib,0.07938069556051772,28
rufinamide,0.0793000076794316,29
afatinib,0.079279379634215,30
KW-2478,0.07690150502863144,31
AZD-8330,0.0764236811305565,32
JQ1-(+),0.07565793584196,33
VP-20629,0.07545088059046672,34
AST-1306,0.0749161705699212,35
vandetanib,0.07436490916570525,36
KN-62,0.07230369706948372,37
selumetinib,0.06984890952388316,38
simvastatin,0.0684920594655081,39
AS-605240,0.06735507140648862,40
rosuvastatin,0.06732813295379739,41
proglumide,0.06681662087436104,42
fomocaine,0.0667647078988136,43
NVP-BHG712,0.06539046002935843,44
clonidine,0.0640070262280149,45
PF-02545920,0.06400142526337368,46
NVP-AUY922,0.06371615884200814,47
triflupromazine,0.06340349862995028,48
volasertib,0.06267174930251586,49
Ro-4987655,0.061438013291721105,50
XMD-892,0.06063072971871915,51
S-ruxolitinib,0.06059636454629762,52
gallopamil,0.06043473814886962,53
PHA-848125,0.06024281192495316,54
TG-101348,0.06016578674577396,55
neratinib,0.0601618137453098,56
clonazepam,0.05950551913304223,57
UNC-0638,0.0590758116054647,58
alvespimycin,0.058572845987699775,59
osimertinib,0.05822405314685461,60
baricitinib,0.05820274379160668,61
riluzole,0.058191730596740994,62
saracatinib,0.05687663291861682,63
VE-821,0.056498303110878986,64
tanespimycin,0.05618128250651022,65
TAK-733,0.055293805180149695,66
valdecoxib,0.05514557528459948,67
geldanamycin,0.054563361461823515,68
XMD-885,0.05444918596174256,69
XMD11-85H,0.05371979985179828,70
darapladib,0.05370155443358191,71
mizolastine,0.052589697554468566,72
lonidamine,0.05227074532831546,73
tie2-kinase-inhibitor,0.052252124829316925,74
brexpiprazole,0.052036141410358776,75
CC-930,0.05191819256901002,76
pimavanserin,0.051478054836717746,77
ganetespib,0.05133673586604548,78
MK-2461,0.05092509969354764,79
licarbazepine,0.05079981842141973,80
cobimetinib,0.05077717880548462,81
AP-26113,0.049147419233019865,82
ST-1859,0.04861714682093049,83
canertinib,0.04816006549337907,84
SB-525334,0.04743700860075893,85
NVP-TAE226,0.04718374509866056,86
radicicol,0.046600053274077596,87
BIBX-1382,0.046132581029138586,88
HG-14-10-04,0.0460193706366067,89
GDC-0941,0.04589907470326354,90
AT-13387,0.045355015945613156,91
XL-888,0.044624423305628935,92
pravastatin,0.04454696921230496,93
vorinostat,0.044521925564737594,94
efatutazone,0.04451756693500218,95
PK-11195,0.0441432274863732,96
doxofylline,0.04391703766663878,97
MG-132,0.043777604194365057,98
metronidazole,0.04336969742778853,99
tipifarnib-P2,0.04305689247973699,100
lorglumide,0.04286715583860696,101
belinostat,0.04256705526982157,102
famciclovir,0.04244161677830476,103
calpain inhibitor ii,0.04216238291355913,104
PFI-1,0.041200801243650526,105
SU-014813,0.040933032902365316,106
anagrelide,0.04085276201112576,107
AZD-4547,0.04076451798576621,108
ulipristal,0.04064070198551749,109
PCI-24781,0.040598995907609375,110
zolpidem,0.04051157213895883,111
PD-184352,0.03984747261824212,112
GSK-429286A,0.03979027600439102,113
bosutinib,0.039628657020168344,114
dovitinib,0.039532105729287115,115
binimetinib,0.03945661594102946,116
cordycepin,0.03927440205256395,117
tracazolate,0.039231108862353765,118
KD-025,0.03918781766786156,119
pentobarbital,0.03912585207125585,120
AVL-292,0.03910132874968347,121
SB-939,0.03888960131494441,122
vu0155056,0.03865004859884902,123
PF-573228,0.03776386215309753,124
EMD-1214063,0.037596392135686274,125
bisindolylmaleimide,0.037588665079934386,126
BGT-226,0.036931095344788466,127
ursodiol,0.03688819801116724,128
tecastemizole,0.03680375347523708,129
paracetamol,0.036480270251439136,130
caffeine,0.03599092075525886,131
HG-6-64-01,0.03589944958738321,132
kakonein,0.0358713512051251,133
bortezomib,0.0356959849723289,134
nalbuphine,0.03558929316308384,135
anandamide,0.03546831719773262,136
lacidipine,0.03543103058254294,137
acexamic-acid,0.03443653417873494,138
sodium-gualenate,0.033922681580270175,139
levofloxacin,0.033732829518859975,140
clomifene,0.03341169770679672,141
LY-2157299,0.03320629754997864,142
cilomilast,0.03320275381790347,143
troglitazone,0.033067315337955545,144
ticagrelor,0.033052919891207705,145
DPI-201106,0.033010327107966794,146
XMD-1150,0.03299736187654672,147
epitiostanol,0.0329713264538763,148
BIIB-021,0.03295424290409428,149
SNX-2112,0.032644885132132984,150
ibrutinib,0.032621061242827196,151
RG-4733,0.032480575119304154,152
danusertib,0.03216873265709573,153
paclitaxel,0.03194596618230212,154
R-428,0.03186853150801648,155
theophylline,0.0316521935055429,156
rociletinib,0.03163356468484693,157
prazosin,0.03126842951517089,158
NSI-189,0.030979822952286587,159
MK-2206,0.03094751688952452,160
praziquantel,0.03086607818348887,161
KU-60019,0.030563295016706637,162
GSK-2126458,0.03036094598903948,163
LCQ-908,0.03032700261537661,164
inosine,0.03027355407196787,165
LXR-623,0.030199110220756515,166
LY-2228820,0.029979560647337884,167
AZD-7762,0.029455958991746765,168
sofalcone,0.02873340401709302,169
molindone,0.028721689702809756,170
homochlorcyclizine,0.02850029311467896,171
taselisib,0.028478597011265785,172
rimcazole,0.02843622514867045,173
EPZ-005687,0.02841376377307223,174
refametinib,0.028238705949604984,175
chlorpropamide,0.028216389124444304,176
flumatinib,0.028169352639244118,177
cabazitaxel,0.02780727099934058,178
lapatinib,0.027741468475064424,179
torin-2,0.02755526892336204,180
fluoxetine,0.027521511442983433,181
midostaurin,0.027288461810038297,182
sarsagenin,0.02683469582898556,183
clomethiazole,0.026784249414455494,184
raloxifene,0.026317610046416844,185
perampanel,0.026298067308586665,186
foretinib,0.026115567698259144,187
NU-7441,0.02601614736932734,188
BMS-599626,0.025817056546898965,189
KD-023,0.02554821475551371,190
clofazimine,0.025246245220405028,191
ubenimex,0.024808828054783093,192
MK-0752,0.02465666418784682,193
pilaralisib,0.02465056203729014,194
KIN001-127,0.024171303246896297,195
SR-33805,0.02399870633761784,196
oxatomide,0.023711215878686354,197
SDZ-NKT-343,0.023632774809036205,198
dipyridamole,0.023591795969586098,199
salermide,0.02349093444523817,200
AS-703026,0.023391196327076848,201
diazoxide,0.023319185840053956,202
torcetrapib,0.02328748562069861,203
docetaxel,0.023248977806436564,204
CEP-32496,0.023248646818822948,205
semagacestat,0.02317088715308406,206
cabergoline,0.022586765871124223,207
avagacestat,0.02249099696401397,208
naftopidil,0.022484250079792285,209
isbufylline,0.022465550425586636,210
TAK-285,0.02241792078126062,211
PF-04620110,0.022249206376372885,212
mepacrine,0.022116788403014905,213
linsidomine,0.02197306911341181,214
budipine,0.021885848674881588,215
tamsulosin,0.021819780788707395,216
KIN001-266,0.021716389069711392,217
FK-888,0.021713772965485146,218
XMD-16144,0.021628035931150702,219
honokiol,0.021589888494258417,220
felbinac,0.021480868236439014,221
AZD-9668,0.021045541425366136,222
GDC-0980,0.0210094532160756,223
aripiprazole,0.020991794559453037,224
delivert,0.020925778854846748,225
luliconazole,0.02091505069237658,226
temoporfin,0.02086858942160144,227
meisoindigo,0.020700379365634965,228
cariprazine,0.020691304052025346,229
3-amino-benzamide,0.020189785407309375,230
N6022,0.0201119377985594,231
macitentan,0.019920957589032395,232
AZD-1981,0.019778362578666952,233
nesbuvir,0.019724510176148492,234
BIX-01294,0.019667462475068388,235
celecoxib,0.019629624416705235,236
andarine,0.019285074046503037,237
GSK-461364,0.01923337528268628,238
atipamezole,0.019214906848587166,239
laropiprant,0.019201161334523306,240
methoxsalen,0.019158145137752366,241
ketoconazole,0.01899044586496918,242
ranitidine,0.01886974560019809,243
PF-03758309,0.01872131753282798,244
AZ-628,0.018709338144536358,245
indole-3-carbinol,0.01853862319882106,246
gemifloxacin,0.018486162957639305,247
BMS-509744,0.018462561816206438,248
amoxapine,0.018457763103603003,249
compound e,0.018393056216513333,250
JWE-035,0.01833956580967694,251
carfilzomib,0.01815057307022428,252
azacitidine,0.01808809453531071,253
piracetam,0.018032827835102693,254
brivudine,0.017964807277497715,255
VE-822,0.01779503594176112,256
lomitapide,0.017743296463667953,257
pioglitazone,0.017686549554723777,258
AV-412,0.017494874186552056,259
bazedoxifene,0.017414051552734934,260
varenicline,0.0172980368105465,261
faropenem,0.017182843394978567,262
curcumin,0.01712235732123918,263
SR-57227A,0.01705312226972919,264
milrinone,0.01704613821070842,265
rimonabant,0.01698388578795514,266
ixabepilone,0.01695919689286529,267
penitrem-a,0.016897577221821992,268
cytochalasin-b,0.01679263634675831,269
oprozomib,0.016749754423858246,270
pindolol,0.016704690351347452,271
paroxetine,0.016630490602374377,272
desoxypeganine,0.01657524370730084,273
mitiglinide,0.016423622503234144,274
diphenidol,0.01630665660333359,275
NVP-BEZ235,0.016276146181910797,276
oxybutynin,0.01611132080553708,277
anacetrapib,0.016047570642808786,278
doxazosin,0.01597108839716478,279
UK-383367,0.015955061457178912,280
gabapentin,0.015907348704000485,281
hymecromone,0.015907243890490422,282
ixazomib,0.015881188871772072,283
BIX-01338,0.015759721198616326,284
KU-55933,0.015619444996857485,285
meclofenamic-acid,0.015531015258122905,286
isofloxythepin,0.015465824538774821,287
apabetalone,0.01528552488519281,288
LY-2874455,0.014957909118155258,289
tazobactam,0.014729132892169568,290
ENMD-2076,0.014711873987409875,291
JTE-907,0.01459420627814087,292
"ICI-185,282",0.014443923591981832,293
MK-8245,0.014438143801292056,294
fenticonazole,0.014189360170472641,295
ivermectin,0.014091159155096117,296
ledipasvir,0.01388601805853396,297
tesaglitazar,0.013843184331628415,298
PF-03084014,0.01381267339767744,299
CO-102862,0.013697932615287338,300
protriptyline,0.013686722411488706,301
saquinavir,0.01350393450447881,302
crizotinib,0.01348634832440485,303
nicaraven,0.013387494742908911,304
KIN001-055,0.013320028406396848,305
racecadotril,0.013310293532511733,306
broxuridine,0.013250221957955395,307
metformin,0.013138291559469108,308
propafenone,0.013094695481141352,309
pelitinib,0.013037462459581102,310
unc-0646,0.012991660018280062,311
FK-866,0.012832964533616077,312
BVD-523,0.01271149807349829,313
haloperidol,0.012614786530570927,314
scopolamine,0.01251371405894757,315
quinapril,0.012359518956511285,316
tegobuvir,0.012330204747018531,317
MK-0812,0.012151276971104642,318
toremifene,0.01214105054356027,319
JW-7-24-1,0.012135943530996781,320
AGI-5198,0.012080600889660297,321
clomipramine,0.012000914037793043,322
carglumic-acid,0.011935011940732557,323
olanzapine,0.011910308835208322,324
mycophenolic-acid,0.01179157112450926,325
levocabastine,0.011644867592292734,326
thioridazine,0.011499354694487504,327
anamorelin,0.01148291467128801,328
DPCPX,0.011461119849260027,329
dolastatin-10,0.010956419481056886,330
metixene,0.010945315328319829,331
bopindolol,0.010933285948981943,332
nortriptyline,0.010653313942607523,333
umeclidinium,0.010597248455204454,334
siguazodan,0.010454130352677742,335
armodafinil,0.010394212635059638,336
milacemide,0.010327577240026004,337
proguanil,0.01027562784960132,338
LY-2603618,0.01019992356291894,339
perindopril,0.010168806796317358,340
bardoxolone-methyl,0.010153387652646501,341
dexamethasone,0.010060439562069439,342
combretastatin-A-4,0.009921117439973317,343
fluconazole,0.00990679997771884,344
timofibrate,0.009802272962594276,345
siramesine,0.009779597426064893,346
bruceantin,0.00975191900505679,347
histamine,0.009734967696113487,348
rosiglitazone,0.009685975860355418,349
etofylline-clofibrate,0.009679089786546108,350
AZD-7545,0.009672311292513593,351
bupivacaine,0.00964423408154924,352
HG-5-113-01,0.009569320948337932,353
palomid-529,0.00933793174281637,354
etazolate,0.009322313422704119,355
telmesteine,0.009285641859292829,356
KX2-391,0.009222314834372906,357
GSK-J2,0.008990816850066424,358
AT-9283,0.00891548599615193,359
EVP-6124,0.008825565029029465,360
lidoflazine,0.008782082413382625,361
vardenafil,0.008744789694643863,362
CGP-12177,0.008641089666731981,363
dabrafenib,0.008569113211769683,364
indirubin,0.008564290779997987,365
OCO-1112,0.008329143078453928,366
ketanserin,0.008156022382714803,367
arbutin,0.008069036996106754,368
DMP-543,0.00766562139432076,369
mannitol-D,0.007628301548642517,370
hexachlorophene,0.007602198074269088,371
gsk126,0.00753347752000973,372
NPK76-II-72-1,0.0073808988635133445,373
metatinib,0.0072055640336530745,374
indoramin,0.007185712566837913,375
setiptiline,0.007059572744276839,376
cytarabine,0.0070563265327756985,377
guanadrel,0.007008802698426433,378
cyclizine,0.006828159786057813,379
naftidrofuryl,0.00682127178875247,380
metergoline,0.006819274831755272,381
trilostane,0.006738191167019936,382
pimecrolimus,0.00670189946174022,383
genz-644282,0.006622555815947604,384
GSK-1070916,0.006606855724537955,385
17-hydroxyprogesterone-caproate,0.006527217966695667,386
"16,16-dimethylprostaglandin-e2",0.006350814970613563,387
NVP-DPP728,0.006027456993685061,388
gefitinib,0.005968010953999852,389
indibulin,0.005889663432720364,390
nafamostat,0.005851006846866823,391
ABT-724,0.005823551506641437,392
L-655240,0.005497041192159387,393
LCL-161,0.00549608292433527,394
cilostazol,0.00543741083192555,395
malotilate,0.005419410080958436,396
podophyllotoxin,0.005371085004147513,397
cinaciguat,0.005347110279699603,398
neostigmine,0.005257198836315412,399
sildenafil,0.005254381406125506,400
resatorvid,0.00513422801257016,401
mercaptopurine,0.005102653711205363,402
aspirin,0.004815720468968674,403
mirodenafil,0.004771266795265033,404
tenidap,0.00473426756347403,405
amuvatinib,0.004581686724840759,406
SB-743921,0.004566890731176506,407
bitopertin,0.004501351987830396,408
colchicine,0.004438083245646233,409
dihydroergocristine,0.004387253669317841,410
TH-302,0.0042164910460357205,411
WZ-4002,0.004155095731604543,412
ursolic-acid,0.004075501653477903,413
ixazomib-citrate,0.004071287685920756,414
vicriviroc,0.004007476055411338,415
TWS-119,0.0039821831492255315,416
GSK-2110183,0.003976762936706715,417
secnidazole,0.0039321131437328365,418
butorphanol-(+)-tartrate,0.003920480619577525,419
dronedarone,0.0038307238114900933,420
IOWH-032,0.0037484600568837975,421
adatanserin,0.0033095503140876713,422
donitriptan,0.003256854355351553,423
SU-11652,0.003089587509101482,424
zafirlukast,0.0030662864838380695,425
cinoxacin,0.003029073977973793,426
cefotetan,0.0028014504351805904,427
pidotimod,0.0027362946967990193,428
GSK-2636771,0.0027233455216834792,429
AR-A014418,0.002707500181293297,430
yohimbine,0.0026107830537069085,431
balsalazide,0.0025044864956492367,432
ponatinib,0.002409634119072463,433
ifosfamide,0.002342214143323603,434
altretamine,0.0023351343410573325,435
avanafil,0.0023278221318233606,436
mozavaptan,0.0021965022169645517,437
Y-26763,0.0021518435831672056,438
bifemelane,0.0021291993674998396,439
conivaptan,0.0020513196624048226,440
tacrolimus,0.002025365357539598,441
epothilone-b,0.0020253071287285535,442
tyrphostin-AG-1478,0.0020242665834650634,443
SEP-227900,0.0020164032655406857,444
IPI-145,0.0019684584685297937,445
phenytoin,0.0019532834604150564,446
netupitant,0.0019305380863888087,447
camptothecin,0.0018384317085605138,448
lafutidine,0.0018239634334311556,449
MK-0893,0.0016816278120584125,450
r(-)-apomorphine,0.001629533644320662,451
trazodone,0.0015601679037402522,452
MK-3207,0.0015428664927227072,453
galeterone,0.001537606551763939,454
etomidate,0.001519168513475577,455
mocetinostat,0.001448276518030165,456
valsartan,0.001402203780409777,457
palbociclib,0.0013867898251370865,458
elvitegravir,0.0013426436643549896,459
lestaurtinib,0.0013052086027370029,460
VX-765,0.0010966531629920317,461
trifluoperazine,0.0010609477881906332,462
ropinirole,0.0010464484914526118,463
tioguanine,0.0010106127640528914,464
aminosalicylic-acid,0.0009150279793849402,465
IKK-2-inhibitor-V,0.0009055157746082082,466
MK-1775,0.0008198927411743017,467
clofibric-acid,0.0006402555160893404,468
ifenprodil,0.0006300540126778718,469
JTC-801,0.0006274687208120784,470
primaquine,0.0005434134569401491,471
tolperisone,0.0004992643566648374,472
mericitabine,0.00047346716551161335,473
losartan,0.00045238308660328313,474
sertraline,0.00039587915077752715,475
acetylcysteine,0.00024847999608879534,476
sparfloxacin,0.00023947340109777663,477
TGX-221,0.0001809658879132139,478
anecortave-acetate,0.00017343066850459342,479
S-18986,0.00015601832240329892,480
fluocinolone-acetonide,0.00013674970308640897,481
AZD-3514,0.00013456070745343482,482
thioguanine,9.396361356901181e-05,483
sobetirome,2.8818691319938386e-05,484
narlaprevir,-4.796503216002938e-06,485
dolutegravir,-0.00010933548541405137,486
albendazole,-0.00016080901944260306,487
clofoctol,-0.00016766939676017545,488
diclofensine,-0.00025399892081313913,489
MLN-0128,-0.0003040118835093583,490
argatroban,-0.0003283874744714241,491
acipimox,-0.00041956824989259023,492
atovaquone,-0.00042067420892089285,493
eperezolid,-0.00043487794477708146,494
ornidazole,-0.0004862168674487017,495
benzamil,-0.0005228292522888335,496
GSK-1059615,-0.0005524054093822688,497
meptazinol,-0.0005820768941244172,498
sodium-tanshinone-ii-a-sulfonate,-0.0005867550971364834,499
prednisone,-0.0005987087064114471,500
duloxetine,-0.0006429935298768446,501
LY-2334737,-0.0006546847100943948,502
ebselen,-0.0006829378587144977,503
methylstat,-0.0007135935124015523,504
finasteride,-0.000729452422214576,505
gliquidone,-0.0007763395038453276,506
sasapyrine,-0.0009068627033848006,507
ganciclovir,-0.0009231651102590934,508
mibefradil,-0.00105366660177467,509
lersivirine,-0.0011816045493840842,510
CEP-37440,-0.001268634460381775,511
GDC-0834,-0.0012735363519039355,512
amodiaquine,-0.0013803582484030697,513
BMS-299897,-0.0014582282285235746,514
golvatinib,-0.0015369342044844942,515
chlorpromazine,-0.001643724181984676,516
birinapant,-0.0017107807243359838,517
piketoprofen,-0.0017510925903188805,518
lesinurad,-0.001755736203404426,519
cefdinir,-0.0018945370857774784,520
pentamidine,-0.0019096774294277618,521
riociguat,-0.0019301679870694357,522
BS-181,-0.002096569940676469,523
benzbromarone,-0.002102555542163786,524
AZD-7687,-0.0021243331814649108,525
dosulepin,-0.0021782473584382816,526
rilpivirine,-0.0021812030211210516,527
WZ-7043,-0.0022567607526960743,528
elesclomol,-0.0022956099717166504,529
ostarine,-0.0023757399068151854,530
MGCD-265,-0.002409565466024849,531
elacridar,-0.0024244822862548926,532
MK-8033,-0.002500773113278604,533
KW-2449,-0.0025416645279127603,534
rottlerin,-0.00256284925552093,535
ambrisentan,-0.00277695259085403,536
filgotinib,-0.0028076249799034955,537
cyproheptadine,-0.0028788315415315914,538
valproic-acid,-0.00310926227006196,539
trehalose,-0.0031172621448352987,540
benazepril,-0.003382496051046999,541
rabeprazole,-0.003538239010997728,542
adenosine,-0.0036323759076204035,543
cyclobenzaprine,-0.0036367817026129686,544
L-690330,-0.003689911275894113,545
azithromycin,-0.003728819967491791,546
alectinib,-0.003740742121974751,547
topiramate,-0.003755166069632521,548
tolcapone,-0.0038309329169222742,549
olprinone,-0.00383310220122629,550
SR-2640,-0.0038842720454043324,551
amikacin,-0.0038875428175638087,552
telcagepant,-0.0038946340586489,553
PI-103,-0.00396156801661198,554
AVN-944,-0.0040057627762894,555
meglitinide,-0.0041902374905093,556
penfluridol,-0.00426005979857693,557
fluticasone-propionate,-0.004336771962679123,558
BMS-927711,-0.004347315714432043,559
betahistine,-0.00442655599129546,560
PF-04447943,-0.004468572694358843,561
actarit,-0.0044941618836515955,562
GSK-923295,-0.004846887570109852,563
teneligliptin,-0.004872625518551436,564
aliskiren,-0.004913794795752241,565
acecainide,-0.0049423790652049155,566
ritonavir,-0.004999180129205276,567
dilazep,-0.005021615007375043,568
indacaterol,-0.005041762299867694,569
L-NAME,-0.0051184109691039415,570
lomerizine,-0.005130174036034271,571
dimethyl-fumarate,-0.005234336185234298,572
levetiracetam,-0.005244468172555168,573
CL-218872,-0.005344999871962348,574
lisinopril,-0.005480476047523005,575
delanzomib,-0.005509288980803333,576
norfloxacin,-0.005653375351194133,577
LY-2886721,-0.005664818207505092,578
torasemide,-0.005698685799931208,579
dexniguldipine,-0.005740174035166256,580
epirizole,-0.005791155511358261,581
voriconazole,-0.005811772514693458,582
lonafarnib,-0.006067384753309051,583
chlorprothixene,-0.006082611356204878,584
GSK-690693,-0.00608364401437896,585
miglitol,-0.00612683130282042,586
simeprevir,-0.006162105248487944,587
efavirenz,-0.006189242236084229,588
fingolimod,-0.0062061104649296225,589
amiloride,-0.0062085129147497736,590
entinostat,-0.006222716863542712,591
tasquinimod,-0.0062894085628777165,592
tolazamide,-0.006348850089891455,593
oxybuprocaine,-0.006362727682287696,594
SU-11274,-0.006384539964328726,595
SGI-1776,-0.006471772260492575,596
thiocolchicoside,-0.006516548688566272,597
grazoprevir,-0.006522657956600147,598
darifenacin,-0.006549478711343723,599
etodolac,-0.006593895005509604,600
enoxolone,-0.006848099440184728,601
BX-795,-0.006880726064224204,602
cisapride,-0.006895066067427833,603
alaproclate,-0.006950283662521745,604
dapagliflozin,-0.0069736688277816225,605
ticlopidine,-0.006977167086918383,606
sulbactam,-0.006986260044556529,607
lofexidine,-0.007087579940813232,608
flavoxate,-0.007146191675872982,609
lidocaine,-0.007200573908419499,610
CPI-613,-0.007209038327006219,611
PS-178990,-0.007279241329122236,612
fludroxycortide,-0.007463771670775904,613
fluvoxamine,-0.007468041578967638,614
drospirenone,-0.007479930808075495,615
L-ergothioneine,-0.00749727437972603,616
glibenclamide,-0.007515835512508263,617
idalopirdine,-0.007610669503303783,618
lenvatinib,-0.007847342359423486,619
phenylacetylglutamine,-0.007901153808961952,620
ramelteon,-0.00794426412098242,621
phenylbutazone,-0.007985969464440665,622
apixaban,-0.008084924667520274,623
ftorafur,-0.008214423403909082,624
amlexanox,-0.008293797477324727,625
picotamide,-0.00829790670997486,626
epinastine,-0.008386518163306768,627
mirtazapine,-0.00839258973924449,628
SB-271046,-0.008435829557714127,629
telotristat,-0.008498020095807588,630
nicotinamide,-0.008505050047113124,631
inositol,-0.008509636182749143,632
triptorelin,-0.0085590112309882,633
biperiden,-0.008634208083431197,634
PX-12,-0.008670885464038545,635
balapiravir,-0.008712278639216498,636
sufentanil,-0.008736167862760177,637
oxiperomide,-0.008897275610906724,638
alvimopan,-0.008974916815767347,639
closantel,-0.009003395395884134,640
nefiracetam,-0.00902604381536809,641
methiopril,-0.009051863489790203,642
defactinib,-0.009141484039433448,643
pinacidil,-0.009235122205876335,644
timolol,-0.009359222250815091,645
taladegib,-0.009366275985626536,646
pibenzimol,-0.009391202330412142,647
ipratropium,-0.009395708694657175,648
PF-04691502,-0.009445831075179113,649
BAY-87-2243,-0.009465512635627579,650
MBX-2982,-0.009485061830139292,651
XBD-173,-0.009513720674602242,652
tasisulam,-0.009601604391721055,653
MK-5108,-0.009717690000581185,654
clozapine,-0.009760480277705439,655
beclomethasone-dipropionate,-0.009777289317696072,656
orteronel,-0.009899250267961306,657
GSK-2334470,-0.009935573490002582,658
ATN-161,-0.010228371072758556,659
phenformin,-0.010254906716520403,660
idoxuridin,-0.01028946123496772,661
PHA-665752,-0.010296566727256134,662
API-001,-0.010357295783711315,663
cabozantinib,-0.010370717601433882,664
metoclopramide,-0.010410205950059278,665
methazolamide,-0.010418485425252035,666
vincamine,-0.010483531433780367,667
doxapram,-0.01052750809573671,668
indoximod,-0.010528842105944106,669
GSK-1904529A,-0.010535623578683767,670
retigabine,-0.010547728958325732,671
ataluren,-0.010650433640830535,672
erteberel,-0.01088594008706049,673
bms-906024,-0.010925450293331267,674
tagatose,-0.010986132971542984,675
pramipexole,-0.011109758126622822,676
eplerenone,-0.011127765160908052,677
apocynin,-0.011142489127487946,678
amlodipine,-0.01126300666382282,679
berberine,-0.011315191153306961,680
reboxetine,-0.011341352803826497,681
fosfomycin,-0.01139983751231192,682
navitoclax,-0.011431103004582487,683
etomoxir,-0.01150492017270358,684
CI-966,-0.011505754558528978,685
clobetasol,-0.011615955785912287,686
A-443654,-0.011637801031377619,687
exifone,-0.011660097638142814,688
aprepitant,-0.011751899835034014,689
nicotine,-0.011804871588492444,690
BCI-540,-0.011812889718466982,691
cariporide,-0.01182328715794879,692
verapamil,-0.011904156403967098,693
nefazodone,-0.012057705213043203,694
dorzolamide,-0.012074065394587821,695
zaleplon,-0.012162668814696149,696
temozolomide,-0.012259947346188755,697
mycophenolate-mofetil,-0.012412798349085792,698
diflunisal,-0.012455351157885588,699
dapsone,-0.012461713061236676,700
piribedil,-0.012467931538647335,701
PF-04136309,-0.012510211902206088,702
ARRY-334543,-0.012525964145691303,703
PCA-4248,-0.012576384425871074,704
zebularine,-0.012639257024073937,705
dimesna,-0.012643061084050618,706
penciclovir,-0.012654577716123378,707
fluorometholone,-0.012730972794637403,708
pyrazinoylguanidine,-0.012795239855639396,709
progesterone,-0.012800829191361714,710
pazufloxacin,-0.012800864913146184,711
donepezil,-0.012829197134460086,712
mubritinib,-0.012832543740958593,713
cobicistat,-0.012845447908529763,714
CTS-1027,-0.012847999086406523,715
buflomedil,-0.012929934622190753,716
mefloquine,-0.01296132079335156,717
LY-294002,-0.013051201552605002,718
lasalocid,-0.013079369652099477,719
semaxanib,-0.013092729520675314,720
APD-668,-0.013158848647894026,721
CG-930,-0.013164001634902228,722
betulinic-acid,-0.013167608380131608,723
fluphenazine,-0.013174371009246465,724
estriol,-0.013198092047381187,725
PF-04457845,-0.013233718060616519,726
idelalisib,-0.013247067478101683,727
tioconazole,-0.013254688562003507,728
enoxacin,-0.013260835425232324,729
lodoxamide,-0.013300033443162617,730
PSI-6130,-0.013303266618720626,731
moxifloxacin,-0.013334904045757464,732
SB-756050,-0.013347430918322413,733
BAY-K8644,-0.013355944465490025,734
VGX-1027,-0.013388553751243804,735
BMS-707035,-0.013434672448509091,736
lurasidone,-0.013479567310446519,737
NMS-1286937,-0.013480443663965296,738
2-methoxyestradiol,-0.013528536285409964,739
indinavir,-0.01357574114402308,740
rilmenidine,-0.013576209740135722,741
VX-661,-0.013610832177968532,742
alagebrium,-0.013782019864319215,743
ellagic-acid,-0.013810020531537733,744
altrenogest,-0.013917364373091183,745
carvedilol,-0.014017264857397705,746
AS-601245,-0.014023751116128393,747
acetazolamide,-0.014043874989538897,748
pimozide,-0.014063379619130246,749
asenapine,-0.014098391575415386,750
talinolol,-0.014103688818706864,751
sorbinil,-0.014175229677421936,752
pinitol,-0.014202510216573759,753
fulvestrant,-0.014299835244165643,754
lopinavir,-0.014350756258842075,755
sertindole,-0.014367460976880986,756
nepafenac,-0.01442355629924045,757
tetradecylthioacetic-acid,-0.014516396301688186,758
minaprine,-0.014519366270653982,759
tizanidine,-0.01455130141831305,760
preladenant,-0.014616834090249728,761
bumetanide,-0.014641764150158143,762
climbazole,-0.014652612893771655,763
rolipram,-0.014713162142711912,764
ARP-101,-0.014735187300304663,765
vinburnine,-0.014751150019523561,766
ciglitazone,-0.014795802517022144,767
GDC-0068,-0.014841984134686318,768
lacitol,-0.014925829876128524,769
amiprilose,-0.01497554458102053,770
SCH-28080,-0.015073425513327365,771
fexofenadine,-0.015094939441475379,772
cimetidine,-0.015301749164379016,773
balaglitazone,-0.015316930547856357,774
VTP-27999,-0.015333821305708945,775
PKI-179,-0.015363911556599627,776
L-citrulline,-0.015414046257063291,777
arofylline,-0.015441297742120818,778
ivabradine,-0.015528842339071813,779
suprofen,-0.015548117926536775,780
amineptine,-0.01564890270794159,781
isoniazid,-0.01566792841129963,782
tamoxifen,-0.015684433849999794,783
TPCA-1,-0.015692935864300216,784
AMG-517,-0.0157482980302542,785
tretinoin,-0.0157858580809854,786
calcitriol,-0.01583151108087144,787
dicoumarol,-0.01590226558517818,788
cyproterone-acetate,-0.015912256045922328,789
HMN-214,-0.015973720254816,790
warfarin,-0.015976121095142,791
labetalol,-0.016115120092234363,792
penicillin-v-potassium,-0.016138041042966997,793
ketorolac,-0.016219486425622553,794
andrographolide,-0.016253025977452443,795
almorexant,-0.016512064804287272,796
methylnaltrexone,-0.016514746908341323,797
dideoxyadenosine,-0.01667429294192421,798
BRD-K73261812,-0.016732896016976424,799
capsaicin,-0.016733557439866438,800
pomalidomide,-0.016744679214371942,801
anidulafungin,-0.016757846725008237,802
saxagliptin,-0.016841611467796586,803
eptifibatide,-0.01696178675175138,804
candesartan,-0.01719882470359691,805
tramadol,-0.017213755685867662,806
SN-38,-0.017279095049425205,807
desmopressin-acetate,-0.017309257102587967,808
10-DEBC,-0.017385592881468084,809
linezolid,-0.01755517161113775,810
acarbose,-0.017575265103735055,811
cinepazide,-0.017611958876090503,812
gliclazide,-0.017632461574208776,813
tipiracil,-0.01775177642801908,814
cutamesine,-0.017835195122941294,815
urea,-0.01796054139075427,816
ketotifen,-0.01821428678245753,817
tacrine,-0.018475573880930872,818
sacubitril,-0.018502177543351865,819
okadaic acid,-0.01851447952364443,820
AZD-8055,-0.018556325817731197,821
PSI-7976,-0.018568599461792935,822
ASC-J9,-0.018588295566566708,823
tonabersat,-0.01858916053937401,824
etravirine,-0.018618366049969977,825
amitifadine,-0.018620153214530106,826
anastrozole,-0.018685431771443793,827
emedastine,-0.018719574706943885,828
tetrahydrouridine,-0.018755104056332603,829
tolvaptan,-0.01875947812264923,830
brequinar,-0.01878783625083068,831
NXY-059,-0.01878897282849086,832
LY-2784544,-0.018869422216434128,833
dextromethorphan,-0.018907442016071745,834
irbesartan,-0.018945936803193026,835
empagliflozin,-0.018991365933405144,836
ACY-1215,-0.019014136050630143,837
lomeguatrib,-0.01903508600937571,838
sotrastaurin,-0.019114403541479922,839
sitagliptin,-0.01912969720083311,840
mitoxantrone,-0.01913658241898307,841
pirfenidone,-0.01916912219055139,842
ethinyl-estradiol,-0.019230667422560254,843
aminocaproic-acid,-0.019269832111313737,844
prochlorperazine,-0.019311878161945358,845
torcitabine,-0.019319927441679634,846
glycitein,-0.019336455727551452,847
phenprocoumon,-0.019363274399307212,848
trimebutine,-0.019363869835617477,849
atenolol-(+/-),-0.01942208166303517,850
benfluorex,-0.019422308843766677,851
dicloxacillin,-0.019762435282626414,852
papaverine,-0.019809769679107785,853
erlotinib,-0.01992582925783783,854
ivacaftor,-0.019997531552389407,855
cefoperazone,-0.02012998598004349,856
voxtalisib,-0.02013066984540885,857
teriflunomide,-0.020142525463083157,858
AZD-5363,-0.020165902156994688,859
RG-2833,-0.020171702246384763,860
CGK-733,-0.020217415961807473,861
ZK-93423,-0.020222372255397136,862
KN-93,-0.02024104073584438,863
ORG-9768,-0.020275122390792957,864
talnetant,-0.020345999446004133,865
resminostat,-0.020374471582922955,866
ranolazine,-0.020390689158736288,867
bepotastine,-0.020414475652452635,868
ethylenediaminetetraacetic-acid,-0.02045441005801467,869
triamcinolone,-0.020461570391682806,870
AMG-208,-0.02050274045131788,871
methocarbamol,-0.020806191840523593,872
formestane,-0.02082395362668092,873
procainamide,-0.020830534223089784,874
nemonapride,-0.02088646986136519,875
TG-100115,-0.020896751025724154,876
ibutilide,-0.020947085660704884,877
AGK-2,-0.021059278626537444,878
YM-155,-0.021081681724190376,879
SB-242235,-0.021112998843042616,880
luteolin,-0.021171384060940428,881
acenocoumarol,-0.021198442467365068,882
ampalex,-0.02132341808672811,883
tyrphostin-AG-112,-0.021338297683897684,884
iguratimod,-0.02135513566386007,885
CYT-997,-0.021384840879539267,886
mephentermine,-0.021388701565549433,887
picolinic-acid,-0.0214679501916887,888
hesperidin,-0.021584859454624482,889
lamivudine,-0.021602204700018016,890
etacrynic-acid,-0.02162185463346527,891
cilengitide,-0.021668706971021044,892
doxifluridine,-0.021725737048960372,893
CNQX,-0.021756336962689665,894
buparlisib,-0.02177289675560405,895
selegiline,-0.02181071810468691,896
VT-464,-0.02186482783221731,897
nizofenone,-0.021887998836431798,898
mepyramine,-0.021933911697412226,899
GDC-0152,-0.02194311280334202,900
YM-976,-0.022021747279217553,901
halofantrine,-0.02210601765305313,902
zidovudine,-0.022126411209049002,903
bezafibrate,-0.022275278159912742,904
niclosamide,-0.02228598411851266,905
PD-153035,-0.02231794960488474,906
sulmazole,-0.022419958771250484,907
busulfan,-0.022495331720176166,908
salirasib,-0.02253306713666842,909
ZSTK-474,-0.022552957180757945,910
levobunolol,-0.02277217775162101,911
staurosporine,-0.022845802937702754,912
aminoguanidine,-0.02287980526950358,913
WZ-3105,-0.022935303922823416,914
hydrocortisone,-0.0229687211725543,915
butaclamol,-0.023015785431556992,916
medetomidine,-0.023098291755847124,917
itopride,-0.02321477453619016,918
nutlin-3,-0.023270883871106415,919
CC-401,-0.023304505161723686,920
D-serine,-0.023350908795978856,921
vilazodone,-0.023386433504939585,922
molsidomine,-0.02341140305927794,923
carbamazepine,-0.02346820461115438,924
metoprolol,-0.023545205604778647,925
PD-123319,-0.02355136197673084,926
"4,5,6,7-tetrabromobenzotriazole",-0.02359722584048788,927
CP-945598,-0.023610051038890977,928
ofloxacin,-0.023692298562049675,929
swainsonine,-0.02370287149961009,930
famotidine,-0.02380253279732783,931
RU-58841,-0.02382950577946385,932
tolbutamide,-0.023870094450425327,933
BMS-777607,-0.02392526689852773,934
dalfampridine,-0.023944770230003035,935
roquinimex,-0.023954643176534843,936
bendroflumethiazide,-0.023993025796950528,937
HG-5-88-01,-0.024048083125276832,938
tolnaftate,-0.024070847992479858,939
fidaxomicin,-0.024164374633087845,940
repaglinide,-0.02427425663772736,941
GDC-0879,-0.02429444570095996,942
bisoprolol,-0.02434464279076387,943
indobufen,-0.0243819472158072,944
tofacitinib,-0.02447944468544001,945
PF-03814735,-0.02449182018002647,946
orphenadrine,-0.024518094830296117,947
Y-27152,-0.02458976371661866,948
amrinone,-0.024641073537612836,949
menadione,-0.02469482383239848,950
lisofylline,-0.02476832158886695,951
amiodarone,-0.024770446378477994,952
bavisant,-0.024802495326549066,953
lobenzarit,-0.02480625621872904,954
ARN-509,-0.024985166808313603,955
etofenamate,-0.02500098096435827,956
itraconazole,-0.025021912203776142,957
chloroquine,-0.025039042235611972,958
retapamulin,-0.02514461367160396,959
olmesartan-medoxomil,-0.025187796392775297,960
piretanide,-0.02519137926468896,961
maribavir,-0.02521977188769498,962
febuxostat,-0.025369843299736204,963
bevirimat-dimeglumine,-0.02539008531425244,964
furosemide,-0.025399032016956466,965
carbenoxolone,-0.02550888225807654,966
etoposide,-0.025582811055362444,967
gestrinone,-0.025618448823274187,968
dinoprost,-0.025647782822434708,969
mepivacaine,-0.02567176672561594,970
bucladesine,-0.02577542735363939,971
moclobemide,-0.025791943073521995,972
clofibrate,-0.02584719291045054,973
metolazone,-0.02588333913195718,974
perhexiline,-0.025897750863141746,975
NVP-BGJ398,-0.025918022899651845,976
epz-5676,-0.026020588446703026,977
EX-527,-0.02613279692529136,978
dequalinium,-0.026164204549363274,979
PHA-793887,-0.02619047465824868,980
paricalcitol,-0.02620149372745883,981
estramustine-phosphate,-0.02621555205630775,982
nebivolol,-0.026344416678333548,983
pyrazinamide,-0.02641549459085973,984
trimetazidine,-0.026636774866135908,985
asymmetrical-dimethylarginine,-0.026664978945819373,986
pirenzepine,-0.02669002242730051,987
diphenylpyraline,-0.02669754553680726,988
rivaroxaban,-0.0267358703846147,989
pantoprazole,-0.026928280961125754,990
edoxaban,-0.02693832707934344,991
tafamidis-meglumine,-0.026988912078858757,992
flecainide,-0.02712165459513418,993
alisertib,-0.027177348172294735,994
thiothixene,-0.027178342628477323,995
QL-XII-47,-0.0271921029030833,996
rondual-kinase-inhibitor,-0.027239062183715426,997
tetracaine,-0.02727681774691227,998
fenoldopam,-0.02732001303531167,999
aphidicolin,-0.027419515594393516,1000
amfepramone,-0.027447438342668006,1001
nimesulide,-0.027449518070642043,1002
RAF-265,-0.027472131894244,1003
nisoxetine,-0.027525599201944445,1004
epinephrine,-0.027534784953789124,1005
LGX-818,-0.02761490471752285,1006
dofequidar,-0.02761907992697437,1007
camicinal,-0.027640069814577676,1008
levosimendan,-0.027647223410091532,1009
loratadine,-0.027684612874404643,1010
ZK-93426,-0.027696336446787415,1011
trimethobenzamide,-0.027701324511546645,1012
CX-4945,-0.027719690945760083,1013
estradiol,-0.027762773490965727,1014
propylthiouracil,-0.027763696459124385,1015
moxonidine,-0.027783156770082487,1016
ZK-811752,-0.02779059629701842,1017
tolfenamic-acid,-0.027811829826835457,1018
AM-24,-0.02783447821671538,1019
epz004777,-0.027980666801578905,1020
sulfasalazine,-0.02802139686595866,1021
danegaptide,-0.028190904310395927,1022
R-547,-0.02823367762294211,1023
solifenacin-succinate,-0.028284973751216552,1024
sulfafurazole,-0.028287730728719696,1025
withaferin-a,-0.028310682057295814,1026
ramipril,-0.028345661609315873,1027
tacalcitol,-0.02837750865935843,1028
escitalopram,-0.028399100399974994,1029
phentermine,-0.028531199736669358,1030
piperidolate,-0.028571962784568323,1031
lidamidine,-0.02864034005819393,1032
alizapride,-0.02864223306292831,1033
pyrimethamine,-0.02865212367711002,1034
gimeracil,-0.02868000532163732,1035
oxfendazole,-0.028682349619794437,1036
WAY-362450,-0.028719733662195608,1037
cianidanol,-0.02875004561493936,1038
dazmegrel,-0.02878672562710435,1039
fusidic-acid,-0.028831285010612235,1040
ASA-404,-0.02884505651410274,1041
dexloxiglumide,-0.02885794498387996,1042
smer-3,-0.02886453054297172,1043
benzylpenicillin,-0.02893282550873412,1044
cinnarizine,-0.029003783344320504,1045
irsogladine,-0.029028905016562176,1046
vortioxetine,-0.029073888703161098,1047
dipraglurant,-0.029140645621615602,1048
bendamustine,-0.029178655690424816,1049
bimatoprost,-0.029193276353489412,1050
adoprazine,-0.029312276598676582,1051
DMP-777,-0.029363749951114397,1052
varespladib,-0.029399271824874545,1053
daunorubicin,-0.029425040511530824,1054
selinexor,-0.029439039840397942,1055
teroxirone,-0.029464101838043728,1056
moxidectin,-0.029464740781776383,1057
TAK-715,-0.029472359839623527,1058
erythromycin,-0.02950875851157527,1059
tosedostat,-0.029537777958074867,1060
TG-100801,-0.029583181154183617,1061
ICI-162846,-0.02959580995329678,1062
pterostilbene,-0.029642344993725575,1063
XMD-1499,-0.02966556796364585,1064
indometacin,-0.02969884282974132,1065
imiquimod,-0.02972619671315636,1066
LX-1031,-0.029753229262750307,1067
KIN001-270,-0.029880117046945723,1068
gatifloxacin,-0.029882793715175836,1069
Y-39983,-0.030004883664455098,1070
valrubicin,-0.030007277597369438,1071
vanoxerine,-0.030065506366288946,1072
SB-590885,-0.030085182412796566,1073
TIC10,-0.030122611479882735,1074
calpeptin,-0.030146886774454918,1075
chlormezanone,-0.030154600938277324,1076
melatonin,-0.030161677811691448,1077
phenylephrine,-0.030267373696916254,1078
SK&F-10047-(+),-0.0302883798811535,1079
RS-127445,-0.03036294209812786,1080
MF-101,-0.03038112733274803,1081
ercalcitriol,-0.030388315555975067,1082
stavudine,-0.030394839107526248,1083
felodipine,-0.0304685518652767,1084
pevonedistat,-0.03050417536608566,1085
acivicin,-0.030512554675106003,1086
BMY-14802,-0.030557657572953888,1087
taranabant,-0.030619794219269948,1088
KIN001-260,-0.030629286288817923,1089
quinine,-0.030629549217062162,1090
oxiconazole,-0.030670556621131186,1091
zonisamide,-0.030719828886711775,1092
meloxicam,-0.030751363873933724,1093
ripasudil,-0.030845792508796422,1094
diltiazem,-0.03084628297210742,1095
chlorambucil,-0.0309659877481403,1096
dutasteride,-0.030968209352074533,1097
resiquimod,-0.030968496025513933,1098
VX-222,-0.03101109419247906,1099
cefepime,-0.03101500292384852,1100
JNK-IN-5A,-0.031016936382515584,1101
ecabet,-0.03116927931115968,1102
merbarone,-0.03120846094660344,1103
MK-0773,-0.031260669049826405,1104
glafenine,-0.03136349134243637,1105
oglemilast,-0.031395972824212415,1106
tolimidone,-0.031436006979166715,1107
benzydamine,-0.03156040401771533,1108
decitabine,-0.03159132543319162,1109
WYE-125132,-0.031612797670634005,1110
capecitabine,-0.031626997829099,1111
nevirapine,-0.031718539283629624,1112
amitriptyline,-0.03177935799405735,1113
LY-2811376,-0.03181404184560385,1114
raltegravir,-0.03181647457342566,1115
lenalidomide,-0.031937106289944193,1116
licochalcone-a,-0.03194496777985538,1117
A-66,-0.03195149293293957,1118
gemfibrozil,-0.03197145111504804,1119
ambroxol,-0.032181862597596096,1120
FPL-55712,-0.0321866612900455,1121
tozasertib,-0.032281811621084365,1122
loperamide,-0.03231864187522467,1123
levalbuterol,-0.0324169219621576,1124
doxorubicin,-0.0324276065426119,1125
quizartinib,-0.0324708548194898,1126
IB-MECA,-0.03248235421996369,1127
MDL-73005EF,-0.03251015590487183,1128
esmolol,-0.032533430899834404,1129
rebamipide,-0.03264920411532147,1130
timonacic,-0.03266358300952165,1131
naproxen,-0.03267182679222419,1132
chelerythrine,-0.03267422049611232,1133
gaboxadol,-0.0327436568714277,1134
emtricitabine,-0.03280394155251277,1135
guanethidine,-0.03285385394863457,1136
pilocarpine,-0.032867275678403,1137
palovarotene,-0.03286871876202403,1138
rucinol,-0.032884988719975694,1139
oxandrolone,-0.032991763402546365,1140
maprotiline,-0.03307760588433888,1141
aniracetam,-0.03313724128238298,1142
LY-2090314,-0.03316203928996782,1143
benzotript,-0.03320265235583527,1144
BIX-02189,-0.03320889902163931,1145
probucol,-0.03343048644349455,1146
telbivudine,-0.033583402280902425,1147
zosuquidar,-0.03359490193207933,1148
sulpiride,-0.033843145597428834,1149
telmisartan,-0.034001706118483785,1150
floxuridine,-0.034029621783404865,1151
econazole,-0.0340974888532734,1152
bemegride,-0.03419792609547615,1153
zofenopril-calcium,-0.03420651494296266,1154
apafant,-0.0342260288774727,1155
naringenin,-0.03423221446127554,1156
ganaxolone,-0.03423857878587804,1157
esculin,-0.03425187538007923,1158
RHO-kinase-inhibitor-III[rockout],-0.034418338989153766,1159
diazepam,-0.03444713821803591,1160
JW55,-0.03445736433379423,1161
nandrolone,-0.034461742954630836,1162
ibuprofen,-0.034516203152721185,1163
ammonium-glycyrrhizinate,-0.03457002798854507,1164
carprofen,-0.0346978116618835,1165
talmapimod,-0.03473172545420471,1166
sertaconazole,-0.03473863595990829,1167
AMG-837,-0.03479404715830778,1168
castanospermine,-0.0349365778808274,1169
xaliproden,-0.03495998791641117,1170
PF-562271,-0.03501142933000988,1171
ursodeoxycholyltaurine,-0.03501222965455271,1172
dasabuvir,-0.03501687592617262,1173
"2',5'-dideoxyadenosine",-0.035048340322659265,1174
otilonium,-0.03505252138411459,1175
rifabutin,-0.035058189592124735,1176
aclidinium,-0.03509157084278969,1177
lamotrigine,-0.03543348829338905,1178
marimastat,-0.035470149408308935,1179
letrozole,-0.03548112861984878,1180
quetiapine,-0.03550303509600577,1181
exherin,-0.03550875076886421,1182
enprofylline,-0.03553533932680509,1183
TAS-103,-0.03556319715064041,1184
PF-431396,-0.03578762937538593,1185
pasireotide,-0.03580953177198303,1186
propranolol,-0.03582731452894028,1187
pralatrexate,-0.035844259515902754,1188
niguldipine,-0.03587115647326316,1189
zaprinast,-0.035904070913879746,1190
trifluridine,-0.03594978524360267,1191
glipizide,-0.03607685176184113,1192
ipriflavone,-0.03608130807555511,1193
medroxyprogesterone-acetate,-0.03619278215552858,1194
BMS-345541,-0.03626463772042582,1195
zaldaride,-0.0363592168917542,1196
tazarotene,-0.036430945439654444,1197
mifobate,-0.03666099575342629,1198
GSK-J4,-0.03670315049704099,1199
EMD-53998,-0.03685537491203992,1200
clioquinol,-0.03685912358671295,1201
ginkgetin,-0.03689856803296196,1202
bropirimine,-0.03690575310740322,1203
nicardipine,-0.036980159811664644,1204
pemirolast,-0.03698993123727348,1205
fadrozole,-0.03713215850028618,1206
phentolamine,-0.037135893599580055,1207
SYK-inhibitor,-0.037328887955470236,1208
phenylbutyrate,-0.0374537880111442,1209
PF-477736,-0.03755893068246785,1210
telatinib,-0.03755962836706058,1211
theobromine,-0.03758520612668705,1212
tivantinib,-0.03762472033014392,1213
isradipine,-0.03763102605909332,1214
diminazene-aceturate,-0.03764682210895674,1215
serdemetan,-0.03771572339303873,1216
LY-215490,-0.03774706492166695,1217
formoterol,-0.03781824455360751,1218
AKT-inhibitor-1-2,-0.03782878717550821,1219
tirapazamine,-0.03791901106719509,1220
arglabin,-0.03802212447535529,1221
favipiravir,-0.03810491943493262,1222
afloqualone,-0.038158597962555676,1223
torin-1,-0.038163536428746064,1224
homoharringtonine,-0.03821745776958828,1225
lorcaserin,-0.03824413062612792,1226
fdcyd,-0.03828695214501148,1227
hydroxyurea,-0.03831180738657051,1228
clinofibrate,-0.038373868210252134,1229
mazindol,-0.038445316955542,1230
oxybenzone,-0.038497881071641385,1231
enzalutamide,-0.03852822577253001,1232
KI-20227,-0.0385753145878555,1233
sumatriptan,-0.03869363632254374,1234
KBG,-0.038694889786179014,1235
NVP-AEW541,-0.0389301257319757,1236
istaroxime,-0.03896996185950641,1237
AGI-6780,-0.03897768352567361,1238
mestranol,-0.03898144827173457,1239
AMG-232,-0.03898994167800003,1240
quercetin,-0.038992520214930715,1241
GSK-1292263,-0.03899430539236354,1242
exalamide,-0.03901014749301486,1243
methyldopa,-0.03902972537948456,1244
idasanutlin,-0.03904984267563796,1245
ruxolitinib,-0.0390568445951386,1246
ramatroban,-0.03909027085207873,1247
AZD-8931,-0.039094886840850024,1248
quiflapon,-0.03909717697954618,1249
diacerein,-0.0391178205288111,1250
bromocriptine,-0.039121124102227,1251
"3,3'-diindolylmethane",-0.03918759247470708,1252
5-aminolevulinic-acid,-0.039237867388156586,1253
altanserin,-0.03925996117382468,1254
chloroxine,-0.039284915624929154,1255
chrysin,-0.039409477981282956,1256
sarcosine,-0.03940977537687074,1257
bupropion,-0.03945621350965643,1258
disopyramide,-0.03949009125316685,1259
nikethamide,-0.03958022565192172,1260
FPL-62064,-0.03958826571891166,1261
exemestane,-0.039596816628253644,1262
acebutolol,-0.03960885764704574,1263
TTNPB,-0.03964975050783129,1264
choline-alfoscerate,-0.03966713670691875,1265
suvorexant,-0.03966932801907933,1266
deferasirox,-0.03979846657874027,1267
trovafloxacin,-0.03982393364766326,1268
PF-04217903,-0.03986036727811171,1269
efaproxiral,-0.03994263697168765,1270
rizatriptan,-0.0399969269208692,1271
nelarabine,-0.040044753825327115,1272
ORE-1001,-0.0400556170487782,1273
NF-449,-0.04007154736305396,1274
vernakalant,-0.0401370462733658,1275
fidarestat,-0.04020329089523656,1276
bretazenil,-0.04022985796369409,1277
mianserin,-0.040318826502527993,1278
mCPP,-0.0403286401771339,1279
mesulergine,-0.04033917694916527,1280
atracurium,-0.040376542421253894,1281
SR-27897,-0.040483612841957,1282
folic-acid,-0.040523004569577636,1283
indiplon,-0.04053070420225523,1284
dexfenfluramine,-0.04055025107384981,1285
3-deazaadenosine,-0.040564232515240085,1286
SC-12267,-0.04060260486624497,1287
felbamate,-0.04069951091920898,1288
SB-203580,-0.04072136066288968,1289
tyrphostin-1,-0.0407345186677255,1290
melperone,-0.04079659632300909,1291
CI-976,-0.04082785665536753,1292
imexon,-0.04088709023362316,1293
LDN-193189,-0.04107206884849932,1294
tranilast,-0.041087021068644425,1295
CB-10-277-(free-acid),-0.041127695689113244,1296
camostat-mesilate,-0.041177502749969855,1297
metamizole,-0.041179013469598465,1298
MLN-8054,-0.04127856189313612,1299
venetoclax,-0.04133150877740873,1300
lumacaftor,-0.04138018022838558,1301
motesanib,-0.041387922860690284,1302
daminozide,-0.041430668364573965,1303
oxypurinol,-0.04148650849642985,1304
PH-797804,-0.04154882761423144,1305
tandutinib,-0.04172907305104972,1306
acrivastine,-0.04197214264551099,1307
spironolactone,-0.042076832431039324,1308
abacavir,-0.042160074474710395,1309
masoprocol,-0.04226040300844355,1310
thiomersal,-0.04229652090664956,1311
ketoprofen,-0.04237597018070693,1312
moxisylyte,-0.04251179337556838,1313
amantadine,-0.04253463977298846,1314
maraviroc,-0.04261276996770103,1315
rifaximin,-0.042706230570993445,1316
darunavir,-0.04279111843691252,1317
lucitanib,-0.04288265419973643,1318
fosinopril,-0.04288266876276883,1319
etizolam,-0.04289915342916284,1320
disulfiram,-0.04292512488233177,1321
UNC-0321,-0.04315387352076278,1322
lirimilast,-0.043164935970109806,1323
roflumilast,-0.04329423389347539,1324
amsacrine,-0.043363048748779,1325
rigosertib,-0.04341548723266626,1326
HG-9-91-01,-0.04354925381812375,1327
levamisole,-0.04355475772557845,1328
pritelivir,-0.04356610563556295,1329
amcinonide,-0.0435983876975426,1330
tipranavir,-0.04366694923112489,1331
AV-608,-0.043736674201427114,1332
mebendazole,-0.04374763849153478,1333
ribavirin,-0.043817768269321315,1334
probenecid,-0.04391804506452008,1335
dienogest,-0.04392177620413579,1336
miconazole,-0.043930956773635295,1337
SGX523,-0.04393115669148192,1338
FR-180204,-0.043951963476460576,1339
cpi-169,-0.0439535522450297,1340
pregnenolone,-0.04396237064876042,1341
nicergoline,-0.04405819816150941,1342
equol,-0.04408050780054948,1343
imipramine,-0.04408730625715245,1344
voreloxin,-0.04413420939651476,1345
griseofulvin,-0.04417401847857621,1346
CP-724714,-0.04423633671123933,1347
firategrast,-0.044247641909047085,1348
ABT-202,-0.04425054774779061,1349
AMG-487,-0.044278772119555325,1350
diosmin,-0.04437390946271915,1351
JNJ-38877605,-0.04448186621710395,1352
zileuton,-0.04452678103711557,1353
moracizine,-0.044529129232551146,1354
levothyroxine,-0.04453263738656503,1355
BRD-K68548958,-0.04453370724818562,1356
allopurinol,-0.044619007208792826,1357
trimethoprim,-0.044689875729484185,1358
chloramphenicol,-0.044741097453731525,1359
carisoprodol,-0.04482671105413652,1360
aurora-a-inhibitor-i,-0.04483152400686669,1361
indoprofen,-0.044847231206431255,1362
ozagrel,-0.045082038636496694,1363
salvinorin-a,-0.045084444384007834,1364
sulforaphane,-0.04511913458568897,1365
dopamine,-0.04514115866933495,1366
testosterone,-0.045335105327437016,1367
rocuronium,-0.045362023499767645,1368
Gossypetin,-0.045384473835478105,1369
niacin,-0.045402594796372625,1370
novobiocin,-0.045482994412460793,1371
fiacitabine,-0.04550012600250612,1372
ciprofloxacin,-0.04551153221460189,1373
sulfadoxine,-0.04566001888411558,1374
lerisetron,-0.04571674283786644,1375
entecavir,-0.04572458956101659,1376
ciclesonide,-0.045746840040592755,1377
glimepiride,-0.04574793942812617,1378
thalidomide,-0.04577028309753603,1379
glycopyrrolate,-0.045837636075487194,1380
tetrabenazine,-0.04585940830016253,1381
letermovir,-0.04586855819480662,1382
alvocidib,-0.04587344604341049,1383
T-5224,-0.04590493368153303,1384
IKK-inhibitor-X,-0.04591817934027767,1385
deferiprone,-0.045968409346739195,1386
sch 900776,-0.04608528908490623,1387
estramustine,-0.04616641537637834,1388
KIN001-043,-0.04623985951513063,1389
idebenone,-0.046241134548416434,1390
adarotene,-0.0462448233763239,1391
taltirelin,-0.046364382217798664,1392
acifran,-0.04646045787131453,1393
midodrine,-0.04657082516437386,1394
cyclosporin-a,-0.04683265728515247,1395
travoprost,-0.046891732295814864,1396
lacosamide,-0.04694799228999445,1397
betrixaban,-0.04710111965792127,1398
tetrindole,-0.0471077131553053,1399
miltefosine,-0.047129543878038097,1400
rasagiline,-0.04715696186437562,1401
procaine,-0.04716485336313537,1402
tirofiban,-0.04723460108305804,1403
rotundine,-0.047242265723442936,1404
estrone,-0.04727683805781263,1405
minoxidil,-0.04735709462599886,1406
PD-173074,-0.04737656454613322,1407
levomequitazine,-0.047729844031137204,1408
iniparib,-0.04804784532319219,1409
QL-XI-92,-0.04818106064114293,1410
indapamide,-0.048220458106201645,1411
1271738-62-5,-0.04828578412624022,1412
fomepizole,-0.04829619058831771,1413
orantinib,-0.048342465305520645,1414
Y-27632,-0.048431534170682605,1415
clotrimazole,-0.04846937500767679,1416
avasimibe,-0.04854621231067722,1417
nefopam,-0.048548507068206494,1418
ginkgolide-b,-0.04857984265897307,1419
clemizole,-0.04862916666792205,1420
tamibarotene,-0.04883032883586911,1421
ilomastat,-0.04893311493385099,1422
sotalol,-0.04900775882044935,1423
tobramycin,-0.049064944849303085,1424
potassium-canrenoate,-0.049223212791153305,1425
chlorthalidone,-0.04922887403276702,1426
miglustat,-0.049267212795198745,1427
O6-benzylguanine,-0.04928922049408978,1428
granisetron,-0.049313608088521685,1429
chenodiol,-0.04944280552509113,1430
targinine,-0.04946554816930056,1431
loxoprofen,-0.04992401049951072,1432
UNC-669,-0.049984171295885685,1433
diethylcarbamazine,-0.050015612284822736,1434
VX-745,-0.0500473003927866,1435
tebipenem,-0.050049607910050635,1436
deoxycholic-acid,-0.050059454979772273,1437
NSC-4644,-0.05008315188502215,1438
fipronil,-0.0501610509091769,1439
QL-X-138,-0.05019444994200819,1440
clofarabine,-0.05043123143464197,1441
temazepam,-0.050473643265877104,1442
bexarotene,-0.050483608677647916,1443
butoconazole,-0.05053648176910323,1444
ABT-239,-0.05066363877807465,1445
KIN001-269,-0.05078445528339474,1446
physostigmine,-0.05090155999930412,1447
tibolone,-0.05134802306275389,1448
tiapride,-0.051372770138056405,1449
AZD-6482,-0.05150450065132605,1450
safingol,-0.051529469158133036,1451
CX-516,-0.051530909406874985,1452
SB-683698,-0.051619381472823946,1453
triamcinolone-acetonide,-0.051788300685596214,1454
dabigatran-etexilate,-0.051857319135089036,1455
lorazepam,-0.05185947010073646,1456
raclopride,-0.05203695136325394,1457
dapivirine,-0.052064383361499406,1458
dinaciclib,-0.05223491579982461,1459
irinotecan,-0.05224939480033476,1460
triamterene,-0.05231032172011066,1461
selamectin,-0.052474736035623845,1462
piroxicam,-0.0524815882417125,1463
digoxin,-0.05268117655158904,1464
zardaverine,-0.052788856979742345,1465
enzastaurin,-0.052856254303517466,1466
metenkephalin,-0.052866519099076324,1467
azelastine,-0.052893682198563566,1468
cladribine,-0.05297133264898601,1469
naphazoline,-0.05304877112859202,1470
MLN-2480,-0.053069738439715214,1471
eugenol,-0.05307001417501272,1472
CT-7758,-0.05311492331221647,1473
mestinon,-0.05319838999434448,1474
mibampator,-0.05338762327885517,1475
AICA-ribonucleotide,-0.05342872846088214,1476
RG-108,-0.05344405579365025,1477
anisodamine,-0.05346118690099731,1478
SB-239063,-0.053738185142717235,1479
cyanocobalamin,-0.05375966532787538,1480
regadenoson,-0.05388136095308808,1481
XL-147,-0.05389017797958166,1482
protirelin,-0.05409568730728851,1483
KIN001-244,-0.054197787244547276,1484
piclamilast,-0.0543227221788058,1485
carbimazole,-0.05432979595611912,1486
mitomycin-c,-0.05442239920777605,1487
safinamide,-0.054444652743727784,1488
GSK-256066,-0.05444586798947972,1489
zalcitabine,-0.054588230536691526,1490
balicatib,-0.05480646955876989,1491
rutin,-0.054818697453887476,1492
imatinib,-0.05493336961478605,1493
rimexolone,-0.05500692655116542,1494
ziprasidone,-0.05501097828518012,1495
palonosetron,-0.05510511342174359,1496
desvenlafaxine,-0.055162527998982705,1497
eflornithine,-0.05527804953119343,1498
linsitinib,-0.05544938594010003,1499
fenobam,-0.05545386260259851,1500
epirubicin,-0.05553129747044,1501
sulbutiamine,-0.05563054555485617,1502
clindamycin,-0.0556371175127739,1503
ZD-7288,-0.055674544964835,1504
triptolide,-0.055737982466670506,1505
AGP-103,-0.05584051323256371,1506
flumazenil,-0.05585878143521936,1507
seocalcitol,-0.05604225311539633,1508
flutamide,-0.05607944201261226,1509
cevimeline,-0.056151979063674765,1510
phenazone,-0.05616552227778149,1511
rimantadine,-0.05640226784900479,1512
resorcinol,-0.05644560215473295,1513
ALW-II-38-3,-0.05645365865479851,1514
levocetirizine,-0.056493946004103714,1515
dantrolene,-0.056579195258092116,1516
oxymetazoline,-0.056795549604748585,1517
risperidone,-0.056796155646540086,1518
linagliptin,-0.056796754694672026,1519
CPI-1189,-0.05684690097675321,1520
levonorgestrel,-0.0569338198507485,1521
voglibose,-0.05704116580579726,1522
methimazole,-0.05712133508529733,1523
rupatadine,-0.057184434966254374,1524
ondansetron,-0.057340622964491085,1525
nimodipine,-0.05735626964385607,1526
AMD-11070,-0.05739956489326457,1527
etanidazole,-0.057414701658986766,1528
omeprazole,-0.05742915666615084,1529
fentiazac,-0.05752649983211017,1530
fludarabine-phosphate,-0.05752998934858834,1531
forskolin,-0.057614849032287266,1532
alprostadil,-0.0577103306398399,1533
barasertib-HQPA,-0.05774339636268816,1534
AZD-1480,-0.058030188102532465,1535
amonafide,-0.058075966112973054,1536
IOX2,-0.058085316576540244,1537
goserelin-acetate,-0.05810068118669998,1538
GW-843682X,-0.05811265226619397,1539
lupanine,-0.05823007266912686,1540
tiagabine,-0.058237100932458034,1541
regorafenib,-0.058451788925664584,1542
phorbol-myristate-acetate,-0.05850126185205091,1543
josamycin,-0.0585737998147564,1544
tiludronate,-0.058596919477681274,1545
medrysone,-0.05866140543691868,1546
agomelatine,-0.0587150100781419,1547
buspirone,-0.058770026526282555,1548
trientine,-0.05890321286309613,1549
thioctic-acid,-0.05914643574584904,1550
E-2012,-0.05921088313224028,1551
triclabendazole,-0.05931955762843197,1552
naftifine,-0.05941131376825065,1553
azathioprine,-0.0594801636730114,1554
trimipramine,-0.0595052650521598,1555
A-769662,-0.0599364403663718,1556
merimepodib,-0.059962473723394936,1557
azelaic-acid,-0.06006844456773356,1558
SB-216763,-0.060093970082926176,1559
ZM-447439,-0.060120848945873814,1560
colforsin-daproate,-0.060371371786704105,1561
amtolmetin-guacil,-0.06041055578286878,1562
MD-920,-0.06088159471507585,1563
CHIR-99021,-0.06097847013396846,1564
bindarit,-0.061048464485326775,1565
isoconazole,-0.061093202128961396,1566
CGP-60474,-0.06136850396446138,1567
latanoprost,-0.06139801703990879,1568
otamixaban,-0.061414376371680575,1569
AZD-2014,-0.06144811328465067,1570
nateglinide,-0.06151889447494057,1571
batimastat,-0.061551739692443104,1572
pazopanib,-0.06160353111843072,1573
everolimus,-0.0617172949651881,1574
danazol,-0.06186634437727714,1575
bosentan,-0.0618728429447731,1576
tirasemtiv,-0.06194376794568196,1577
dehydroepiandrosterone,-0.061970766379463846,1578
cholic-acid,-0.06200234708359082,1579
tadalafil,-0.06210106867663041,1580
talazoparib,-0.062156781638353864,1581
PA-824,-0.062349933706579166,1582
oxaprozin,-0.0623573117170754,1583
milnacipran,-0.062431445800153945,1584
aminoglutethimide,-0.06243430272771443,1585
levcromakalim,-0.06244957730353186,1586
vidarabine,-0.06245224796858855,1587
OSI-027,-0.06265027968495689,1588
AZD-1208,-0.06272345360056124,1589
ritodrine,-0.06286883370845962,1590
imiloxan,-0.06294154294614634,1591
GW-842166,-0.06307133003926056,1592
ALX-5407,-0.0631218175828909,1593
KIN001-242,-0.06315695448590972,1594
bifonazole,-0.0633118543935287,1595
norethindrone,-0.06333195618994275,1596
rotigotine,-0.06352727125316208,1597
dihydroergotamine,-0.06354939505414639,1598
liranaftate,-0.06360027368356083,1599
fluorouracil,-0.06366136443837274,1600
dolasetron,-0.0637148264101455,1601
ischemin,-0.06380985593563189,1602
nilotinib,-0.06386858467581737,1603
baicalin,-0.06392633742985719,1604
ICI-192605,-0.06396942311473482,1605
celastrol,-0.06401713801097025,1606
bambuterol,-0.06421421989489376,1607
AZ-20,-0.06421588261012585,1608
tramiprosate,-0.06428725615621662,1609
carbachol,-0.06430250039516068,1610
terbinafine,-0.06436633917595322,1611
NU-7026,-0.06475991953719507,1612
meclizine,-0.06521620598989394,1613
BX-912,-0.06532548222418244,1614
ibutamoren,-0.06535373190319357,1615
BMS-387032,-0.06553261638115336,1616
relcovaptan,-0.06567811102030212,1617
abiraterone-acetate,-0.0657827755957783,1618
CGS-20625,-0.06585132083655564,1619
barasertib,-0.06589411008916958,1620
atrasentan,-0.06595907320154511,1621
blonanserin,-0.06596019968799553,1622
omecamtiv-mecarbil,-0.06602006996212821,1623
OTS-167,-0.06610944619940474,1624
topiroxostat,-0.06611232256642671,1625
dazoxiben,-0.06612564887422004,1626
chlorphenamine,-0.0662325723912596,1627
roxithromycin,-0.06637804074540074,1628
tiabendazole,-0.06651122517612275,1629
hypericin,-0.06671152838965533,1630
methylprednisolone,-0.06673908446483771,1631
dexamethasone-acetate,-0.06722451640819581,1632
pentoxifylline,-0.06730735986510787,1633
pinaverium,-0.06740826556680314,1634
atomoxetine,-0.06782503568327349,1635
nitrendipine,-0.06793023019182791,1636
fenoterol,-0.06816559661943411,1637
diclofenac,-0.06866151340809874,1638
noscapine,-0.06868089116632575,1639
canagliflozin,-0.06875979950775764,1640
norgestrel,-0.0689579084596157,1641
clarithromycin,-0.06899746808553663,1642
JQ1-(-),-0.06927679202145304,1643
manumycin-a,-0.06946467431055445,1644
clinafloxacin,-0.06952957058716674,1645
cytisine,-0.06957411632685453,1646
bicalutamide,-0.06958600967509468,1647
epigallocatechin-gallate-(-),-0.06973550577407699,1648
acyclovir,-0.07029175499773534,1649
cromoglicic-acid,-0.07032130399348502,1650
HC-030031,-0.07037424979133122,1651
temsirolimus,-0.07079635562168586,1652
reserpine,-0.07087024820264351,1653
urapidil,-0.07114443385325145,1654
Z160,-0.07160771167152362,1655
tranylcypromine,-0.07163820163952359,1656
ZD-7114,-0.07169743293044796,1657
ZK-200775,-0.07176633189457186,1658
droperidol,-0.07221945785413028,1659
basimglurant,-0.0723146465555267,1660
maxacalcitol,-0.0723823208882051,1661
edoxudine,-0.07244400517455968,1662
senicapoc,-0.07245911270011177,1663
pranlukast,-0.07260887264593058,1664
CTB,-0.07264391609781584,1665
mepazine,-0.0729267807572841,1666
ingenol-mebutate,-0.07301329923805674,1667
sirolimus,-0.07312653175576725,1668
adapalene,-0.07329613543749522,1669
phensuximide,-0.07352582495079306,1670
TAK-875,-0.07364819275088387,1671
2-iminobiotin,-0.07385568889002296,1672
losmapimod,-0.07408547230912421,1673
artesunate,-0.07416277529885419,1674
anacardic-acid,-0.07417113362502632,1675
AT-7519,-0.07428047248802833,1676
PRX-08066,-0.07430979558179611,1677
GW-5074,-0.07520207700856059,1678
deforolimus,-0.07531976328938361,1679
GSK-3-inhibitor-II,-0.07544879099690333,1680
hydroflumethiazide,-0.0755597997020519,1681
doxepin,-0.07568635336674596,1682
BTS-54505,-0.07576546713609464,1683
linopirdine,-0.07600403334787374,1684
garcinol,-0.07620228917696938,1685
CYT387,-0.07625642389615414,1686
resveratrol,-0.07643011536597052,1687
etoricoxib,-0.07650410349356393,1688
masitinib,-0.07653357242763083,1689
sorafenib,-0.07660672317644349,1690
erythromycin-ethylsuccinate,-0.07679334352665829,1691
glasdegib,-0.0773618186737497,1692
leflunomide,-0.0775222441971931,1693
SAR-245409,-0.0777516612822752,1694
benzthiazide,-0.07793264791113916,1695
JNK-9L,-0.07806645179358865,1696
genistein,-0.07811238820584189,1697
flutrimazole,-0.0781696160925482,1698
vinpocetine,-0.07819508794848129,1699
citalopram,-0.07850436264788958,1700
alpelisib,-0.07853515118866576,1701
ALW-II-49-7,-0.078951913181367,1702
pirenoxine,-0.07933787113062053,1703
triclosan,-0.07985497568026094,1704
trapidil,-0.08006189312057158,1705
rebastinib,-0.08044115559265233,1706
doxycycline,-0.0807704010810032,1707
GSK-J1,-0.08095828626531863,1708
fostamatinib,-0.08151062685688944,1709
SB-705498,-0.08179082186645072,1710
THZ-2-98-01,-0.08245561949421104,1711
brivanib,-0.0825928576517562,1712
apremilast,-0.0826082465560053,1713
fasudil,-0.08279171033713086,1714
primidone,-0.08286295297088582,1715
RGFP-966,-0.08302817692630937,1716
palmitoylethanolamide,-0.08345157459568292,1717
gemcitabine,-0.08347547763908651,1718
CX-5461,-0.08455177477640183,1719
propentofylline,-0.08459733273039806,1720
LY-2801653,-0.08534040593008044,1721
halcinonide,-0.08622202373178227,1722
tacedinaline,-0.08660318735794659,1723
tedizolid,-0.08669150350645526,1724
pimobendan,-0.08670800506195211,1725
reparixin,-0.08678614117719395,1726
AZD-5438,-0.08689338729731143,1727
tomelukast,-0.08703818847552984,1728
venlafaxine,-0.08726883688826621,1729
REV-5901,-0.08749708720427783,1730
oseltamivir-carboxylate,-0.08774849609877666,1731
MC1568,-0.08896178156031188,1732
vismodegib,-0.0894443338694543,1733
GNF-2,-0.09007568798939863,1734
norethisterone,-0.09014464951567647,1735
OSI-930,-0.09049842217491677,1736
DU-728,-0.09052782846498081,1737
enalapril,-0.09113411334051993,1738
almitrine,-0.09172860112044791,1739
dacarbazine,-0.09398178887527497,1740
odanacatib,-0.09432024588799377,1741
ibudilast,-0.09635981449550093,1742
veliparib,-0.09661517048822987,1743
cefozopran,-0.0966954075930961,1744
UNC-1215,-0.09740151282424199,1745
doramapimod,-0.09811198241374454,1746
CP-466722,-0.09862159696086009,1747
ABT-737,-0.09881007305928871,1748
tanaproget,-0.09881592737244468,1749
radezolid,-0.09988923374825293,1750
PIK-93,-0.10105378483763844,1751
pyrazolanthrone,-0.10389126996218974,1752
quinidine,-0.10434967755616083,1753
roscovitine,-0.1056336629148391,1754
verteporfin,-0.1067937981972766,1755
olaparib,-0.10769185821169863,1756
diethylstilbestrol,-0.10783351492681284,1757
mecamylamine,-0.10906102288247067,1758
linifanib,-0.11188882263307323,1759
rucaparib,-0.11559218833201523,1760
guanaben-acetate,-0.11583672725844898,1761
tivozanib,-0.11704038451032053,1762
clenbuterol,-0.11840269470050664,1763
SAR-245408,-0.12135957891034681,1764
vemurafenib,-0.1233625878332859,1765
PLX-4720,-0.1238800753851718,1766
isosorbide-mononitrate,-0.12907246680287343,1767
PHA-767491,-0.1827123198148023,1768
