drug,weighted_trace,weighted_rank
STA-5326,0.15207227289550998,1
cediranib,0.14420411404995626,2
fluspirilene,0.11111914210778981,3
cepharanthine,0.10843020284646988,4
orlistat,0.1054371019865567,5
BI-2536,0.10277984144589679,6
KW-2478,0.10196304450863175,7
WH-4-025,0.09737985748993445,8
atorvastatin,0.095450555711866,9
romidepsin,0.09544475266703945,10
dacinostat,0.09487316157029017,11
JNJ-26481585,0.09253315697333968,12
trametinib,0.09153870696157024,13
NVP-TAE684,0.08614447923742793,14
TG-101348,0.08581081283951827,15
nintedanib,0.08529177203351287,16
pitavastatin,0.08491253637450834,17
Ro-4987655,0.08270079917130252,18
darapladib,0.08190183343356831,19
I-BET-151,0.08036216134633832,20
PCI-24781,0.08031994499438944,21
simvastatin,0.0802400850033372,22
trichostatin-a,0.07941984988898251,23
TAK-733,0.07748734160415872,24
bisindolylmaleimide,0.07626079468745817,25
I-BET-762,0.07586892153014535,26
PD-0325901,0.07409704129983595,27
SR-33805,0.07389570913296031,28
sunitinib,0.07324470090129005,29
JQ1-(+),0.07215908469671185,30
vandetanib,0.0720093989788218,31
AT7867,0.0717854676964389,32
CC-930,0.07132727334079916,33
volasertib,0.07132546257999232,34
AZD-8330,0.07101575828623709,35
R-428,0.07081714044555829,36
raloxifene,0.0691670692568941,37
XMD-885,0.06853293686413289,38
fulvestrant,0.06815691511161182,39
dasatinib,0.06740068326625735,40
gallopamil,0.06712988604661572,41
bafilomycin a1,0.06522329556649548,42
selumetinib,0.06510985443731146,43
binimetinib,0.06478565596895676,44
cobimetinib,0.06454886479258347,45
SB-939,0.06400535662783138,46
protriptyline,0.06329518584212825,47
vorinostat,0.0625625137424113,48
ganetespib,0.0617056968835567,49
alvespimycin,0.060438006177126156,50
sertraline,0.05998253057287497,51
belinostat,0.05988852552210727,52
YM-201636,0.05977076178116229,53
HG-14-10-04,0.05855412242265303,54
XL-888,0.05838659700379324,55
BIIB-021,0.05831378968841072,56
AEE-788,0.05550337958783435,57
NVP-AUY922,0.05512335214047928,58
refametinib,0.05418182973649012,59
dronedarone,0.05415326394369157,60
bazedoxifene,0.051878191347176125,61
foretinib,0.051478167836143514,62
AS-703026,0.050850988100846574,63
clomifene,0.050441365689845946,64
afatinib,0.050419971660937556,65
rufinamide,0.04959340885195724,66
tanespimycin,0.049422242771141475,67
BVD-523,0.04905812577919549,68
bosutinib,0.048460206793361264,69
radicicol,0.04843412319495524,70
MG-132,0.04814880131280988,71
fomocaine,0.047740816706598375,72
osimertinib,0.04728297315559659,73
pentobarbital,0.047019798038988286,74
EPZ-005687,0.04684712658101318,75
mizolastine,0.04663330757939805,76
PFI-1,0.04660698483189227,77
AZD-4547,0.046424827137180616,78
AT-13387,0.04603593098794664,79
dacomitinib,0.04578148256108621,80
VP-20629,0.04554056296084814,81
UNC-0638,0.045504946768845145,82
geldanamycin,0.04516282735940177,83
CEP-32496,0.045078978529030186,84
WZ-4-145,0.044772577269954886,85
pimavanserin,0.04434336912268304,86
XMD-1150,0.04424219102992716,87
paracetamol,0.04328509813491377,88
NVP-BHG712,0.04323566371233514,89
KIN001-127,0.04203257885845533,90
bortezomib,0.04203175123115631,91
flumatinib,0.04190168977338341,92
PD-184352,0.04060295219771493,93
efatutazone,0.04038276000092305,94
BMS-599626,0.04023894614902461,95
tecastemizole,0.039952594465959626,96
lacidipine,0.039366704615690966,97
XMD-16144,0.039166557619567346,98
XMD11-85H,0.0385150582432263,99
SNX-2112,0.03830601436796561,100
PHA-848125,0.03682752631312576,101
apabetalone,0.036803849063600506,102
valdecoxib,0.03634262797759147,103
amitriptyline,0.03634188050325653,104
rosuvastatin,0.03621810088586159,105
AP-26113,0.03619864427206667,106
triflupromazine,0.03572789387750581,107
rociletinib,0.035329925163598945,108
resminostat,0.03502796523802213,109
lomitapide,0.03463709984616253,110
BMS-509744,0.03461854101013763,111
canertinib,0.03408691309977178,112
GSK-1070916,0.034015519435002285,113
conivaptan,0.033945711645598224,114
XMD-892,0.03386346185278479,115
S-ruxolitinib,0.03375174716241134,116
atovaquone,0.033508020048480316,117
atipamezole,0.03313092172308362,118
HG-6-64-01,0.03308748616001134,119
pravastatin,0.03225942910186339,120
GSK-461364,0.03201366222349444,121
metergoline,0.03195226819648772,122
tie2-kinase-inhibitor,0.031879689732144355,123
PF-02545920,0.031660550789887804,124
proglumide,0.03146616729284707,125
TAK-285,0.03136561746704767,126
PF-04620110,0.030775455487594357,127
pelitinib,0.030527942437340652,128
lorglumide,0.030147346883408796,129
ketoconazole,0.030048151765140137,130
dovitinib,0.02998044326475807,131
BIBX-1382,0.02985803254319656,132
clomethiazole,0.029196246227930107,133
AV-412,0.02900526717448449,134
linsidomine,0.0287089998351832,135
NVP-TAE226,0.028428721794864234,136
doxapram,0.028076104141122316,137
CEP-37440,0.02794672132541064,138
ticagrelor,0.027872185943826566,139
clonidine,0.027614391613881625,140
rimcazole,0.027432350569464244,141
toremifene,0.02730757623063586,142
troglitazone,0.02714196410906831,143
GSK-2126458,0.027002291913317322,144
pilaralisib,0.026976260771320468,145
AZ-628,0.026933337904888558,146
neratinib,0.026638569808679118,147
torin-2,0.02631459585312867,148
ENMD-2076,0.026260018748746963,149
JWE-035,0.0260665998167843,150
laropiprant,0.025629455067955872,151
zolpidem,0.025626873182953983,152
SU-11652,0.025368684266351554,153
GSK-429286A,0.02513734027496756,154
SB-525334,0.0250525918952132,155
semaxanib,0.02497635254327286,156
nalbuphine,0.024729444321513718,157
SB-756050,0.024514543527823954,158
perampanel,0.024471028183320746,159
EMD-1214063,0.024109744215074863,160
VE-821,0.023968400216838215,161
BGT-226,0.023862319098258925,162
balsalazide,0.02385746534975064,163
nicotine,0.02365809065704958,164
AS-605240,0.023329808508673746,165
taselisib,0.02317142976407696,166
NXY-059,0.023167783433744777,167
thioridazine,0.0225077974665632,168
D-4476,0.022465995274579847,169
cordycepin,0.022024554483769717,170
ST-1859,0.02202226922367928,171
paclitaxel,0.021830818996900116,172
LY-2157299,0.02167915731903169,173
scopolamine,0.02128458446685429,174
brexpiprazole,0.021257807116880793,175
SU-014813,0.021098794638222958,176
GDC-0941,0.02059555769418204,177
SGI-1776,0.020457710106242345,178
cabazitaxel,0.020343399529501396,179
gefitinib,0.019857404269565993,180
cilomilast,0.01962562189102698,181
LGX-818,0.01961428681702089,182
olanzapine,0.01941224478935973,183
metronidazole,0.01920806337865793,184
ulipristal,0.018933112817529622,185
penfluridol,0.018544017395841418,186
crizotinib,0.018542812110687815,187
fosfomycin,0.018442362546212225,188
VE-822,0.018428676961864742,189
MK-2206,0.018208192269010236,190
dexniguldipine,0.018190055163642412,191
naftopidil,0.018164418372664214,192
saracatinib,0.018079523357972166,193
butorphanol-(+)-tartrate,0.017978146561311265,194
talnetant,0.017832336817889222,195
LCQ-908,0.01782130365794092,196
isbufylline,0.017497074818056266,197
olprinone,0.017042447691956456,198
paroxetine,0.016974782809900807,199
piracetam,0.016585161176736887,200
cytarabine,0.016368939833365116,201
vernakalant,0.01613201334254506,202
KN-62,0.01606208907957441,203
siguazodan,0.015900070879965953,204
amodiaquine,0.015836513900937203,205
AZD-3514,0.01575049388264431,206
picotamide,0.01570759157744512,207
OCO-1112,0.01564688814027821,208
anamorelin,0.015559419468103559,209
BIX-01294,0.01549070950902553,210
baricitinib,0.015107855671509896,211
licarbazepine,0.015079179597214781,212
famciclovir,0.015003197858607443,213
bopindolol,0.014677297948578845,214
guanadrel,0.014529837196905525,215
colchicine,0.014307712493221167,216
homochlorcyclizine,0.014181952780166094,217
dabrafenib,0.014124264193349528,218
ledipasvir,0.013884559984115278,219
budipine,0.01384143313948212,220
N6022,0.01349010697473066,221
netupitant,0.01348507746873942,222
JTE-907,0.013375314206661933,223
AVL-292,0.013186950880952937,224
SK&F-10047-(+),0.013128005429327636,225
temoporfin,0.013105823573160664,226
riluzole,0.013045347356111753,227
clomipramine,0.012831786564362289,228
trifluoperazine,0.012755081971064466,229
diphenidol,0.01270739129109512,230
sofalcone,0.01267193546367698,231
nortriptyline,0.012649337276633142,232
AST-1306,0.01251306586956088,233
butaclamol,0.012508226059607401,234
AZD-7687,0.012387355960551618,235
NU-7441,0.01210845464109463,236
mitiglinide,0.012025119127675015,237
tracazolate,0.011979939266484937,238
CNQX,0.011968907509097456,239
valsartan,0.0119683596464327,240
bardoxolone-methyl,0.01189737762692621,241
doxazosin,0.011774767425172626,242
praziquantel,0.011765388808536023,243
docetaxel,0.011689052715024925,244
isofloxythepin,0.011633112444676182,245
siramesine,0.011577934214929279,246
mibefradil,0.011540039269851633,247
tipifarnib-P2,0.011524037609992039,248
macitentan,0.01150625275548476,249
carfilzomib,0.011472426127936487,250
fingolimod,0.011332779823581112,251
meptazinol,0.011120994856250137,252
KU-60019,0.011075144892888937,253
GDC-0834,0.011066363659279837,254
cyclobenzaprine,0.01070366466593735,255
AZD-1981,0.01063694162300965,256
DPCPX,0.010564771456985199,257
bupivacaine,0.010455868850444637,258
moxifloxacin,0.010286221968496564,259
calpain inhibitor ii,0.010165366439950412,260
sufentanil,0.009980903389525444,261
fluoxetine,0.009824024527520823,262
metixene,0.009681063933059534,263
LY-2228820,0.009492012183331412,264
entinostat,0.009424450941026107,265
indole-3-carbinol,0.009001151161824513,266
TWS-119,0.008952002033614442,267
GDC-0980,0.00889578668485198,268
KX2-391,0.008408716089587822,269
anidulafungin,0.008251643763357911,270
dexamethasone,0.008214088217443715,271
PHA-665752,0.00793564991499937,272
FK-888,0.007890756523148237,273
umeclidinium,0.007818967700392207,274
ACY-1215,0.007726014119083642,275
FK-866,0.00751240674572201,276
KIN001-266,0.007418208472827148,277
BMS-299897,0.0073672452102481545,278
rimonabant,0.007204054313384121,279
aliskiren,0.007128973838929049,280
PK-11195,0.007015038731264174,281
NVP-AEW541,0.00699689755105972,282
amlexanox,0.006979069333389775,283
anandamide,0.006896276384890602,284
ursolic-acid,0.006886505029407677,285
histamine,0.006731377656654206,286
epirizole,0.006291097727588183,287
ibrutinib,0.006260557163845618,288
fluticasone-propionate,0.006193405806956758,289
S-18986,0.006185395339134177,290
ursodiol,0.0060957741416201305,291
AR-A014418,0.0060949574344088,292
lafutidine,0.006071142428451205,293
dilazep,0.0060230084783553075,294
cabergoline,0.005970518734242812,295
oprozomib,0.005937254829569837,296
clonazepam,0.005736899690929632,297
AZD-7762,0.005638949234366464,298
LXR-623,0.005460673497069892,299
TH-302,0.005279289616126331,300
sarsagenin,0.005181630235831439,301
iguratimod,0.005096337349368421,302
meclofenamic-acid,0.005008337689474798,303
WZ-4002,0.0049679655066783394,304
nebivolol,0.004956076499066948,305
lasalocid,0.004784422768973159,306
armodafinil,0.004780960784949657,307
anacetrapib,0.004672533898492234,308
genz-644282,0.0044811810532216015,309
clofoctol,0.004303378887195583,310
timofibrate,0.004292197931306878,311
oxatomide,0.0042342488499596265,312
mepacrine,0.004086046895709997,313
pimozide,0.00408049233718022,314
golvatinib,0.00407048298981244,315
mocetinostat,0.004055769025638778,316
ifenprodil,0.004030868394910165,317
preladenant,0.003991565179237356,318
drospirenone,0.003948898302138245,319
ixazomib,0.003895860724603559,320
PF-04691502,0.0035453711434076216,321
cariprazine,0.003469819357067463,322
duloxetine,0.0032609652478837563,323
danusertib,0.00313383997016506,324
CGP-12177,0.003121818896294321,325
PF-03758309,0.002848489423422439,326
MK-0812,0.0027971666334474584,327
cisapride,0.0027722236577253628,328
dosulepin,0.002755064361775308,329
buflomedil,0.0027279689863209115,330
amoxapine,0.0026743645972717015,331
RG-2833,0.0025952791800772654,332
AT-9283,0.0025942940949491905,333
famotidine,0.0025682125206868975,334
ritonavir,0.002492505726456516,335
sulmazole,0.0021616471724803504,336
ketanserin,0.0021282220673550034,337
delivert,0.0021140508774942068,338
SB-743921,0.002042573859640708,339
SB-590885,0.002038851768105925,340
EVP-6124,0.001983005460810696,341
kakonein,0.0019781228671057606,342
clobetasol,0.00197249681062582,343
tegobuvir,0.0018318333449527865,344
gsk126,0.001804655780588458,345
levetiracetam,0.0017586782540637256,346
ticlopidine,0.0017504224553369402,347
palbociclib,0.0015248573951526737,348
itraconazole,0.001390110973660832,349
honokiol,0.0013130827478136313,350
JW-7-24-1,0.0013053053780453534,351
saquinavir,0.0012177743176349871,352
bruceantin,0.001191234040549066,353
doxofylline,0.0010719147397238197,354
lenvatinib,0.0010399631330102093,355
cimetidine,0.0009797684209670485,356
lapatinib,0.0009233742318915866,357
avanafil,0.0007690589113463339,358
lisofylline,0.000745671293419693,359
luliconazole,0.0005698714002463082,360
sodium-gualenate,0.0003265967853684494,361
combretastatin-A-4,0.0003262731805645594,362
inosine,0.0002619687367318845,363
zonisamide,0.00022292518832691308,364
cinoxacin,0.00020032504068336955,365
capsaicin,0.00017350972254256007,366
cariporide,-7.157617473461208e-05,367
hexachlorophene,-7.823010369917685e-05,368
prednisone,-0.00015945320573501192,369
"ICI-185,282",-0.00017720216629814886,370
NPK76-II-72-1,-0.00032392322137368663,371
ixazomib-citrate,-0.0005533144496210997,372
nafamostat,-0.0005934965367471795,373
vicriviroc,-0.000666832737776324,374
milacemide,-0.0006921823315155892,375
desoxypeganine,-0.0007076117930087716,376
tesaglitazar,-0.0008381609362281901,377
benazepril,-0.0009225430008564514,378
valproic-acid,-0.0010336128672339612,379
desmopressin-acetate,-0.0010350418776121388,380
SR-2640,-0.0011162826741401167,381
caffeine,-0.001153478875758365,382
ketorolac,-0.001184409557686003,383
faropenem,-0.0011909396254038665,384
eperezolid,-0.0012628804771180108,385
camptothecin,-0.0014636826874462761,386
torcetrapib,-0.001482720915590847,387
varenicline,-0.0015196452033259206,388
orteronel,-0.001569691188516005,389
penitrem-a,-0.001588234126410827,390
dazmegrel,-0.001595117687597377,391
sulpiride,-0.001600829315500788,392
KD-025,-0.001725998329901754,393
acexamic-acid,-0.0019389642903347374,394
dapagliflozin,-0.0019870036109512017,395
LY-294002,-0.0020455799386862187,396
fludroxycortide,-0.0022893318508704808,397
perhexiline,-0.0024836085371824335,398
BIX-01338,-0.002537223946759754,399
tasisulam,-0.002640763047800088,400
triamcinolone,-0.002668921137520282,401
oxybutynin,-0.0029097280621604438,402
IKK-2-inhibitor-V,-0.0030417485693257002,403
acarbose,-0.0030707611969428626,404
celecoxib,-0.0033030002460749676,405
L-citrulline,-0.003416180326251982,406
fenticonazole,-0.003473820845303456,407
nesbuvir,-0.003479403463736905,408
amikacin,-0.0034828758583773066,409
closantel,-0.003562653056151214,410
medetomidine,-0.0037765208736057695,411
teneligliptin,-0.0037854960941066758,412
pidotimod,-0.003977660971766162,413
podophyllotoxin,-0.003991196228177795,414
penicillin-v-potassium,-0.004034261305624593,415
benfluorex,-0.00406351057927429,416
haloperidol,-0.004100219188302851,417
ganciclovir,-0.00423766589655881,418
dolastatin-10,-0.004291312475753932,419
tenidap,-0.004406106864479393,420
andarine,-0.0044150476340885465,421
ixabepilone,-0.004458780628256171,422
ifosfamide,-0.004473564330071725,423
etofylline-clofibrate,-0.004495938149085443,424
vardenafil,-0.004502233977487891,425
delanzomib,-0.004541646982385274,426
metformin,-0.004608491272543948,427
SEP-227900,-0.0046550725152718865,428
miglitol,-0.00482038182018029,429
telmesteine,-0.004851362718398477,430
lonidamine,-0.004911446575694288,431
penciclovir,-0.004916682794719906,432
rottlerin,-0.004933390003523084,433
amineptine,-0.004943908832872161,434
dalfampridine,-0.0053030300503307285,435
ambrisentan,-0.005358965863109175,436
indirubin,-0.005384301360697859,437
SDZ-NKT-343,-0.005395781255591837,438
ATN-161,-0.005428823706415997,439
GSK-690693,-0.005557735376052286,440
enoxolone,-0.005821795619643758,441
ketotifen,-0.006130258848088378,442
CTS-1027,-0.0061322171120555295,443
perindopril,-0.00615814732214328,444
elacridar,-0.006387274967892018,445
anastrozole,-0.00643647486274131,446
finasteride,-0.00653048965807211,447
LY-2603618,-0.006554512690246814,448
ORG-9768,-0.006661837551306977,449
UK-383367,-0.006728014177276661,450
propafenone,-0.006874221678525889,451
KD-023,-0.006987999065747389,452
VX-765,-0.007033176273545113,453
tasquinimod,-0.007034310165153009,454
clofazimine,-0.007141328923438388,455
adenosine,-0.007170521677951441,456
malotilate,-0.007192051212254066,457
benzbromarone,-0.007193720914050933,458
LY-2874455,-0.0072151217597089205,459
PF-03084014,-0.007229438726265247,460
NVP-BEZ235,-0.007247446513893384,461
ranitidine,-0.007276906254079941,462
10-DEBC,-0.007322126798357406,463
glipizide,-0.007334497339777657,464
fluorometholone,-0.007464841933414357,465
RG-4733,-0.0075957383940477175,466
temozolomide,-0.007641373528436089,467
dicoumarol,-0.007673955840752225,468
bupropion,-0.007908334389957682,469
JTC-801,-0.008034300462030632,470
PF-04447943,-0.008075955535398232,471
epz-5676,-0.00820570998776368,472
etomidate,-0.008389944204472356,473
theophylline,-0.008422258376605065,474
pinacidil,-0.008480602357335517,475
MF-101,-0.008516375525809085,476
busulfan,-0.00852474098797768,477
rosiglitazone,-0.008715180629483787,478
prazosin,-0.008739107301352014,479
cyproheptadine,-0.008782548665421606,480
levofloxacin,-0.00889722611755322,481
L-655240,-0.008960423897600635,482
acipimox,-0.009156504495718493,483
linezolid,-0.009293422915862397,484
alaproclate,-0.009314717278090745,485
ARP-101,-0.009467956736963185,486
apixaban,-0.009512079523884432,487
KIN001-055,-0.009576053626576465,488
AZD-9668,-0.009616742199185586,489
aripiprazole,-0.009698988396929564,490
epitiostanol,-0.009789668747108331,491
meisoindigo,-0.00983577967391862,492
fluocinolone-acetonide,-0.009841673134653907,493
swainsonine,-0.00989811995993247,494
mubritinib,-0.009983109988680686,495
loperamide,-0.010076161984506919,496
salermide,-0.010122224147677841,497
hymecromone,-0.01013300245705522,498
febuxostat,-0.010135618614552318,499
bemegride,-0.01013704581495255,500
biperiden,-0.01038334944705515,501
neostigmine,-0.010471901638627051,502
MK-1775,-0.010502601215794228,503
methylstat,-0.010567234307822714,504
nicotinamide,-0.010622489569886342,505
resatorvid,-0.010695738260757402,506
lidoflazine,-0.010708446284645007,507
clofibrate,-0.010726952353231223,508
GSK-J2,-0.010754416527472372,509
balaglitazone,-0.010940185538193377,510
SN-38,-0.010944886579721144,511
diazoxide,-0.010983431856327152,512
acecainide,-0.011009427774678924,513
MK-8245,-0.011068173416697132,514
vincamine,-0.011075987240620883,515
simeprevir,-0.011118976493712364,516
zofenopril-calcium,-0.011141647039261007,517
PSI-7976,-0.011321513588383148,518
cpi-169,-0.01137440286591628,519
acetazolamide,-0.01138753994059988,520
chlorpropamide,-0.011424109173070997,521
alizapride,-0.011543792762316941,522
camostat-mesilate,-0.011574511600793229,523
vinburnine,-0.011575445138440084,524
vu0155056,-0.011635720413669398,525
vortioxetine,-0.01170524590413387,526
gliquidone,-0.011773564959463087,527
MLN-0128,-0.011778052264892369,528
secnidazole,-0.011970801730613144,529
zafirlukast,-0.0120473473576758,530
HG-5-113-01,-0.012198839855309175,531
NSI-189,-0.012219112719371933,532
mepivacaine,-0.012239572165768467,533
epz004777,-0.012242190083262477,534
alagebrium,-0.012264483484372042,535
glibenclamide,-0.012270286809248796,536
Y-27152,-0.01228995347081099,537
emedastine,-0.012410400944694793,538
mozavaptan,-0.012428662939203097,539
LY-2334737,-0.01246111572753033,540
epothilone-b,-0.012474910802209313,541
avagacestat,-0.012580565548711346,542
ponatinib,-0.01275101748114287,543
thiothixene,-0.012868847970156973,544
lestaurtinib,-0.01297098552883427,545
cytochalasin-b,-0.012985311243048477,546
bitopertin,-0.013021774200012845,547
moclobemide,-0.013084026613272697,548
donitriptan,-0.01311822421960331,549
GSK-2636771,-0.013125710811812302,550
MK-2461,-0.013171831790624875,551
API-001,-0.013189080886205568,552
L-ergothioneine,-0.01324257959071314,553
brivudine,-0.013266363086572155,554
naftidrofuryl,-0.01327807249770516,555
dipyridamole,-0.01330634872924911,556
"16,16-dimethylprostaglandin-e2",-0.013310096134939947,557
taladegib,-0.013322899452404113,558
MBX-2982,-0.01336271392341903,559
broxuridine,-0.013471187382747484,560
PI-103,-0.013473108149491082,561
nefiracetam,-0.013547460373727236,562
methiopril,-0.013579023652294528,563
bifemelane,-0.013748772972011008,564
progesterone,-0.013776351057565256,565
YM-155,-0.013785846306863348,566
cefotetan,-0.013880328143705888,567
lersivirine,-0.01390683011519405,568
ubenimex,-0.013962639845600863,569
GSK-2110183,-0.0139661065104824,570
quinapril,-0.01401858498435545,571
MK-5108,-0.014029684187172264,572
CGK-733,-0.014051221748114287,573
cobicistat,-0.014091925067056895,574
fluconazole,-0.014126648286735854,575
PSI-6130,-0.014151780639809519,576
anagrelide,-0.01438889735398835,577
ivabradine,-0.014397652526473124,578
clozapine,-0.014403077760785893,579
tamoxifen,-0.014445177240775216,580
rabeprazole,-0.014457718627513513,581
aminosalicylic-acid,-0.014512311712948403,582
WZ-7043,-0.014527090149901747,583
reboxetine,-0.01461640751434108,584
asymmetrical-dimethylarginine,-0.014737838269570787,585
midostaurin,-0.014770100802269573,586
diphenylpyraline,-0.01485863931728213,587
AZD-7545,-0.01486841345359888,588
tonabersat,-0.015038960863281194,589
LDN-193189,-0.015099772851308037,590
telotristat,-0.015254021364280376,591
PF-573228,-0.015254030950905965,592
clofibric-acid,-0.015265987894782486,593
castanospermine,-0.015298684769689843,594
zebularine,-0.015303495766188299,595
idoxuridin,-0.01530693893215598,596
trimebutine,-0.01537081117670767,597
chlorpromazine,-0.015399034380284015,598
ecabet,-0.01543550232627587,599
IPI-145,-0.015475442298716743,600
sparfloxacin,-0.015697416929990642,601
cyclizine,-0.015825873994301427,602
pioglitazone,-0.01591467492767358,603
sertindole,-0.015929867504564942,604
buparlisib,-0.01593595817865858,605
MK-3207,-0.015956843212890356,606
dabigatran-etexilate,-0.015984582535937212,607
elvitegravir,-0.016018174349015372,608
minaprine,-0.016229290978839163,609
PKI-179,-0.01626252361961031,610
methoxsalen,-0.016468477975498063,611
cefoperazone,-0.016484482540272852,612
mericitabine,-0.016510240929874815,613
fluvoxamine,-0.01655900389255464,614
azithromycin,-0.016601399785063056,615
SU-11274,-0.016606198691762684,616
MK-0773,-0.016615286200036616,617
pantoprazole,-0.016677742301011128,618
VX-661,-0.016827332107133084,619
irbesartan,-0.01685910952062851,620
ursodeoxycholyltaurine,-0.01686221034359798,621
levocabastine,-0.016870637077890455,622
MLN-2480,-0.016895917572390774,623
tacrolimus,-0.01692446516212612,624
moracizine,-0.01698500375203719,625
felbinac,-0.017048633814244433,626
tirofiban,-0.017051663329487352,627
ethylenediaminetetraacetic-acid,-0.01706676127360463,628
dolutegravir,-0.017196361250771612,629
XBD-173,-0.017294155110972084,630
dicloxacillin,-0.017416415185901372,631
pramipexole,-0.01745866303923745,632
CYT-997,-0.017463102156284355,633
BS-181,-0.01752131862128842,634
cinaciguat,-0.017649528005910662,635
lisinopril,-0.017668614485801423,636
niclosamide,-0.017730163158743352,637
isoniazid,-0.017888157180725228,638
pazufloxacin,-0.01791644849546729,639
aspirin,-0.017940280870447405,640
BMS-777607,-0.017965808720674662,641
beclomethasone-dipropionate,-0.018067715491762455,642
verapamil,-0.018122527443380675,643
KU-55933,-0.01813484466516288,644
raltegravir,-0.01819423449380106,645
molindone,-0.018230213041364948,646
unc-0646,-0.018373254132227852,647
amuvatinib,-0.018379266525469392,648
benzamil,-0.01838209775555238,649
TG-100115,-0.018438963663192996,650
GDC-0068,-0.018601648177254307,651
CPI-613,-0.018657156086942878,652
pindolol,-0.018716160291627502,653
BIX-02189,-0.018722676077089894,654
ARRY-334543,-0.018723442344417553,655
mefloquine,-0.01873267455738671,656
pentamidine,-0.018805669576593166,657
phenylbutazone,-0.018898000856551453,658
roquinimex,-0.01899754504105158,659
donepezil,-0.01903292825178004,660
rilmenidine,-0.01905165354638462,661
sulbactam,-0.01919030043003024,662
tetradecylthioacetic-acid,-0.01922703473700488,663
tioconazole,-0.019230700921276312,664
acetylcysteine,-0.019241596169458135,665
AVN-944,-0.01924521684883965,666
efavirenz,-0.0195259931931454,667
pyrazinoylguanidine,-0.0195620285027663,668
argatroban,-0.019594154760162664,669
indacaterol,-0.019973182345593293,670
dexloxiglumide,-0.019973525120523423,671
picolinic-acid,-0.020025594171559552,672
betahistine,-0.02008953773027698,673
ABT-239,-0.02024323220368194,674
tamsulosin,-0.02025978135141793,675
mannitol-D,-0.020305782560921307,676
pevonedistat,-0.020309716898026183,677
warfarin,-0.02031017854335249,678
filgotinib,-0.020390193806473136,679
tretinoin,-0.02039202560056343,680
tizanidine,-0.020400266942346396,681
empagliflozin,-0.020426458742048736,682
etodolac,-0.020481028246010394,683
2-methoxyestradiol,-0.0205371357994891,684
PS-178990,-0.020553034913665343,685
actarit,-0.020572214902980727,686
metoprolol,-0.020631929785152055,687
lopinavir,-0.02065345780586037,688
WAY-362450,-0.020754203940627335,689
BAY-87-2243,-0.02081763817411215,690
milrinone,-0.020819132860673276,691
flavoxate,-0.020855654133615047,692
retigabine,-0.020855700417056783,693
esculin,-0.021010783135004815,694
GSK-1059615,-0.021119022310817692,695
pibenzimol,-0.021132038678647793,696
metatinib,-0.02113270256983958,697
cabozantinib,-0.021347140834015513,698
urea,-0.021483204769525466,699
nicaraven,-0.021502535465596554,700
LCL-161,-0.02150743910963381,701
lofexidine,-0.0216292443510618,702
cefepime,-0.0216543406011493,703
etazolate,-0.021755662810274006,704
tazobactam,-0.021820938633393464,705
lesinurad,-0.021858015212012392,706
telcagepant,-0.02205444476647552,707
solifenacin-succinate,-0.02214773956850022,708
voriconazole,-0.022342214510562074,709
tagatose,-0.022402578302747715,710
ellagic-acid,-0.022414074109858177,711
dasabuvir,-0.022475733638214323,712
setiptiline,-0.022499437175048424,713
benzotript,-0.022617818173125186,714
nefazodone,-0.022639719177184273,715
fenoldopam,-0.022745393617535047,716
tetrindole,-0.022891472146654563,717
ivermectin,-0.022969062342839883,718
ataluren,-0.023162824993896085,719
YM-976,-0.023324578493810536,720
rolipram,-0.023366147549127112,721
AMG-517,-0.023401978669264644,722
inositol,-0.023459198618748043,723
epinastine,-0.023580242879801407,724
fluphenazine,-0.02361178761297373,725
mycophenolate-mofetil,-0.023620536694553364,726
lamivudine,-0.023621215696357844,727
DPI-201106,-0.023659778870638165,728
CC-401,-0.02376925704086122,729
KBG,-0.023821302543211118,730
SB-271046,-0.023838838273078023,731
ASA-404,-0.024117409850753786,732
NVP-BGJ398,-0.024265375903287676,733
sitagliptin,-0.0243355453937639,734
lorazepam,-0.024455337891378107,735
rifabutin,-0.02451584809635001,736
masoprocol,-0.0245342204103273,737
SR-57227A,-0.024538690616088772,738
methylnaltrexone,-0.02455695174919858,739
arbutin,-0.02464722514379292,740
epinephrine,-0.02481468595050309,741
eplerenone,-0.024906006597596706,742
GSK-923295,-0.024969510908785592,743
oxybuprocaine,-0.024996820768119602,744
dofequidar,-0.02500594418920888,745
tacalcitol,-0.025043778735819134,746
TG-100801,-0.025048923145967655,747
EMD-53998,-0.025056697872043513,748
raclopride,-0.025066042234077213,749
rilpivirine,-0.0251100494848305,750
zidovudine,-0.025118808483760833,751
CL-218872,-0.025128585100542878,752
aprepitant,-0.025129422108123915,753
DMP-543,-0.025153861185694442,754
pregnenolone,-0.025190998405337173,755
mycophenolic-acid,-0.02520841971154613,756
palomid-529,-0.025232148282928638,757
sasapyrine,-0.025264058507458078,758
carvedilol,-0.025371983088109958,759
pomalidomide,-0.025442497905346667,760
gabapentin,-0.025589919218194063,761
BRD-K73261812,-0.025677803860041086,762
lurasidone,-0.025717872525237846,763
pimecrolimus,-0.025786032010731562,764
AZD-8055,-0.02583273160161808,765
methazolamide,-0.025913726804130243,766
ciglitazone,-0.02601875378297914,767
formoterol,-0.026033499938485048,768
tolfenamic-acid,-0.02608280183862404,769
carglumic-acid,-0.02608509582603123,770
loxoprofen,-0.0261108357692806,771
tetrahydrouridine,-0.02618095034680587,772
TAS-103,-0.026194680534252092,773
altretamine,-0.02624208704875647,774
levomequitazine,-0.026251670614918423,775
daunorubicin,-0.02627809127615737,776
dihydroergocristine,-0.026350875686827247,777
sotrastaurin,-0.026457668102971853,778
trimethobenzamide,-0.026466685224595263,779
amfepramone,-0.02661399150131598,780
SB-242235,-0.026649269454094796,781
QL-XII-47,-0.026672372157235676,782
VGX-1027,-0.02697075281776307,783
darifenacin,-0.0269917005214023,784
olmesartan-medoxomil,-0.027073666529409558,785
"3,3'-diindolylmethane",-0.027109261532029694,786
nisoxetine,-0.027112043933426908,787
CO-102862,-0.027132015095862005,788
tipiracil,-0.027164500138756754,789
mirodenafil,-0.027192216581328203,790
indibulin,-0.027228642715130234,791
ramipril,-0.027240719981545973,792
moxonidine,-0.0273547240673365,793
piclamilast,-0.027554473491069015,794
MK-0752,-0.027596288684782942,795
griseofulvin,-0.027679134684811316,796
abacavir,-0.027683453245812863,797
amiprilose,-0.02770704047607412,798
racecadotril,-0.027710299600818375,799
tosedostat,-0.027716629457922637,800
HG-9-91-01,-0.02773146234834772,801
serdemetan,-0.027752769276777885,802
alectinib,-0.027864808582762166,803
chloroquine,-0.02788429605020685,804
tyrphostin-AG-112,-0.027900392036157115,805
carbamazepine,-0.0279466623409806,806
arglabin,-0.027997988382292664,807
luteolin,-0.028084196096065866,808
zileuton,-0.02814203648550449,809
BMY-14802,-0.028250693631892775,810
okadaic acid,-0.028307323388428597,811
LY-215490,-0.02834729527040999,812
PD-123319,-0.028362019506651587,813
propylthiouracil,-0.028390566368453853,814
IB-MECA,-0.028543914584647802,815
esmolol,-0.02861238085538073,816
fusidic-acid,-0.028701768858626516,817
RU-58841,-0.028784887294153974,818
teriflunomide,-0.028794827279342492,819
nemonapride,-0.028832615774307613,820
MGCD-265,-0.028871756282672273,821
azacitidine,-0.028878855949562746,822
betulinic-acid,-0.028887037209429672,823
GSK-256066,-0.029012232892560913,824
probucol,-0.02901790864439092,825
smer-3,-0.029111278571046395,826
bezafibrate,-0.02914078324097996,827
AGI-5198,-0.029247181786812872,828
favipiravir,-0.02929101321966963,829
albendazole,-0.02930659033492062,830
felbamate,-0.02932007427711875,831
idebenone,-0.029321562570105854,832
calpeptin,-0.029372408775928907,833
triptorelin,-0.02948791709539699,834
TTNPB,-0.029522942670696828,835
dopamine,-0.029568702350836622,836
sodium-tanshinone-ii-a-sulfonate,-0.029589611473464845,837
etomoxir,-0.029667246053595896,838
berberine,-0.029705525450327227,839
deferiprone,-0.029837031558804617,840
ZK-93423,-0.029862573906887818,841
HMN-214,-0.029903106201989053,842
NMS-1286937,-0.029923551347897783,843
bms-906024,-0.02998543336421511,844
defactinib,-0.029985447207752144,845
XMD-1499,-0.030093611290980087,846
indinavir,-0.030118515574107916,847
thioguanine,-0.03013190760996875,848
meglitinide,-0.03020404907959631,849
sorbinil,-0.030216451811336423,850
BMS-707035,-0.03022302631206329,851
ZSTK-474,-0.03023571422034482,852
asenapine,-0.030246536088703924,853
GSK-1904529A,-0.030247269304467812,854
trovafloxacin,-0.030268075878544083,855
sulfadoxine,-0.030340682941196434,856
KN-93,-0.030374337632837603,857
AMG-208,-0.0303916196035216,858
ramelteon,-0.030415795567136174,859
CP-945598,-0.030476577418706987,860
navitoclax,-0.030544405367183863,861
cholic-acid,-0.03061296355152503,862
apocynin,-0.03068219400326205,863
rivaroxaban,-0.030803990729656814,864
prochlorperazine,-0.030922650650824,865
letermovir,-0.031062148659242703,866
PF-04136309,-0.03108217263472306,867
idelalisib,-0.031231504930733907,868
semagacestat,-0.03124676994606504,869
AM-24,-0.03134436928564786,870
KW-2449,-0.03138334453094189,871
PF-03814735,-0.031398757760588036,872
felodipine,-0.031414622569246285,873
primaquine,-0.031429515272523224,874
ipratropium,-0.031441156535271096,875
vanoxerine,-0.03146292765364412,876
apafant,-0.03148354392596941,877
LY-2811376,-0.03148723447779029,878
"4,5,6,7-tetrabromobenzotriazole",-0.031499779667525235,879
gliclazide,-0.031624016058670906,880
guanethidine,-0.031628865142098714,881
trehalose,-0.03168136479096466,882
fiacitabine,-0.03180365794519924,883
exemestane,-0.03183936715034534,884
TGX-221,-0.031960825368123044,885
climbazole,-0.03206160238756073,886
trilostane,-0.03211847355984934,887
withaferin-a,-0.03230656748472993,888
levosimendan,-0.03235886748863149,889
ABT-724,-0.032406964960174776,890
tivantinib,-0.032419680323816896,891
glafenine,-0.03246185632000891,892
topiramate,-0.03256530297094207,893
dipraglurant,-0.032569602041265355,894
pirfenidone,-0.032569742225623595,895
exalamide,-0.03258438107148113,896
fidarestat,-0.03290300426026144,897
PD-173074,-0.03298049761977723,898
ZK-811752,-0.03300691279943323,899
A-443654,-0.03301639671943317,900
mercaptopurine,-0.033053992438001306,901
ammonium-glycyrrhizinate,-0.03307101541328467,902
D-serine,-0.03308515621346937,903
GSK-2334470,-0.033098449350665145,904
PF-04457845,-0.033100663204650146,905
saxagliptin,-0.03311014512098811,906
taranabant,-0.03314465380902903,907
cinepazide,-0.03315766301623907,908
selinexor,-0.03329859299741377,909
aniracetam,-0.033305738561328437,910
tandutinib,-0.033325926386701385,911
sobetirome,-0.03333848211953814,912
doxifluridine,-0.03340237434959069,913
oxfendazole,-0.03342520116787043,914
capecitabine,-0.033437664994997646,915
phenformin,-0.03347046341598194,916
phenytoin,-0.03369937941820132,917
voxtalisib,-0.03383687473657827,918
spironolactone,-0.03386727452271015,919
L-690330,-0.033930876647201506,920
compound e,-0.03393427834063303,921
bepotastine,-0.03393835446163465,922
minoxidil,-0.034008988502996815,923
nandrolone,-0.03410043277688362,924
tolbutamide,-0.034123362120965776,925
tofacitinib,-0.0341622958776593,926
altrenogest,-0.03416759179263873,927
bucladesine,-0.03416961245744585,928
melatonin,-0.0343163587347779,929
mepyramine,-0.0344034932013412,930
eptifibatide,-0.03443263587301631,931
zaleplon,-0.034495629517710555,932
iniparib,-0.03455282797033327,933
istaroxime,-0.03459759049211028,934
LY-2886721,-0.034606136469683975,935
dapivirine,-0.034630040172658874,936
tramadol,-0.03472836191582859,937
estramustine-phosphate,-0.034732838055780334,938
AKT-inhibitor-1-2,-0.03476157954855141,939
dimethyl-fumarate,-0.03478955748976509,940
thiomersal,-0.03482908848515938,941
labetalol,-0.034888333353021724,942
"2',5'-dideoxyadenosine",-0.03492068188330404,943
torasemide,-0.03496727346124179,944
forskolin,-0.03505309321414869,945
phenylacetylglutamine,-0.0350603238510176,946
letrozole,-0.035101595584475856,947
pirenzepine,-0.03520135044689662,948
nepafenac,-0.03523351565386626,949
AZD-8931,-0.03528824159361416,950
ranolazine,-0.035305090083876035,951
IKK-inhibitor-X,-0.035318812443486655,952
timonacic,-0.03540242272377401,953
mifobate,-0.03542240351148477,954
gemifloxacin,-0.03542574706554276,955
cinnarizine,-0.03550881916456007,956
trimethoprim,-0.03554535486192738,957
arofylline,-0.03559183302250378,958
indiplon,-0.03560449652315943,959
BAY-K8644,-0.0356092838872738,960
XL-147,-0.03561476614358347,961
PCA-4248,-0.03566296389098102,962
PD-153035,-0.03573251077311025,963
BX-795,-0.03575201419909974,964
yohimbine,-0.035758242779852935,965
ropinirole,-0.03583206711600964,966
carisoprodol,-0.03588175698594078,967
altanserin,-0.035907947881555345,968
mestranol,-0.03601608307323589,969
oglemilast,-0.036065313771949034,970
ciprofloxacin,-0.03614082001922497,971
vilazodone,-0.036180382479357696,972
ebselen,-0.03622217497551652,973
talinolol,-0.036224023178094415,974
timolol,-0.0362318731229017,975
r(-)-apomorphine,-0.03626029350752836,976
levalbuterol,-0.03628329614437157,977
suprofen,-0.03635703462561987,978
rupatadine,-0.036597360480995836,979
LX-1031,-0.03663124337988237,980
itopride,-0.03664412511720832,981
estradiol,-0.0366860359149942,982
BCI-540,-0.036702485695839414,983
diclofensine,-0.036802557989929395,984
A-66,-0.036863268608873505,985
amiloride,-0.036947998760725805,986
metamizole,-0.036973316809739115,987
glycitein,-0.03704296755900903,988
maribavir,-0.03705284971781586,989
trazodone,-0.03718517060675388,990
enoxacin,-0.03720787270266792,991
niguldipine,-0.037328050996177094,992
miconazole,-0.037353529615073176,993
brequinar,-0.037356976330836365,994
JNK-IN-5A,-0.037382167680979,995
cilostazol,-0.03740477782464084,996
sertaconazole,-0.03746262459329782,997
elesclomol,-0.03755474500880797,998
sulbutiamine,-0.03756841369422389,999
tetracaine,-0.037591476903007154,1000
PF-477736,-0.03760584631919252,1001
piketoprofen,-0.037621225107597835,1002
halofantrine,-0.03770689047093028,1003
amiodarone,-0.037719250989985846,1004
proguanil,-0.03775722183887056,1005
ASC-J9,-0.03776217997546367,1006
lonafarnib,-0.0378327215035901,1007
rebamipide,-0.038052499868696806,1008
ORE-1001,-0.038094939432438295,1009
imexon,-0.03811896364678725,1010
BMS-927711,-0.03813996787617253,1011
VT-464,-0.038176123680999346,1012
tyrphostin-1,-0.03827732831368476,1013
gatifloxacin,-0.0382777879822623,1014
escitalopram,-0.038389830635131905,1015
enzastaurin,-0.038392476443746354,1016
indoximod,-0.0385593483733417,1017
dapsone,-0.03857916694507972,1018
3-amino-benzamide,-0.038601038271924085,1019
salirasib,-0.03866390208048484,1020
VTP-27999,-0.03867723813577516,1021
idalopirdine,-0.03872387924557757,1022
disulfiram,-0.03872531161558405,1023
lirimilast,-0.03874760395655594,1024
melperone,-0.03877972676115224,1025
adatanserin,-0.0388824492926324,1026
RAF-265,-0.03894055416236578,1027
naphazoline,-0.03900555373211689,1028
norfloxacin,-0.03900825332812909,1029
AGK-2,-0.03903418383910624,1030
pyrimethamine,-0.039047598201956066,1031
WYE-125132,-0.039077001728395386,1032
amitifadine,-0.03914611142391629,1033
sarcosine,-0.03918058094763752,1034
bisoprolol,-0.03922401426652189,1035
aphidicolin,-0.039263910538490494,1036
rotigotine,-0.03928002131709124,1037
digoxin,-0.03934588250793439,1038
mazindol,-0.03939588557344542,1039
ercalcitriol,-0.0395513248421031,1040
metolazone,-0.039626256986653896,1041
andrographolide,-0.03968033304164252,1042
AMG-837,-0.03969335037063254,1043
ornidazole,-0.039706348099280045,1044
aminoguanidine,-0.03974228310650499,1045
roflumilast,-0.03977069967142731,1046
merbarone,-0.03980731108784758,1047
ipriflavone,-0.039894969957436396,1048
nicardipine,-0.040004070346101636,1049
hydrocortisone,-0.040084166089991984,1050
oxandrolone,-0.040108261614067185,1051
piperidolate,-0.04011763054905709,1052
rondual-kinase-inhibitor,-0.040136060597203996,1053
alvimopan,-0.040141073382694036,1054
chlorprothixene,-0.040149072026327184,1055
dideoxyadenosine,-0.04021589045360099,1056
Y-26763,-0.04024250719811489,1057
PX-12,-0.0402989185955858,1058
galeterone,-0.040501755345382445,1059
ZK-93426,-0.0405025697002981,1060
cutamesine,-0.04053343811646842,1061
trientine,-0.04055381138264929,1062
PH-797804,-0.04057019105741549,1063
1271738-62-5,-0.040705150274597,1064
imatinib,-0.04073233414733167,1065
losartan,-0.040787048161530046,1066
sch 900776,-0.04079851709708719,1067
fexofenadine,-0.0408043807227102,1068
O6-benzylguanine,-0.04085466440404152,1069
ZD-7288,-0.04086549665303499,1070
sotalol,-0.04086985392300291,1071
WZ-3105,-0.04091363730177439,1072
dextromethorphan,-0.04101143495430513,1073
estriol,-0.04103391716746485,1074
VX-222,-0.04111088355856914,1075
acivicin,-0.04111363981748699,1076
rotundine,-0.041119985118386014,1077
lamotrigine,-0.041177008961668246,1078
FPL-55712,-0.04129274531291805,1079
staurosporine,-0.041300625917146866,1080
grazoprevir,-0.041307920444321126,1081
tioguanine,-0.04146680655323228,1082
cilengitide,-0.04148337661599627,1083
hesperidin,-0.04149264195000378,1084
valrubicin,-0.041539901062284404,1085
lumacaftor,-0.041625253928100216,1086
ARN-509,-0.04168259031685915,1087
allopurinol,-0.0417718443155232,1088
phentermine,-0.04184404156894957,1089
lidocaine,-0.041867897783078145,1090
rifaximin,-0.041908009264062324,1091
diflunisal,-0.04198670009067017,1092
primidone,-0.041998481428316144,1093
linagliptin,-0.04201281132369609,1094
RS-127445,-0.04202913038128488,1095
piribedil,-0.04203443238990275,1096
fosinopril,-0.04207450324111019,1097
suvorexant,-0.042114000974622125,1098
diminazene-aceturate,-0.042147372867061335,1099
balapiravir,-0.04216010172573032,1100
ribavirin,-0.04230045274321674,1101
econazole,-0.042314030525662044,1102
tirapazamine,-0.04233575606069915,1103
QL-X-138,-0.04235358210582797,1104
efaproxiral,-0.04237743689478507,1105
seocalcitol,-0.04240545829477796,1106
tirasemtiv,-0.04247131541234157,1107
ABT-202,-0.04266619219048285,1108
tyrphostin-AG-1478,-0.042753555878440874,1109
linsitinib,-0.04277888952274798,1110
CI-966,-0.04284450581142073,1111
chrysin,-0.0428857580712067,1112
NVP-DPP728,-0.04294513788563381,1113
clindamycin,-0.043088737852665954,1114
CB-10-277-(free-acid),-0.04312634077555029,1115
calcitriol,-0.04318013066442963,1116
midodrine,-0.04320435802110792,1117
quizartinib,-0.04321906152612063,1118
tolimidone,-0.04337529049694411,1119
tolazamide,-0.04344454952026516,1120
clinofibrate,-0.04351759611221046,1121
PHA-793887,-0.04353573969354259,1122
bindarit,-0.043570103482893384,1123
eflornithine,-0.0435797732730621,1124
miltefosine,-0.04359287792946088,1125
bavisant,-0.04360300471523822,1126
decitabine,-0.04360994801553421,1127
LY-2090314,-0.04363659705283914,1128
CG-930,-0.04365064612715686,1129
nizofenone,-0.04365271297977884,1130
dinoprost,-0.04377241811189711,1131
bretazenil,-0.04389205857224051,1132
ampalex,-0.04402525914870641,1133
bendroflumethiazide,-0.044029709503486274,1134
riociguat,-0.04415843996710326,1135
adarotene,-0.04416357838750623,1136
phenprocoumon,-0.04421148152678564,1137
ciclesonide,-0.04421362053241574,1138
pralatrexate,-0.04427919400009722,1139
tolperisone,-0.04429059845166106,1140
probenecid,-0.04432825632855093,1141
17-hydroxyprogesterone-caproate,-0.04436043679504292,1142
LY-2784544,-0.04436508649505175,1143
GW-842166,-0.044410665289545556,1144
bumetanide,-0.04447574839379378,1145
AS-601245,-0.04447924142484029,1146
narlaprevir,-0.04450259201410423,1147
CX-4945,-0.04457582643105309,1148
lomeguatrib,-0.044604098178030106,1149
tolvaptan,-0.04483799012720389,1150
phenylbutyrate,-0.04484713280599391,1151
homoharringtonine,-0.04485824416378094,1152
irinotecan,-0.04489131574038913,1153
liranaftate,-0.04490436316382091,1154
cefdinir,-0.04502974638903486,1155
JNJ-38877605,-0.04509848092399827,1156
BMS-345541,-0.045112687050993104,1157
aminocaproic-acid,-0.04527663382099826,1158
mirtazapine,-0.04528268923386578,1159
sacubitril,-0.045339740995456214,1160
phenylephrine,-0.045367068822328584,1161
SCH-28080,-0.04536807232229519,1162
propranolol,-0.04540619121149927,1163
pyrazinamide,-0.04540635800521403,1164
mesulergine,-0.045411578961723015,1165
bexarotene,-0.04541845254229509,1166
pinitol,-0.045435543733606074,1167
carprofen,-0.045437552625524756,1168
maraviroc,-0.04549639780620977,1169
DMP-777,-0.04552977988953467,1170
etoposide,-0.04561015581070819,1171
pemirolast,-0.04562562682142302,1172
curcumin,-0.04563160838669187,1173
methocarbamol,-0.04565801614373972,1174
otilonium,-0.04568379095758556,1175
ICI-162846,-0.04570792043962637,1176
epirubicin,-0.04576925834184456,1177
JW55,-0.045793259968816065,1178
cevimeline,-0.04581892648923274,1179
paricalcitol,-0.045852803472034444,1180
indoramin,-0.04589822415631619,1181
birinapant,-0.04591501651116299,1182
ilomastat,-0.04592533700315136,1183
ostarine,-0.0459499861645794,1184
chloramphenicol,-0.045955193682784806,1185
molsidomine,-0.046003612673443106,1186
tiapride,-0.04600500151978266,1187
metoclopramide,-0.046019400730712534,1188
ambroxol,-0.04603335309128646,1189
menadione,-0.04610188021439027,1190
doxorubicin,-0.04614854602840531,1191
glimepiride,-0.046191301456931524,1192
dequalinium,-0.04624339996670232,1193
oxypurinol,-0.046274071534113524,1194
SGX523,-0.04628553866506187,1195
tozasertib,-0.0463781168368633,1196
carbenoxolone,-0.04652218337280845,1197
manumycin-a,-0.04663233455042974,1198
moxidectin,-0.04663871842327229,1199
dimesna,-0.046710002093081855,1200
chelerythrine,-0.046775083864161675,1201
chlormezanone,-0.04679846695625604,1202
ftorafur,-0.04682176476625883,1203
chlorambucil,-0.04694014536213445,1204
AZD-5363,-0.04700030691400906,1205
R-547,-0.04702323260817128,1206
ivacaftor,-0.04703583605785115,1207
meloxicam,-0.0471864822986526,1208
SC-12267,-0.04721945089986101,1209
tebipenem,-0.04723690339615292,1210
AV-608,-0.04730074793273203,1211
benzylpenicillin,-0.04744649391058244,1212
gestrinone,-0.04749593576888815,1213
fipronil,-0.04750275051773029,1214
exherin,-0.047568310244044024,1215
atracurium,-0.04786653137058378,1216
lodoxamide,-0.047886489216776636,1217
mitoxantrone,-0.047922343277782116,1218
rimexolone,-0.04809335543962699,1219
pterostilbene,-0.0481691072000058,1220
AMD-11070,-0.048203394516010495,1221
sumatriptan,-0.04830058866450286,1222
nikethamide,-0.04836025728177432,1223
lomerizine,-0.04842162674388394,1224
sulfasalazine,-0.04851299207615801,1225
regorafenib,-0.04852185906316334,1226
oxybenzone,-0.048555149717608714,1227
tolnaftate,-0.048658049248684124,1228
flumazenil,-0.0487018788593931,1229
ethinyl-estradiol,-0.04882687935979194,1230
relcovaptan,-0.048893245690878356,1231
torin-1,-0.04891440503002252,1232
chenodiol,-0.04900984013930056,1233
nevirapine,-0.04901019651261773,1234
TPCA-1,-0.04905338328412925,1235
linopirdine,-0.049171580335672024,1236
levobunolol,-0.04918124167301774,1237
5-aminolevulinic-acid,-0.049186176651777776,1238
omeprazole,-0.04923366499078976,1239
exifone,-0.04936878792754539,1240
BRD-K68548958,-0.0493895422451054,1241
diosmin,-0.04939741652480047,1242
HG-5-88-01,-0.04942493224679975,1243
E-2012,-0.0495042974503405,1244
AMG-487,-0.04950754350795377,1245
acenocoumarol,-0.04959931089156087,1246
safingol,-0.04961606118906865,1247
butoconazole,-0.04962840570700167,1248
colforsin-daproate,-0.04964168808094716,1249
orantinib,-0.0496452834944167,1250
desvenlafaxine,-0.04974291637338466,1251
etanidazole,-0.04983425129569121,1252
indoprofen,-0.04988872764143786,1253
isoconazole,-0.04989410784037443,1254
anisodamine,-0.04989706452966018,1255
piretanide,-0.049897521438390574,1256
tobramycin,-0.04995959191458198,1257
camicinal,-0.05006405990383568,1258
AZD-1480,-0.05023819448497097,1259
erteberel,-0.05028329291007466,1260
gemfibrozil,-0.050318406453862326,1261
lacitol,-0.05032258863964378,1262
NF-449,-0.05036645053043856,1263
gaboxadol,-0.05039660445195965,1264
rucinol,-0.05040126789480621,1265
phentolamine,-0.05045464356516668,1266
selegiline,-0.05053881706633674,1267
erlotinib,-0.050577114327279314,1268
telmisartan,-0.050670866632708186,1269
AICA-ribonucleotide,-0.05067657853991126,1270
atenolol-(+/-),-0.05079488034838047,1271
bropirimine,-0.050807211845355534,1272
methimazole,-0.05081048110663171,1273
bromocriptine,-0.05082804214113249,1274
theobromine,-0.050849255238189464,1275
lacosamide,-0.0508916595660558,1276
everolimus,-0.05091949121568489,1277
tolcapone,-0.050951566428898774,1278
formestane,-0.05097753720875009,1279
ketoprofen,-0.051056417901107785,1280
mianserin,-0.051066042437883395,1281
APD-668,-0.05113418748574904,1282
phenazone,-0.0512756732482608,1283
deferasirox,-0.05128988272893546,1284
procaine,-0.05131635025871114,1285
sildenafil,-0.0513188315810743,1286
stavudine,-0.05133691922527995,1287
folic-acid,-0.051346524334617956,1288
floxuridine,-0.05134739623027639,1289
triamcinolone-acetonide,-0.05138765849987362,1290
tafamidis-meglumine,-0.0514349714900104,1291
nelarabine,-0.05154975982808039,1292
levocetirizine,-0.051557397993073774,1293
Y-27632,-0.05171080745665123,1294
tadalafil,-0.05172151438718359,1295
quetiapine,-0.05179298615814676,1296
nateglinide,-0.05180510688396812,1297
quercetin,-0.05193307307044152,1298
cianidanol,-0.05203105187322631,1299
milnacipran,-0.05211627796165121,1300
flutrimazole,-0.05218983176396589,1301
enprofylline,-0.052193580705534634,1302
daminozide,-0.05222948784013455,1303
edoxaban,-0.05239925885226789,1304
TIC10,-0.0525496092030032,1305
maprotiline,-0.052726633354491355,1306
indapamide,-0.052750411716923816,1307
GDC-0152,-0.052779111546944646,1308
lucitanib,-0.0528681685159243,1309
zaprinast,-0.05294725032358575,1310
cyproterone-acetate,-0.05295160283441728,1311
GSK-1292263,-0.05304061080368789,1312
medroxyprogesterone-acetate,-0.053081776558567974,1313
rigosertib,-0.05313573589033583,1314
nutlin-3,-0.05324475320355691,1315
amcinonide,-0.05324649333935684,1316
vidarabine,-0.05326471300720041,1317
safinamide,-0.05326547337266721,1318
PA-824,-0.05334294629985364,1319
xaliproden,-0.053360313750868464,1320
acifran,-0.05341096116541801,1321
triamterene,-0.05359293734058968,1322
novobiocin,-0.05366221622274212,1323
benzydamine,-0.053789247469932154,1324
carbimazole,-0.05379718223847476,1325
aurora-a-inhibitor-i,-0.053809587750978695,1326
oxiconazole,-0.05381993255260651,1327
MD-920,-0.05384862618465479,1328
flutamide,-0.05385738962117479,1329
acebutolol,-0.0539300227116601,1330
mCPP,-0.05396118384107022,1331
balicatib,-0.053970679201404574,1332
fdcyd,-0.054064016247907826,1333
OSI-027,-0.054315606080765896,1334
venetoclax,-0.054355225621874136,1335
AGI-6780,-0.05436934236513125,1336
tranilast,-0.05445573512497933,1337
temazepam,-0.0544748194061428,1338
danegaptide,-0.054479338113555126,1339
aclidinium,-0.0545788161250171,1340
barasertib,-0.05460287877080152,1341
thalidomide,-0.05466746805587074,1342
citalopram,-0.054697000090907014,1343
reserpine,-0.05474149216725741,1344
tazarotene,-0.05474649638406948,1345
CX-516,-0.05487667062751002,1346
goserelin-acetate,-0.05498637699986833,1347
mephentermine,-0.055063284873004506,1348
orphenadrine,-0.05516912705374235,1349
dinaciclib,-0.05517782466427518,1350
KIN001-043,-0.05537130296095786,1351
idasanutlin,-0.05537149203062779,1352
palovarotene,-0.055575919645655655,1353
mestinon,-0.0555986908297878,1354
amrinone,-0.05569449200457249,1355
batimastat,-0.05573804739663123,1356
tetrabenazine,-0.05575941345611272,1357
MK-8033,-0.055848742404143475,1358
fostamatinib,-0.0559035756149708,1359
alprostadil,-0.05607665516596365,1360
taltirelin,-0.05612172151197397,1361
dutasteride,-0.05612709522918156,1362
Y-39983,-0.0561314718996727,1363
dolasetron,-0.05626961417400758,1364
lupanine,-0.05627779666741693,1365
trapidil,-0.0563162764639653,1366
pilocarpine,-0.056320654208138636,1367
acrivastine,-0.056342443554049784,1368
repaglinide,-0.05644541473895622,1369
KIN001-270,-0.056563408582702854,1370
procainamide,-0.056597686363942794,1371
levcromakalim,-0.05665137865038368,1372
otamixaban,-0.056750861657156565,1373
IOWH-032,-0.056788828505426235,1374
diltiazem,-0.056840459253962916,1375
irsogladine,-0.05693833727158934,1376
triptolide,-0.05708692726243687,1377
hydroxyurea,-0.057104151953429265,1378
targinine,-0.057146881529410484,1379
naringenin,-0.057174695093548014,1380
nefopam,-0.05738715268957466,1381
lidamidine,-0.05743034086394494,1382
disopyramide,-0.05745352149712219,1383
dexfenfluramine,-0.05762397574927033,1384
palonosetron,-0.057693629510025456,1385
imipramine,-0.05785968124721607,1386
cyanocobalamin,-0.05787116941076537,1387
pinaverium,-0.0579184630475817,1388
candesartan,-0.05791911067436513,1389
celastrol,-0.05809197460048957,1390
fidaxomicin,-0.058122745952194174,1391
levothyroxine,-0.05814177751890629,1392
ramatroban,-0.05823220584080386,1393
glycopyrrolate,-0.058342831279604296,1394
trimetazidine,-0.058460492079187,1395
travoprost,-0.058548539359392575,1396
hypericin,-0.058566599275614264,1397
clemizole,-0.058631094399459606,1398
dantrolene,-0.058718246325485064,1399
LY-2801653,-0.05872838873941811,1400
lorcaserin,-0.05889401865161747,1401
bifonazole,-0.058931204039672794,1402
azelastine,-0.05901662884800167,1403
emtricitabine,-0.0590430079891116,1404
miglustat,-0.05909572539535423,1405
azelaic-acid,-0.059179651503908505,1406
anecortave-acetate,-0.0591991214315539,1407
isradipine,-0.05920911887352583,1408
oxaprozin,-0.05927791556388077,1409
lobenzarit,-0.059372401061450725,1410
thiocolchicoside,-0.05939093182492525,1411
clinafloxacin,-0.05941216145956286,1412
retapamulin,-0.059422329926389926,1413
dorzolamide,-0.05942802216633434,1414
diazepam,-0.05951270786191804,1415
AZD-2014,-0.05959449238522065,1416
AGP-103,-0.05959862364080143,1417
2-iminobiotin,-0.05962076900784615,1418
SYK-inhibitor,-0.05968703480800037,1419
basimglurant,-0.05972210661754023,1420
telatinib,-0.05975111005840555,1421
pasireotide,-0.05979382647451175,1422
azathioprine,-0.05983921945295857,1423
ripasudil,-0.05992496405766984,1424
pranlukast,-0.060045589761493115,1425
fomepizole,-0.06017378385540337,1426
dienogest,-0.06026078590795847,1427
nimesulide,-0.06030103808882928,1428
granisetron,-0.06031425177918955,1429
tamibarotene,-0.06031755201455768,1430
zaldaride,-0.06035640357335315,1431
carbachol,-0.060563039748198697,1432
canagliflozin,-0.060581099793692424,1433
KIN001-260,-0.060798994923334654,1434
NU-7026,-0.06084300341702181,1435
atomoxetine,-0.060933438318359255,1436
agomelatine,-0.06129035630563857,1437
ICI-192605,-0.06130671107737869,1438
flecainide,-0.06133319918266956,1439
droperidol,-0.06137656944124894,1440
mebendazole,-0.061419199328991834,1441
etoricoxib,-0.061428980416613564,1442
amlodipine,-0.061436342210832946,1443
niacin,-0.06153374633386457,1444
adoprazine,-0.06158327515969725,1445
imiloxan,-0.061607084694081604,1446
OTS-167,-0.061608384409526075,1447
amsacrine,-0.06168951048439678,1448
nimodipine,-0.06175208712868005,1449
mibampator,-0.06176835219347955,1450
metenkephalin,-0.0619678914886178,1451
ibuprofen,-0.06198965509391979,1452
quinine,-0.06201947297968131,1453
varespladib,-0.062137145991452744,1454
GDC-0879,-0.06223687436255838,1455
ALX-5407,-0.06229719527201766,1456
avasimibe,-0.06243938107482458,1457
methylprednisolone,-0.06252581627268383,1458
EX-527,-0.06268623972617841,1459
potassium-canrenoate,-0.06289515437364074,1460
tramiprosate,-0.06303944494523585,1461
hydroflumethiazide,-0.06306991300216462,1462
ibutilide,-0.06307367517855969,1463
almorexant,-0.06308363032781104,1464
FPL-62064,-0.0631764236642109,1465
TAK-875,-0.06324894975639374,1466
TAK-715,-0.06341808105092898,1467
tipranavir,-0.06347201188673919,1468
diacerein,-0.0634776309939301,1469
terbinafine,-0.06356891363125644,1470
gimeracil,-0.06365644613973322,1471
linifanib,-0.06381842219729088,1472
torcitabine,-0.06390015566293548,1473
rocuronium,-0.06411054336197293,1474
physostigmine,-0.06422626207642589,1475
cyclosporin-a,-0.06429636999554363,1476
AZD-6482,-0.06445850098222482,1477
ibutamoren,-0.06447778549754866,1478
licochalcone-a,-0.06448123961204451,1479
MK-0893,-0.06455993281007612,1480
entecavir,-0.06457041824845756,1481
loratadine,-0.06459817875051016,1482
PF-562271,-0.06462909603474914,1483
T-5224,-0.06470754632195491,1484
erythromycin-ethylsuccinate,-0.0647331186696225,1485
omecamtiv-mecarbil,-0.06483254628083228,1486
FR-180204,-0.06485551478091531,1487
quiflapon,-0.06485991285947972,1488
UNC-669,-0.06486634528517293,1489
QL-XI-92,-0.06488008863299209,1490
chlorthalidone,-0.06489411968197667,1491
methyldopa,-0.06500108981870802,1492
etacrynic-acid,-0.06501449262276902,1493
furosemide,-0.06505369198385293,1494
etravirine,-0.06506918074548887,1495
tacedinaline,-0.06506965681601071,1496
amonafide,-0.06509311393649347,1497
ofloxacin,-0.0651966827927304,1498
acyclovir,-0.06523494943354119,1499
papaverine,-0.06526233123836091,1500
AMG-232,-0.06533201100684648,1501
alvocidib,-0.06540943426934773,1502
zosuquidar,-0.06541645391814947,1503
alisertib,-0.06549978472976356,1504
masitinib,-0.06552514122455388,1505
abiraterone-acetate,-0.06557543573005861,1506
BTS-54505,-0.06558970477032061,1507
deforolimus,-0.06565214659380617,1508
PF-431396,-0.06569973393283385,1509
vemurafenib,-0.0657660863624212,1510
talazoparib,-0.06583316010553489,1511
norgestrel,-0.06589180103160074,1512
clotrimazole,-0.06611118487050886,1513
rimantadine,-0.0663486454974774,1514
anacardic-acid,-0.06636760330252307,1515
SB-705498,-0.06638825364906792,1516
medrysone,-0.0665163921414712,1517
ozagrel,-0.06654998275278703,1518
fenoterol,-0.06664089967666761,1519
L-NAME,-0.0666737438202819,1520
bicalutamide,-0.06674309031598044,1521
rebastinib,-0.06680871003791414,1522
betrixaban,-0.06695778387435754,1523
IOX2,-0.06699635825254062,1524
marimastat,-0.06704827115243196,1525
genistein,-0.06712823511304038,1526
tacrine,-0.06741034732196534,1527
trifluridine,-0.06744392740530268,1528
indometacin,-0.06755019295069717,1529
salvinorin-a,-0.06763470566682525,1530
resiquimod,-0.0676392068024425,1531
atrasentan,-0.0677145081971819,1532
deoxycholic-acid,-0.06772417626642993,1533
resveratrol,-0.06778800775685348,1534
eugenol,-0.06783351314739303,1535
SB-203580,-0.06786756147990003,1536
bambuterol,-0.0680116671212488,1537
chlorphenamine,-0.06819357433700535,1538
naftifine,-0.06845862394432876,1539
GSK-J4,-0.06846220388465085,1540
fadrozole,-0.0685917446797431,1541
RG-108,-0.06869452647875472,1542
etizolam,-0.06877811786276562,1543
oseltamivir-carboxylate,-0.06886673728347259,1544
ruxolitinib,-0.06899189249270093,1545
SAR-245409,-0.06901858933738614,1546
urapidil,-0.06910347192615812,1547
epigallocatechin-gallate-(-),-0.06910997965765299,1548
selamectin,-0.06911837967752783,1549
ziprasidone,-0.0691642811375943,1550
bendamustine,-0.06917798634259882,1551
dazoxiben,-0.06928963963903696,1552
teroxirone,-0.06933050423786136,1553
CGP-60474,-0.06934331151400294,1554
bevirimat-dimeglumine,-0.06957365265488878,1555
cladribine,-0.06962773857263833,1556
piroxicam,-0.06967729098930565,1557
KIN001-242,-0.06993881650748354,1558
clarithromycin,-0.06997444284177773,1559
ischemin,-0.07008564516453945,1560
sorafenib,-0.07009715376189797,1561
tranylcypromine,-0.07049434732375534,1562
ganaxolone,-0.07057890713803229,1563
RGFP-966,-0.0706397763928113,1564
KIN001-244,-0.07093372263259838,1565
SR-27897,-0.07107863559545732,1566
CTB,-0.07117278411812733,1567
AZD-1208,-0.07121100094397845,1568
clofarabine,-0.0712410067642655,1569
zardaverine,-0.0712913341935242,1570
MLN-8054,-0.07139392592326138,1571
imiquimod,-0.0714675856028666,1572
RHO-kinase-inhibitor-III[rockout],-0.07153436684752154,1573
mitomycin-c,-0.07156615540706833,1574
equol,-0.07162730023785438,1575
fludarabine-phosphate,-0.07169220788351041,1576
apremilast,-0.07169527035333846,1577
AZ-20,-0.07170280187006521,1578
barasertib-HQPA,-0.07177176526043448,1579
danazol,-0.07183119638657345,1580
levonorgestrel,-0.07194277294448251,1581
temsirolimus,-0.07198884849157229,1582
ZM-447439,-0.07237593739433652,1583
VX-745,-0.07248000823648203,1584
clioquinol,-0.07251700062743892,1585
naproxen,-0.07253793575114655,1586
palmitoylethanolamide,-0.0726274458905729,1587
dihydroergotamine,-0.07263749328587521,1588
telbivudine,-0.07290445813306023,1589
oxiperomide,-0.07300299254693166,1590
BMS-387032,-0.07310424025071013,1591
CP-724714,-0.07316938232563958,1592
PF-04217903,-0.07335230067865954,1593
risperidone,-0.07353594174569233,1594
buspirone,-0.07357817087037488,1595
ZD-7114,-0.07361215950602726,1596
propentofylline,-0.07394413805072662,1597
diethylstilbestrol,-0.07407319833193557,1598
Gossypetin,-0.07427688199150775,1599
PRX-08066,-0.07453450751962967,1600
JQ1-(-),-0.0746170868903653,1601
ZK-200775,-0.07465898558697184,1602
bimatoprost,-0.07466535988064614,1603
odanacatib,-0.0747389549409307,1604
levamisole,-0.0748018777340634,1605
talmapimod,-0.07484786928210731,1606
phorbol-myristate-acetate,-0.07502996408636461,1607
CPI-1189,-0.07551278061169521,1608
ginkgolide-b,-0.07552646949072092,1609
tiabendazole,-0.07560160300467937,1610
GW-5074,-0.07560670015914402,1611
CGS-20625,-0.07563538239299394,1612
zalcitabine,-0.0757203178810152,1613
halcinonide,-0.07584375422095152,1614
afloqualone,-0.07599515313720594,1615
roxithromycin,-0.07611806021239015,1616
rutin,-0.07623843703141757,1617
pentoxifylline,-0.07641379157511283,1618
enzalutamide,-0.07748835553487933,1619
MDL-73005EF,-0.07759965355111882,1620
amtolmetin-guacil,-0.0778010070477575,1621
oxymetazoline,-0.07798219277096964,1622
nicergoline,-0.07799942971623806,1623
darunavir,-0.07805987625498746,1624
erythromycin,-0.0782175009989032,1625
HC-030031,-0.07850693769984435,1626
meclizine,-0.07863253484853265,1627
maxacalcitol,-0.07888870623726964,1628
cromoglicic-acid,-0.0789233151786714,1629
estrone,-0.07892468604344667,1630
thioctic-acid,-0.07895475802977926,1631
pritelivir,-0.07902888180931032,1632
sirolimus,-0.07922161875769713,1633
ALW-II-38-3,-0.07928017806552876,1634
REV-5901,-0.07936943689601843,1635
trimipramine,-0.07966478710536842,1636
rizatriptan,-0.07985625477491305,1637
mepazine,-0.07992850124064983,1638
KIN001-269,-0.08003494580441971,1639
pirenoxine,-0.08005903012823733,1640
etofenamate,-0.08029708198814957,1641
GSK-3-inhibitor-II,-0.08033482230664331,1642
CYT387,-0.08042748306984097,1643
nitrendipine,-0.08045254149534509,1644
lerisetron,-0.0809472809811609,1645
tibolone,-0.08132672564378067,1646
dehydroepiandrosterone,-0.08141702009797731,1647
UNC-0321,-0.08141748781683927,1648
mecamylamine,-0.08142578384608175,1649
firategrast,-0.08149552172672518,1650
A-769662,-0.08162762891600624,1651
GW-843682X,-0.08169771445437342,1652
AT-7519,-0.08178826702449214,1653
SB-683698,-0.08185179918657548,1654
Z160,-0.08188882600572307,1655
alpelisib,-0.08190501708611968,1656
sulforaphane,-0.08192613864611492,1657
latanoprost,-0.08203915751313375,1658
ABT-737,-0.08210553938921901,1659
ingenol-mebutate,-0.08217606833282005,1660
CHIR-99021,-0.0822511079611649,1661
ondansetron,-0.08225505652608474,1662
KI-20227,-0.08230759764070757,1663
dexamethasone-acetate,-0.08241747149129348,1664
sulfafurazole,-0.08242339719074479,1665
NSC-4644,-0.08270993336369631,1666
garcinol,-0.08271266906625475,1667
lenalidomide,-0.08283755910020613,1668
tedizolid,-0.08285712591498572,1669
motesanib,-0.08289325048518746,1670
estramustine,-0.08291077672429831,1671
protirelin,-0.08314095869951761,1672
choline-alfoscerate,-0.08318727117432143,1673
josamycin,-0.08327141493776953,1674
cytisine,-0.0833085682898033,1675
baicalin,-0.08353476975507462,1676
rasagiline,-0.08358939802509197,1677
UNC-1215,-0.08373588297419055,1678
amantadine,-0.0840663512946535,1679
venlafaxine,-0.08464814893195236,1680
cefozopran,-0.08468491599341457,1681
resorcinol,-0.08475324449813143,1682
GSK-J1,-0.08489765818071619,1683
leflunomide,-0.0849117570203207,1684
vismodegib,-0.08508750527285885,1685
bosentan,-0.08524721390420356,1686
ritodrine,-0.08543921531637653,1687
testosterone,-0.08573796982537434,1688
tomelukast,-0.08583038647612873,1689
tiagabine,-0.08617967336373504,1690
CT-7758,-0.08648646031991031,1691
norethindrone,-0.08676179044197174,1692
PIK-93,-0.08688812895376179,1693
triclabendazole,-0.08712240496547796,1694
merimepodib,-0.08717534781738392,1695
pazopanib,-0.08719568405714102,1696
fenobam,-0.08732622500841182,1697
losmapimod,-0.08749459419945099,1698
phensuximide,-0.08777271191135949,1699
tanaproget,-0.08778539348844881,1700
BX-912,-0.08779725767213449,1701
nilotinib,-0.0879969291957502,1702
tiludronate,-0.08805155272659987,1703
enalapril,-0.08867908309382622,1704
chloroxine,-0.08899293426971062,1705
ibudilast,-0.08910370675098571,1706
doxepin,-0.08925455710772452,1707
aminoglutethimide,-0.08946733097593317,1708
noscapine,-0.09031948099149548,1709
SB-239063,-0.0906836726247751,1710
SB-216763,-0.09088082460508781,1711
ginkgetin,-0.09096139449019153,1712
blonanserin,-0.0910055019175352,1713
indobufen,-0.09103965094482641,1714
artesunate,-0.09243371504825178,1715
DU-728,-0.09270562894430777,1716
voreloxin,-0.09287964227330432,1717
ALW-II-49-7,-0.09290013284253115,1718
benzthiazide,-0.09312821151605225,1719
regadenoson,-0.09323098831847308,1720
brivanib,-0.09330073387013553,1721
adapalene,-0.09336301266618656,1722
glasdegib,-0.093978736221981,1723
pyrazolanthrone,-0.09443249938518125,1724
veliparib,-0.09461715362190937,1725
AZD-5438,-0.09482613861966484,1726
CX-5461,-0.09488779862465524,1727
CI-976,-0.09570474783616464,1728
diethylcarbamazine,-0.09584850764272754,1729
edoxudine,-0.09623653327953748,1730
JNK-9L,-0.09648418543873957,1731
OSI-930,-0.09677625720607025,1732
diclofenac,-0.09677919878457904,1733
almitrine,-0.09691663995044605,1734
MC1568,-0.09707332157847799,1735
reparixin,-0.09714496123442704,1736
voglibose,-0.09732084773042568,1737
CP-466722,-0.09754283184933778,1738
olaparib,-0.09755276767236941,1739
fasudil,-0.09756258794689927,1740
vinpocetine,-0.09776606045076407,1741
quinidine,-0.09793550858949447,1742
3-deazaadenosine,-0.09968088460576904,1743
fluorouracil,-0.09991125998651594,1744
tivozanib,-0.10003288129758175,1745
clenbuterol,-0.10027317316317212,1746
doramapimod,-0.10060068440274764,1747
gemcitabine,-0.10060260724156796,1748
THZ-2-98-01,-0.10079205184092915,1749
roscovitine,-0.10233741409362558,1750
moxisylyte,-0.10243681079562247,1751
verteporfin,-0.10270409864803547,1752
topiroxostat,-0.10421889817595914,1753
senicapoc,-0.10429384262649319,1754
GNF-2,-0.10550503266501565,1755
dacarbazine,-0.10600501130208934,1756
doxycycline,-0.10916507652968555,1757
radezolid,-0.11093898837902731,1758
SAR-245408,-0.11195404665001231,1759
isosorbide-mononitrate,-0.11197846820521742,1760
rucaparib,-0.11371353573954339,1761
norethisterone,-0.11500432425143974,1762
fentiazac,-0.11627269668600826,1763
guanaben-acetate,-0.11633742430139352,1764
PLX-4720,-0.1173556085810972,1765
triclosan,-0.11800325665613313,1766
pimobendan,-0.12452290333631785,1767
PHA-767491,-0.18584528973060233,1768
